c,r,m
"<Node id=10740 labels={'Module'} properties={'name': 'module', 'schema': 'FN', 'filename': 'output-code-92', 'schema_version': '0.1.9'}>","<Relationship id=15909 start_node_id=10740 end_node_id=10741 nodes=(10740, 10741) type=Metadata properties={}>","<Node id=10741 labels={'Metadata'} properties={'gromet_version': [''], 'source_language_version': [''], 'variable_definition': [''], 'files': [''], 'source_language': [''], 'global_reference_id': [''], 'data_type': [''], 'name': [''], 'line_end': [131], 'code_file_reference_uid': ['32cee2b2-c398-660d-7af9-3110d680fb4f'], 'line_begin': [1], 'metadata_type': [''], 'text_extraction': [''], 'col_begin': [0], 'grounding': [''], 'variable_identifier': [''], 'provenance': ['Provenance { method: Some(""skema_code2fn_program_analysis""), timestamp: Some(""2024-02-01 21:11:11.401049"") }'], 'col_end': [0], 'value': [''], 'metadata_idx': 3}>"
"<Node id=10740 labels={'Module'} properties={'name': 'module', 'schema': 'FN', 'filename': 'output-code-92', 'schema_version': '0.1.9'}>","<Relationship id=15910 start_node_id=10740 end_node_id=10742 nodes=(10740, 10742) type=Contains properties={'index': 1}>","<Node id=10742 labels={'Expression'} properties={'name': 'Expression0', 'order_att': 1, 'value': '', 'order_box': 1}>"
"<Node id=10742 labels={'Expression'} properties={'name': 'Expression0', 'order_att': 1, 'value': '', 'order_box': 1}>","<Relationship id=15975 start_node_id=10742 end_node_id=10743 nodes=(10742, 10743) type=Port_Of properties={}>","<Node id=10743 labels={'Opo'} properties={'name': 'beta', 'order_att': 1, 'value': '', 'order_box': 1}>"
"<Node id=10740 labels={'Module'} properties={'name': 'module', 'schema': 'FN', 'filename': 'output-code-92', 'schema_version': '0.1.9'}>","<Relationship id=15938 start_node_id=10740 end_node_id=10744 nodes=(10740, 10744) type=Contains properties={}>","<Node id=10744 labels={'Literal'} properties={'name': 'Literal', 'order_att': 1, 'value': {'gromet_type': 'LiteralValue', 'value': '0.2', 'value_type': 'AbstractFloat'}, 'order_box': 1}>"
"<Node id=10743 labels={'Opo'} properties={'name': 'beta', 'order_att': 1, 'value': '', 'order_box': 1}>","<Relationship id=15976 start_node_id=10743 end_node_id=10744 nodes=(10743, 10744) type=Wire properties={}>","<Node id=10744 labels={'Literal'} properties={'name': 'Literal', 'order_att': 1, 'value': {'gromet_type': 'LiteralValue', 'value': '0.2', 'value_type': 'AbstractFloat'}, 'order_box': 1}>"
"<Node id=10740 labels={'Module'} properties={'name': 'module', 'schema': 'FN', 'filename': 'output-code-92', 'schema_version': '0.1.9'}>","<Relationship id=15951 start_node_id=10740 end_node_id=10745 nodes=(10740, 10745) type=Contains properties={'index': 2}>","<Node id=10745 labels={'Expression'} properties={'name': 'Expression5', 'order_att': 2, 'value': '', 'order_box': 2}>"
"<Node id=10745 labels={'Expression'} properties={'name': 'Expression5', 'order_att': 2, 'value': '', 'order_box': 2}>","<Relationship id=16039 start_node_id=10745 end_node_id=10746 nodes=(10745, 10746) type=Port_Of properties={}>","<Node id=10746 labels={'Opo'} properties={'name': 'sigma', 'order_att': 2, 'value': '', 'order_box': 2}>"
"<Node id=10740 labels={'Module'} properties={'name': 'module', 'schema': 'FN', 'filename': 'output-code-92', 'schema_version': '0.1.9'}>","<Relationship id=15960 start_node_id=10740 end_node_id=10747 nodes=(10740, 10747) type=Contains properties={}>","<Node id=10747 labels={'Literal'} properties={'name': 'Literal', 'order_att': 2, 'value': {'gromet_type': 'LiteralValue', 'value': '0.1', 'value_type': 'AbstractFloat'}, 'order_box': 2}>"
"<Node id=10746 labels={'Opo'} properties={'name': 'sigma', 'order_att': 2, 'value': '', 'order_box': 2}>","<Relationship id=16048 start_node_id=10746 end_node_id=10747 nodes=(10746, 10747) type=Wire properties={}>","<Node id=10747 labels={'Literal'} properties={'name': 'Literal', 'order_att': 2, 'value': {'gromet_type': 'LiteralValue', 'value': '0.1', 'value_type': 'AbstractFloat'}, 'order_box': 2}>"
"<Node id=10740 labels={'Module'} properties={'name': 'module', 'schema': 'FN', 'filename': 'output-code-92', 'schema_version': '0.1.9'}>","<Relationship id=15911 start_node_id=10740 end_node_id=10748 nodes=(10740, 10748) type=Contains properties={'index': 3}>","<Node id=10748 labels={'Expression'} properties={'name': 'Expression10', 'order_att': 3, 'value': '', 'order_box': 3}>"
"<Node id=10748 labels={'Expression'} properties={'name': 'Expression10', 'order_att': 3, 'value': '', 'order_box': 3}>","<Relationship id=15978 start_node_id=10748 end_node_id=10749 nodes=(10748, 10749) type=Port_Of properties={}>","<Node id=10749 labels={'Opo'} properties={'name': 'alpha', 'order_att': 3, 'value': '', 'order_box': 3}>"
"<Node id=10740 labels={'Module'} properties={'name': 'module', 'schema': 'FN', 'filename': 'output-code-92', 'schema_version': '0.1.9'}>","<Relationship id=15921 start_node_id=10740 end_node_id=10750 nodes=(10740, 10750) type=Contains properties={}>","<Node id=10750 labels={'Literal'} properties={'name': 'Literal', 'order_att': 3, 'value': {'gromet_type': 'LiteralValue', 'value': '0.1', 'value_type': 'AbstractFloat'}, 'order_box': 3}>"
"<Node id=10749 labels={'Opo'} properties={'name': 'alpha', 'order_att': 3, 'value': '', 'order_box': 3}>","<Relationship id=15985 start_node_id=10749 end_node_id=10750 nodes=(10749, 10750) type=Wire properties={}>","<Node id=10750 labels={'Literal'} properties={'name': 'Literal', 'order_att': 3, 'value': {'gromet_type': 'LiteralValue', 'value': '0.1', 'value_type': 'AbstractFloat'}, 'order_box': 3}>"
"<Node id=10740 labels={'Module'} properties={'name': 'module', 'schema': 'FN', 'filename': 'output-code-92', 'schema_version': '0.1.9'}>","<Relationship id=15936 start_node_id=10740 end_node_id=10751 nodes=(10740, 10751) type=Contains properties={'index': 4}>","<Node id=10751 labels={'Expression'} properties={'name': 'Expression15', 'order_att': 4, 'value': '', 'order_box': 4}>"
"<Node id=10751 labels={'Expression'} properties={'name': 'Expression15', 'order_att': 4, 'value': '', 'order_box': 4}>","<Relationship id=16006 start_node_id=10751 end_node_id=10752 nodes=(10751, 10752) type=Port_Of properties={}>","<Node id=10752 labels={'Opo'} properties={'name': 'rho', 'order_att': 4, 'value': '', 'order_box': 4}>"
"<Node id=10740 labels={'Module'} properties={'name': 'module', 'schema': 'FN', 'filename': 'output-code-92', 'schema_version': '0.1.9'}>","<Relationship id=15937 start_node_id=10740 end_node_id=10753 nodes=(10740, 10753) type=Contains properties={}>","<Node id=10753 labels={'Literal'} properties={'name': 'Literal', 'order_att': 4, 'value': {'gromet_type': 'LiteralValue', 'value': '0.1', 'value_type': 'AbstractFloat'}, 'order_box': 4}>"
"<Node id=10752 labels={'Opo'} properties={'name': 'rho', 'order_att': 4, 'value': '', 'order_box': 4}>","<Relationship id=16007 start_node_id=10752 end_node_id=10753 nodes=(10752, 10753) type=Wire properties={}>","<Node id=10753 labels={'Literal'} properties={'name': 'Literal', 'order_att': 4, 'value': {'gromet_type': 'LiteralValue', 'value': '0.1', 'value_type': 'AbstractFloat'}, 'order_box': 4}>"
"<Node id=10740 labels={'Module'} properties={'name': 'module', 'schema': 'FN', 'filename': 'output-code-92', 'schema_version': '0.1.9'}>","<Relationship id=15939 start_node_id=10740 end_node_id=10754 nodes=(10740, 10754) type=Contains properties={'index': 5}>","<Node id=10754 labels={'Expression'} properties={'name': 'Expression20', 'order_att': 5, 'value': '', 'order_box': 5}>"
"<Node id=10754 labels={'Expression'} properties={'name': 'Expression20', 'order_att': 5, 'value': '', 'order_box': 5}>","<Relationship id=16011 start_node_id=10754 end_node_id=10755 nodes=(10754, 10755) type=Port_Of properties={}>","<Node id=10755 labels={'Opo'} properties={'name': 'lambda_', 'order_att': 5, 'value': '', 'order_box': 5}>"
"<Node id=10740 labels={'Module'} properties={'name': 'module', 'schema': 'FN', 'filename': 'output-code-92', 'schema_version': '0.1.9'}>","<Relationship id=15940 start_node_id=10740 end_node_id=10756 nodes=(10740, 10756) type=Contains properties={}>","<Node id=10756 labels={'Literal'} properties={'name': 'Literal', 'order_att': 5, 'value': {'gromet_type': 'LiteralValue', 'value': '0.1', 'value_type': 'AbstractFloat'}, 'order_box': 5}>"
"<Node id=10755 labels={'Opo'} properties={'name': 'lambda_', 'order_att': 5, 'value': '', 'order_box': 5}>","<Relationship id=16012 start_node_id=10755 end_node_id=10756 nodes=(10755, 10756) type=Wire properties={}>","<Node id=10756 labels={'Literal'} properties={'name': 'Literal', 'order_att': 5, 'value': {'gromet_type': 'LiteralValue', 'value': '0.1', 'value_type': 'AbstractFloat'}, 'order_box': 5}>"
"<Node id=10740 labels={'Module'} properties={'name': 'module', 'schema': 'FN', 'filename': 'output-code-92', 'schema_version': '0.1.9'}>","<Relationship id=15941 start_node_id=10740 end_node_id=10757 nodes=(10740, 10757) type=Contains properties={'index': 6}>","<Node id=10757 labels={'Expression'} properties={'name': 'Expression25', 'order_att': 6, 'value': '', 'order_box': 6}>"
"<Node id=10757 labels={'Expression'} properties={'name': 'Expression25', 'order_att': 6, 'value': '', 'order_box': 6}>","<Relationship id=16015 start_node_id=10757 end_node_id=10758 nodes=(10757, 10758) type=Port_Of properties={}>","<Node id=10758 labels={'Opo'} properties={'name': 'gamma', 'order_att': 6, 'value': '', 'order_box': 6}>"
"<Node id=10740 labels={'Module'} properties={'name': 'module', 'schema': 'FN', 'filename': 'output-code-92', 'schema_version': '0.1.9'}>","<Relationship id=15942 start_node_id=10740 end_node_id=10759 nodes=(10740, 10759) type=Contains properties={}>","<Node id=10759 labels={'Literal'} properties={'name': 'Literal', 'order_att': 6, 'value': {'gromet_type': 'LiteralValue', 'value': '0.05', 'value_type': 'AbstractFloat'}, 'order_box': 6}>"
"<Node id=10758 labels={'Opo'} properties={'name': 'gamma', 'order_att': 6, 'value': '', 'order_box': 6}>","<Relationship id=16016 start_node_id=10758 end_node_id=10759 nodes=(10758, 10759) type=Wire properties={}>","<Node id=10759 labels={'Literal'} properties={'name': 'Literal', 'order_att': 6, 'value': {'gromet_type': 'LiteralValue', 'value': '0.05', 'value_type': 'AbstractFloat'}, 'order_box': 6}>"
"<Node id=10740 labels={'Module'} properties={'name': 'module', 'schema': 'FN', 'filename': 'output-code-92', 'schema_version': '0.1.9'}>","<Relationship id=15943 start_node_id=10740 end_node_id=10760 nodes=(10740, 10760) type=Contains properties={'index': 7}>","<Node id=10760 labels={'Expression'} properties={'name': 'Expression30', 'order_att': 7, 'value': '', 'order_box': 7}>"
"<Node id=10760 labels={'Expression'} properties={'name': 'Expression30', 'order_att': 7, 'value': '', 'order_box': 7}>","<Relationship id=16019 start_node_id=10760 end_node_id=10761 nodes=(10760, 10761) type=Port_Of properties={}>","<Node id=10761 labels={'Opo'} properties={'name': 'epsilon', 'order_att': 7, 'value': '', 'order_box': 7}>"
"<Node id=10740 labels={'Module'} properties={'name': 'module', 'schema': 'FN', 'filename': 'output-code-92', 'schema_version': '0.1.9'}>","<Relationship id=15944 start_node_id=10740 end_node_id=10762 nodes=(10740, 10762) type=Contains properties={}>","<Node id=10762 labels={'Literal'} properties={'name': 'Literal', 'order_att': 7, 'value': {'gromet_type': 'LiteralValue', 'value': '0.01', 'value_type': 'AbstractFloat'}, 'order_box': 7}>"
"<Node id=10761 labels={'Opo'} properties={'name': 'epsilon', 'order_att': 7, 'value': '', 'order_box': 7}>","<Relationship id=16020 start_node_id=10761 end_node_id=10762 nodes=(10761, 10762) type=Wire properties={}>","<Node id=10762 labels={'Literal'} properties={'name': 'Literal', 'order_att': 7, 'value': {'gromet_type': 'LiteralValue', 'value': '0.01', 'value_type': 'AbstractFloat'}, 'order_box': 7}>"
"<Node id=10740 labels={'Module'} properties={'name': 'module', 'schema': 'FN', 'filename': 'output-code-92', 'schema_version': '0.1.9'}>","<Relationship id=15945 start_node_id=10740 end_node_id=10763 nodes=(10740, 10763) type=Contains properties={'index': 8}>","<Node id=10763 labels={'Expression'} properties={'name': 'Expression35', 'order_att': 8, 'value': '', 'order_box': 8}>"
"<Node id=10763 labels={'Expression'} properties={'name': 'Expression35', 'order_att': 8, 'value': '', 'order_box': 8}>","<Relationship id=16023 start_node_id=10763 end_node_id=10764 nodes=(10763, 10764) type=Port_Of properties={}>","<Node id=10764 labels={'Opo'} properties={'name': 'N', 'order_att': 8, 'value': '', 'order_box': 8}>"
"<Node id=10768 labels={'Opi'} properties={'name': 'un-named', 'order_att': 9, 'value': '', 'order_box': 9}>","<Relationship id=16030 start_node_id=10768 end_node_id=10764 nodes=(10768, 10764) type=Wire properties={}>","<Node id=10764 labels={'Opo'} properties={'name': 'N', 'order_att': 8, 'value': '', 'order_box': 8}>"
"<Node id=10740 labels={'Module'} properties={'name': 'module', 'schema': 'FN', 'filename': 'output-code-92', 'schema_version': '0.1.9'}>","<Relationship id=15946 start_node_id=10740 end_node_id=10765 nodes=(10740, 10765) type=Contains properties={}>","<Node id=10765 labels={'Literal'} properties={'name': 'Literal', 'order_att': 8, 'value': {'gromet_type': 'LiteralValue', 'value': '1000', 'value_type': 'Integer'}, 'order_box': 8}>"
"<Node id=10764 labels={'Opo'} properties={'name': 'N', 'order_att': 8, 'value': '', 'order_box': 8}>","<Relationship id=16024 start_node_id=10764 end_node_id=10765 nodes=(10764, 10765) type=Wire properties={}>","<Node id=10765 labels={'Literal'} properties={'name': 'Literal', 'order_att': 8, 'value': {'gromet_type': 'LiteralValue', 'value': '1000', 'value_type': 'Integer'}, 'order_box': 8}>"
"<Node id=10740 labels={'Module'} properties={'name': 'module', 'schema': 'FN', 'filename': 'output-code-92', 'schema_version': '0.1.9'}>","<Relationship id=15947 start_node_id=10740 end_node_id=10766 nodes=(10740, 10766) type=Contains properties={'index': 9}>","<Node id=10766 labels={'Expression'} properties={'name': 'Expression40', 'order_att': 9, 'value': '', 'order_box': 9}>"
"<Node id=10766 labels={'Expression'} properties={'name': 'Expression40', 'order_att': 9, 'value': '', 'order_box': 9}>","<Relationship id=16027 start_node_id=10766 end_node_id=10767 nodes=(10766, 10767) type=Port_Of properties={}>","<Node id=10767 labels={'Opo'} properties={'name': 'S0', 'order_att': 9, 'value': '', 'order_box': 9}>"
"<Node id=10766 labels={'Expression'} properties={'name': 'Expression40', 'order_att': 9, 'value': '', 'order_box': 9}>","<Relationship id=16028 start_node_id=10766 end_node_id=10768 nodes=(10766, 10768) type=Port_Of properties={}>","<Node id=10768 labels={'Opi'} properties={'name': 'un-named', 'order_att': 9, 'value': '', 'order_box': 9}>"
"<Node id=10770 labels={'Primitive'} properties={'name': 'ast.Sub', 'order_att': 9, 'value': '', 'order_box': 9}>","<Relationship id=16033 start_node_id=10770 end_node_id=10768 nodes=(10770, 10768) type=Wire properties={'index': 0}>","<Node id=10768 labels={'Opi'} properties={'name': 'un-named', 'order_att': 9, 'value': '', 'order_box': 9}>"
"<Node id=10740 labels={'Module'} properties={'name': 'module', 'schema': 'FN', 'filename': 'output-code-92', 'schema_version': '0.1.9'}>","<Relationship id=15948 start_node_id=10740 end_node_id=10769 nodes=(10740, 10769) type=Contains properties={}>","<Node id=10769 labels={'Literal'} properties={'name': 'Literal', 'order_att': 9, 'value': {'gromet_type': 'LiteralValue', 'value': '1', 'value_type': 'Integer'}, 'order_box': 9}>"
"<Node id=10770 labels={'Primitive'} properties={'name': 'ast.Sub', 'order_att': 9, 'value': '', 'order_box': 9}>","<Relationship id=16034 start_node_id=10770 end_node_id=10769 nodes=(10770, 10769) type=Wire properties={'index': 1}>","<Node id=10769 labels={'Literal'} properties={'name': 'Literal', 'order_att': 9, 'value': {'gromet_type': 'LiteralValue', 'value': '1', 'value_type': 'Integer'}, 'order_box': 9}>"
"<Node id=10740 labels={'Module'} properties={'name': 'module', 'schema': 'FN', 'filename': 'output-code-92', 'schema_version': '0.1.9'}>","<Relationship id=15949 start_node_id=10740 end_node_id=10770 nodes=(10740, 10770) type=Contains properties={}>","<Node id=10770 labels={'Primitive'} properties={'name': 'ast.Sub', 'order_att': 9, 'value': '', 'order_box': 9}>"
"<Node id=10767 labels={'Opo'} properties={'name': 'S0', 'order_att': 9, 'value': '', 'order_box': 9}>","<Relationship id=16029 start_node_id=10767 end_node_id=10770 nodes=(10767, 10770) type=Wire properties={}>","<Node id=10770 labels={'Primitive'} properties={'name': 'ast.Sub', 'order_att': 9, 'value': '', 'order_box': 9}>"
"<Node id=10740 labels={'Module'} properties={'name': 'module', 'schema': 'FN', 'filename': 'output-code-92', 'schema_version': '0.1.9'}>","<Relationship id=15950 start_node_id=10740 end_node_id=10771 nodes=(10740, 10771) type=Contains properties={'index': 10}>","<Node id=10771 labels={'Expression'} properties={'name': 'Expression48', 'order_att': 10, 'value': '', 'order_box': 10}>"
"<Node id=10771 labels={'Expression'} properties={'name': 'Expression48', 'order_att': 10, 'value': '', 'order_box': 10}>","<Relationship id=16036 start_node_id=10771 end_node_id=10772 nodes=(10771, 10772) type=Port_Of properties={}>","<Node id=10772 labels={'Opo'} properties={'name': 'I0', 'order_att': 10, 'value': '', 'order_box': 10}>"
"<Node id=10740 labels={'Module'} properties={'name': 'module', 'schema': 'FN', 'filename': 'output-code-92', 'schema_version': '0.1.9'}>","<Relationship id=15952 start_node_id=10740 end_node_id=10773 nodes=(10740, 10773) type=Contains properties={}>","<Node id=10773 labels={'Literal'} properties={'name': 'Literal', 'order_att': 10, 'value': {'gromet_type': 'LiteralValue', 'value': '1', 'value_type': 'Integer'}, 'order_box': 10}>"
"<Node id=10772 labels={'Opo'} properties={'name': 'I0', 'order_att': 10, 'value': '', 'order_box': 10}>","<Relationship id=16037 start_node_id=10772 end_node_id=10773 nodes=(10772, 10773) type=Wire properties={}>","<Node id=10773 labels={'Literal'} properties={'name': 'Literal', 'order_att': 10, 'value': {'gromet_type': 'LiteralValue', 'value': '1', 'value_type': 'Integer'}, 'order_box': 10}>"
"<Node id=10740 labels={'Module'} properties={'name': 'module', 'schema': 'FN', 'filename': 'output-code-92', 'schema_version': '0.1.9'}>","<Relationship id=15953 start_node_id=10740 end_node_id=10774 nodes=(10740, 10774) type=Contains properties={'index': 11}>","<Node id=10774 labels={'Expression'} properties={'name': 'Expression53', 'order_att': 11, 'value': '', 'order_box': 11}>"
"<Node id=10774 labels={'Expression'} properties={'name': 'Expression53', 'order_att': 11, 'value': '', 'order_box': 11}>","<Relationship id=16042 start_node_id=10774 end_node_id=10775 nodes=(10774, 10775) type=Port_Of properties={}>","<Node id=10775 labels={'Opo'} properties={'name': 'D0', 'order_att': 11, 'value': '', 'order_box': 11}>"
"<Node id=10740 labels={'Module'} properties={'name': 'module', 'schema': 'FN', 'filename': 'output-code-92', 'schema_version': '0.1.9'}>","<Relationship id=15954 start_node_id=10740 end_node_id=10776 nodes=(10740, 10776) type=Contains properties={}>","<Node id=10776 labels={'Literal'} properties={'name': 'Literal', 'order_att': 11, 'value': {'gromet_type': 'LiteralValue', 'value': '0', 'value_type': 'Integer'}, 'order_box': 11}>"
"<Node id=10775 labels={'Opo'} properties={'name': 'D0', 'order_att': 11, 'value': '', 'order_box': 11}>","<Relationship id=16043 start_node_id=10775 end_node_id=10776 nodes=(10775, 10776) type=Wire properties={}>","<Node id=10776 labels={'Literal'} properties={'name': 'Literal', 'order_att': 11, 'value': {'gromet_type': 'LiteralValue', 'value': '0', 'value_type': 'Integer'}, 'order_box': 11}>"
"<Node id=10740 labels={'Module'} properties={'name': 'module', 'schema': 'FN', 'filename': 'output-code-92', 'schema_version': '0.1.9'}>","<Relationship id=15955 start_node_id=10740 end_node_id=10777 nodes=(10740, 10777) type=Contains properties={'index': 12}>","<Node id=10777 labels={'Expression'} properties={'name': 'Expression58', 'order_att': 12, 'value': '', 'order_box': 12}>"
"<Node id=10777 labels={'Expression'} properties={'name': 'Expression58', 'order_att': 12, 'value': '', 'order_box': 12}>","<Relationship id=16046 start_node_id=10777 end_node_id=10778 nodes=(10777, 10778) type=Port_Of properties={}>","<Node id=10778 labels={'Opo'} properties={'name': 'R0', 'order_att': 12, 'value': '', 'order_box': 12}>"
"<Node id=10740 labels={'Module'} properties={'name': 'module', 'schema': 'FN', 'filename': 'output-code-92', 'schema_version': '0.1.9'}>","<Relationship id=15956 start_node_id=10740 end_node_id=10779 nodes=(10740, 10779) type=Contains properties={}>","<Node id=10779 labels={'Literal'} properties={'name': 'Literal', 'order_att': 12, 'value': {'gromet_type': 'LiteralValue', 'value': '0', 'value_type': 'Integer'}, 'order_box': 12}>"
"<Node id=10778 labels={'Opo'} properties={'name': 'R0', 'order_att': 12, 'value': '', 'order_box': 12}>","<Relationship id=16047 start_node_id=10778 end_node_id=10779 nodes=(10778, 10779) type=Wire properties={}>","<Node id=10779 labels={'Literal'} properties={'name': 'Literal', 'order_att': 12, 'value': {'gromet_type': 'LiteralValue', 'value': '0', 'value_type': 'Integer'}, 'order_box': 12}>"
"<Node id=10740 labels={'Module'} properties={'name': 'module', 'schema': 'FN', 'filename': 'output-code-92', 'schema_version': '0.1.9'}>","<Relationship id=15957 start_node_id=10740 end_node_id=10780 nodes=(10740, 10780) type=Contains properties={'index': 13}>","<Node id=10780 labels={'Expression'} properties={'name': 'Expression63', 'order_att': 13, 'value': '', 'order_box': 13}>"
"<Node id=10780 labels={'Expression'} properties={'name': 'Expression63', 'order_att': 13, 'value': '', 'order_box': 13}>","<Relationship id=16051 start_node_id=10780 end_node_id=10781 nodes=(10780, 10781) type=Port_Of properties={}>","<Node id=10781 labels={'Opo'} properties={'name': 'E0', 'order_att': 13, 'value': '', 'order_box': 13}>"
"<Node id=10740 labels={'Module'} properties={'name': 'module', 'schema': 'FN', 'filename': 'output-code-92', 'schema_version': '0.1.9'}>","<Relationship id=15958 start_node_id=10740 end_node_id=10782 nodes=(10740, 10782) type=Contains properties={}>","<Node id=10782 labels={'Literal'} properties={'name': 'Literal', 'order_att': 13, 'value': {'gromet_type': 'LiteralValue', 'value': '0', 'value_type': 'Integer'}, 'order_box': 13}>"
"<Node id=10781 labels={'Opo'} properties={'name': 'E0', 'order_att': 13, 'value': '', 'order_box': 13}>","<Relationship id=16052 start_node_id=10781 end_node_id=10782 nodes=(10781, 10782) type=Wire properties={}>","<Node id=10782 labels={'Literal'} properties={'name': 'Literal', 'order_att': 13, 'value': {'gromet_type': 'LiteralValue', 'value': '0', 'value_type': 'Integer'}, 'order_box': 13}>"
"<Node id=10740 labels={'Module'} properties={'name': 'module', 'schema': 'FN', 'filename': 'output-code-92', 'schema_version': '0.1.9'}>","<Relationship id=15959 start_node_id=10740 end_node_id=10783 nodes=(10740, 10783) type=Contains properties={'index': 14}>","<Node id=10783 labels={'Expression'} properties={'name': 'Expression68', 'order_att': 14, 'value': '', 'order_box': 14}>"
"<Node id=10783 labels={'Expression'} properties={'name': 'Expression68', 'order_att': 14, 'value': '', 'order_box': 14}>","<Relationship id=16055 start_node_id=10783 end_node_id=10784 nodes=(10783, 10784) type=Port_Of properties={}>","<Node id=10784 labels={'Opo'} properties={'name': 't0', 'order_att': 14, 'value': '', 'order_box': 14}>"
"<Node id=10740 labels={'Module'} properties={'name': 'module', 'schema': 'FN', 'filename': 'output-code-92', 'schema_version': '0.1.9'}>","<Relationship id=15961 start_node_id=10740 end_node_id=10785 nodes=(10740, 10785) type=Contains properties={}>","<Node id=10785 labels={'Literal'} properties={'name': 'Literal', 'order_att': 14, 'value': {'gromet_type': 'LiteralValue', 'value': '0', 'value_type': 'Integer'}, 'order_box': 14}>"
"<Node id=10784 labels={'Opo'} properties={'name': 't0', 'order_att': 14, 'value': '', 'order_box': 14}>","<Relationship id=16056 start_node_id=10784 end_node_id=10785 nodes=(10784, 10785) type=Wire properties={}>","<Node id=10785 labels={'Literal'} properties={'name': 'Literal', 'order_att': 14, 'value': {'gromet_type': 'LiteralValue', 'value': '0', 'value_type': 'Integer'}, 'order_box': 14}>"
"<Node id=10740 labels={'Module'} properties={'name': 'module', 'schema': 'FN', 'filename': 'output-code-92', 'schema_version': '0.1.9'}>","<Relationship id=15962 start_node_id=10740 end_node_id=10786 nodes=(10740, 10786) type=Contains properties={}>","<Node id=10786 labels={'Primitive'} properties={'name': 'simulate_id97', 'order_att': 0, 'value': '', 'order_box': 15}>"
"<Node id=10740 labels={'Module'} properties={'name': 'module', 'schema': 'FN', 'filename': 'output-code-92', 'schema_version': '0.1.9'}>","<Relationship id=15963 start_node_id=10740 end_node_id=10787 nodes=(10740, 10787) type=Contains properties={}>","<Node id=10787 labels={'Literal'} properties={'name': 'Literal', 'order_att': 0, 'value': {'gromet_type': 'LiteralValue', 'value': '0.1', 'value_type': 'AbstractFloat'}, 'order_box': 16}>"
"<Node id=10740 labels={'Module'} properties={'name': 'module', 'schema': 'FN', 'filename': 'output-code-92', 'schema_version': '0.1.9'}>","<Relationship id=15964 start_node_id=10740 end_node_id=10788 nodes=(10740, 10788) type=Contains properties={}>","<Node id=10788 labels={'Literal'} properties={'name': 'Literal', 'order_att': 0, 'value': {'gromet_type': 'LiteralValue', 'value': '100', 'value_type': 'Integer'}, 'order_box': 17}>"
"<Node id=10740 labels={'Module'} properties={'name': 'module', 'schema': 'FN', 'filename': 'output-code-92', 'schema_version': '0.1.9'}>","<Relationship id=15965 start_node_id=10740 end_node_id=10789 nodes=(10740, 10789) type=Contains properties={}>","<Node id=10789 labels={'Primitive'} properties={'name': 'plot', 'order_att': 0, 'value': '', 'order_box': 19}>"
"<Node id=10740 labels={'Module'} properties={'name': 'module', 'schema': 'FN', 'filename': 'output-code-92', 'schema_version': '0.1.9'}>","<Relationship id=15966 start_node_id=10740 end_node_id=10790 nodes=(10740, 10790) type=Contains properties={}>","<Node id=10790 labels={'Primitive'} properties={'name': 'module.plot_0', 'order_att': 0, 'value': '', 'order_box': 20}>"
"<Node id=10740 labels={'Module'} properties={'name': 'module', 'schema': 'FN', 'filename': 'output-code-92', 'schema_version': '0.1.9'}>","<Relationship id=15967 start_node_id=10740 end_node_id=10791 nodes=(10740, 10791) type=Contains properties={'index': 67}>","<Node id=10791 labels={'Expression'} properties={'name': 'Expression84', 'order_att': 67, 'value': '', 'order_box': 21}>"
"<Node id=10791 labels={'Expression'} properties={'name': 'Expression84', 'order_att': 67, 'value': '', 'order_box': 21}>","<Relationship id=16064 start_node_id=10791 end_node_id=10792 nodes=(10791, 10792) type=Port_Of properties={}>","<Node id=10792 labels={'Opo'} properties={'name': 'label', 'order_att': 67, 'value': '', 'order_box': 21}>"
"<Node id=10740 labels={'Module'} properties={'name': 'module', 'schema': 'FN', 'filename': 'output-code-92', 'schema_version': '0.1.9'}>","<Relationship id=15968 start_node_id=10740 end_node_id=10793 nodes=(10740, 10793) type=Contains properties={}>","<Node id=10793 labels={'Literal'} properties={'name': 'Literal', 'order_att': 67, 'value': {'gromet_type': 'LiteralValue', 'value': '""S""', 'value_type': 'List'}, 'order_box': 21}>"
"<Node id=10792 labels={'Opo'} properties={'name': 'label', 'order_att': 67, 'value': '', 'order_box': 21}>","<Relationship id=16065 start_node_id=10792 end_node_id=10793 nodes=(10792, 10793) type=Wire properties={}>","<Node id=10793 labels={'Literal'} properties={'name': 'Literal', 'order_att': 67, 'value': {'gromet_type': 'LiteralValue', 'value': '""S""', 'value_type': 'List'}, 'order_box': 21}>"
"<Node id=10740 labels={'Module'} properties={'name': 'module', 'schema': 'FN', 'filename': 'output-code-92', 'schema_version': '0.1.9'}>","<Relationship id=15969 start_node_id=10740 end_node_id=10794 nodes=(10740, 10794) type=Contains properties={}>","<Node id=10794 labels={'Primitive'} properties={'name': 'module.plot_1', 'order_att': 0, 'value': '', 'order_box': 22}>"
"<Node id=10740 labels={'Module'} properties={'name': 'module', 'schema': 'FN', 'filename': 'output-code-92', 'schema_version': '0.1.9'}>","<Relationship id=15970 start_node_id=10740 end_node_id=10795 nodes=(10740, 10795) type=Contains properties={'index': 69}>","<Node id=10795 labels={'Expression'} properties={'name': 'Expression91', 'order_att': 69, 'value': '', 'order_box': 23}>"
"<Node id=10795 labels={'Expression'} properties={'name': 'Expression91', 'order_att': 69, 'value': '', 'order_box': 23}>","<Relationship id=16069 start_node_id=10795 end_node_id=10796 nodes=(10795, 10796) type=Port_Of properties={}>","<Node id=10796 labels={'Opo'} properties={'name': 'label', 'order_att': 69, 'value': '', 'order_box': 23}>"
"<Node id=10740 labels={'Module'} properties={'name': 'module', 'schema': 'FN', 'filename': 'output-code-92', 'schema_version': '0.1.9'}>","<Relationship id=15971 start_node_id=10740 end_node_id=10797 nodes=(10740, 10797) type=Contains properties={}>","<Node id=10797 labels={'Literal'} properties={'name': 'Literal', 'order_att': 69, 'value': {'gromet_type': 'LiteralValue', 'value': '""E""', 'value_type': 'List'}, 'order_box': 23}>"
"<Node id=10796 labels={'Opo'} properties={'name': 'label', 'order_att': 69, 'value': '', 'order_box': 23}>","<Relationship id=16070 start_node_id=10796 end_node_id=10797 nodes=(10796, 10797) type=Wire properties={}>","<Node id=10797 labels={'Literal'} properties={'name': 'Literal', 'order_att': 69, 'value': {'gromet_type': 'LiteralValue', 'value': '""E""', 'value_type': 'List'}, 'order_box': 23}>"
"<Node id=10740 labels={'Module'} properties={'name': 'module', 'schema': 'FN', 'filename': 'output-code-92', 'schema_version': '0.1.9'}>","<Relationship id=15972 start_node_id=10740 end_node_id=10798 nodes=(10740, 10798) type=Contains properties={}>","<Node id=10798 labels={'Primitive'} properties={'name': 'module.plot_2', 'order_att': 0, 'value': '', 'order_box': 24}>"
"<Node id=10740 labels={'Module'} properties={'name': 'module', 'schema': 'FN', 'filename': 'output-code-92', 'schema_version': '0.1.9'}>","<Relationship id=15973 start_node_id=10740 end_node_id=10799 nodes=(10740, 10799) type=Contains properties={'index': 71}>","<Node id=10799 labels={'Expression'} properties={'name': 'Expression98', 'order_att': 71, 'value': '', 'order_box': 25}>"
"<Node id=10799 labels={'Expression'} properties={'name': 'Expression98', 'order_att': 71, 'value': '', 'order_box': 25}>","<Relationship id=16074 start_node_id=10799 end_node_id=10800 nodes=(10799, 10800) type=Port_Of properties={}>","<Node id=10800 labels={'Opo'} properties={'name': 'label', 'order_att': 71, 'value': '', 'order_box': 25}>"
"<Node id=10740 labels={'Module'} properties={'name': 'module', 'schema': 'FN', 'filename': 'output-code-92', 'schema_version': '0.1.9'}>","<Relationship id=15912 start_node_id=10740 end_node_id=10801 nodes=(10740, 10801) type=Contains properties={}>","<Node id=10801 labels={'Literal'} properties={'name': 'Literal', 'order_att': 71, 'value': {'gromet_type': 'LiteralValue', 'value': '""I""', 'value_type': 'List'}, 'order_box': 25}>"
"<Node id=10800 labels={'Opo'} properties={'name': 'label', 'order_att': 71, 'value': '', 'order_box': 25}>","<Relationship id=16075 start_node_id=10800 end_node_id=10801 nodes=(10800, 10801) type=Wire properties={}>","<Node id=10801 labels={'Literal'} properties={'name': 'Literal', 'order_att': 71, 'value': {'gromet_type': 'LiteralValue', 'value': '""I""', 'value_type': 'List'}, 'order_box': 25}>"
"<Node id=10740 labels={'Module'} properties={'name': 'module', 'schema': 'FN', 'filename': 'output-code-92', 'schema_version': '0.1.9'}>","<Relationship id=15913 start_node_id=10740 end_node_id=10802 nodes=(10740, 10802) type=Contains properties={}>","<Node id=10802 labels={'Primitive'} properties={'name': 'module.plot_3', 'order_att': 0, 'value': '', 'order_box': 26}>"
"<Node id=10740 labels={'Module'} properties={'name': 'module', 'schema': 'FN', 'filename': 'output-code-92', 'schema_version': '0.1.9'}>","<Relationship id=15914 start_node_id=10740 end_node_id=10803 nodes=(10740, 10803) type=Contains properties={'index': 73}>","<Node id=10803 labels={'Expression'} properties={'name': 'Expression105', 'order_att': 73, 'value': '', 'order_box': 27}>"
"<Node id=10803 labels={'Expression'} properties={'name': 'Expression105', 'order_att': 73, 'value': '', 'order_box': 27}>","<Relationship id=15982 start_node_id=10803 end_node_id=10804 nodes=(10803, 10804) type=Port_Of properties={}>","<Node id=10804 labels={'Opo'} properties={'name': 'label', 'order_att': 73, 'value': '', 'order_box': 27}>"
"<Node id=10740 labels={'Module'} properties={'name': 'module', 'schema': 'FN', 'filename': 'output-code-92', 'schema_version': '0.1.9'}>","<Relationship id=15915 start_node_id=10740 end_node_id=10805 nodes=(10740, 10805) type=Contains properties={}>","<Node id=10805 labels={'Literal'} properties={'name': 'Literal', 'order_att': 73, 'value': {'gromet_type': 'LiteralValue', 'value': '""D""', 'value_type': 'List'}, 'order_box': 27}>"
"<Node id=10804 labels={'Opo'} properties={'name': 'label', 'order_att': 73, 'value': '', 'order_box': 27}>","<Relationship id=15983 start_node_id=10804 end_node_id=10805 nodes=(10804, 10805) type=Wire properties={}>","<Node id=10805 labels={'Literal'} properties={'name': 'Literal', 'order_att': 73, 'value': {'gromet_type': 'LiteralValue', 'value': '""D""', 'value_type': 'List'}, 'order_box': 27}>"
"<Node id=10740 labels={'Module'} properties={'name': 'module', 'schema': 'FN', 'filename': 'output-code-92', 'schema_version': '0.1.9'}>","<Relationship id=15916 start_node_id=10740 end_node_id=10806 nodes=(10740, 10806) type=Contains properties={}>","<Node id=10806 labels={'Primitive'} properties={'name': 'module.plot_4', 'order_att': 0, 'value': '', 'order_box': 28}>"
"<Node id=10740 labels={'Module'} properties={'name': 'module', 'schema': 'FN', 'filename': 'output-code-92', 'schema_version': '0.1.9'}>","<Relationship id=15917 start_node_id=10740 end_node_id=10807 nodes=(10740, 10807) type=Contains properties={'index': 75}>","<Node id=10807 labels={'Expression'} properties={'name': 'Expression112', 'order_att': 75, 'value': '', 'order_box': 29}>"
"<Node id=10807 labels={'Expression'} properties={'name': 'Expression112', 'order_att': 75, 'value': '', 'order_box': 29}>","<Relationship id=15988 start_node_id=10807 end_node_id=10808 nodes=(10807, 10808) type=Port_Of properties={}>","<Node id=10808 labels={'Opo'} properties={'name': 'label', 'order_att': 75, 'value': '', 'order_box': 29}>"
"<Node id=10740 labels={'Module'} properties={'name': 'module', 'schema': 'FN', 'filename': 'output-code-92', 'schema_version': '0.1.9'}>","<Relationship id=15918 start_node_id=10740 end_node_id=10809 nodes=(10740, 10809) type=Contains properties={}>","<Node id=10809 labels={'Literal'} properties={'name': 'Literal', 'order_att': 75, 'value': {'gromet_type': 'LiteralValue', 'value': '""R""', 'value_type': 'List'}, 'order_box': 29}>"
"<Node id=10808 labels={'Opo'} properties={'name': 'label', 'order_att': 75, 'value': '', 'order_box': 29}>","<Relationship id=15989 start_node_id=10808 end_node_id=10809 nodes=(10808, 10809) type=Wire properties={}>","<Node id=10809 labels={'Literal'} properties={'name': 'Literal', 'order_att': 75, 'value': {'gromet_type': 'LiteralValue', 'value': '""R""', 'value_type': 'List'}, 'order_box': 29}>"
"<Node id=10740 labels={'Module'} properties={'name': 'module', 'schema': 'FN', 'filename': 'output-code-92', 'schema_version': '0.1.9'}>","<Relationship id=15919 start_node_id=10740 end_node_id=10810 nodes=(10740, 10810) type=Contains properties={}>","<Node id=10810 labels={'Primitive'} properties={'name': 'module.plot_5', 'order_att': 0, 'value': '', 'order_box': 30}>"
"<Node id=10740 labels={'Module'} properties={'name': 'module', 'schema': 'FN', 'filename': 'output-code-92', 'schema_version': '0.1.9'}>","<Relationship id=15920 start_node_id=10740 end_node_id=10811 nodes=(10740, 10811) type=Contains properties={'index': 77}>","<Node id=10811 labels={'Expression'} properties={'name': 'Expression119', 'order_att': 77, 'value': '', 'order_box': 31}>"
"<Node id=10811 labels={'Expression'} properties={'name': 'Expression119', 'order_att': 77, 'value': '', 'order_box': 31}>","<Relationship id=15993 start_node_id=10811 end_node_id=10812 nodes=(10811, 10812) type=Port_Of properties={}>","<Node id=10812 labels={'Opo'} properties={'name': 'label', 'order_att': 77, 'value': '', 'order_box': 31}>"
"<Node id=10740 labels={'Module'} properties={'name': 'module', 'schema': 'FN', 'filename': 'output-code-92', 'schema_version': '0.1.9'}>","<Relationship id=15922 start_node_id=10740 end_node_id=10813 nodes=(10740, 10813) type=Contains properties={}>","<Node id=10813 labels={'Literal'} properties={'name': 'Literal', 'order_att': 77, 'value': {'gromet_type': 'LiteralValue', 'value': '""A""', 'value_type': 'List'}, 'order_box': 31}>"
"<Node id=10812 labels={'Opo'} properties={'name': 'label', 'order_att': 77, 'value': '', 'order_box': 31}>","<Relationship id=15995 start_node_id=10812 end_node_id=10813 nodes=(10812, 10813) type=Wire properties={}>","<Node id=10813 labels={'Literal'} properties={'name': 'Literal', 'order_att': 77, 'value': {'gromet_type': 'LiteralValue', 'value': '""A""', 'value_type': 'List'}, 'order_box': 31}>"
"<Node id=10740 labels={'Module'} properties={'name': 'module', 'schema': 'FN', 'filename': 'output-code-92', 'schema_version': '0.1.9'}>","<Relationship id=15923 start_node_id=10740 end_node_id=10814 nodes=(10740, 10814) type=Contains properties={}>","<Node id=10814 labels={'Primitive'} properties={'name': 'xlabel', 'order_att': 0, 'value': '', 'order_box': 32}>"
"<Node id=10740 labels={'Module'} properties={'name': 'module', 'schema': 'FN', 'filename': 'output-code-92', 'schema_version': '0.1.9'}>","<Relationship id=15924 start_node_id=10740 end_node_id=10815 nodes=(10740, 10815) type=Contains properties={}>","<Node id=10815 labels={'Primitive'} properties={'name': 'module.xlabel_0', 'order_att': 0, 'value': '', 'order_box': 33}>"
"<Node id=10740 labels={'Module'} properties={'name': 'module', 'schema': 'FN', 'filename': 'output-code-92', 'schema_version': '0.1.9'}>","<Relationship id=15925 start_node_id=10740 end_node_id=10816 nodes=(10740, 10816) type=Contains properties={}>","<Node id=10816 labels={'Literal'} properties={'name': 'Literal', 'order_att': 0, 'value': {'gromet_type': 'LiteralValue', 'value': '""Time""', 'value_type': 'List'}, 'order_box': 34}>"
"<Node id=10740 labels={'Module'} properties={'name': 'module', 'schema': 'FN', 'filename': 'output-code-92', 'schema_version': '0.1.9'}>","<Relationship id=15926 start_node_id=10740 end_node_id=10817 nodes=(10740, 10817) type=Contains properties={}>","<Node id=10817 labels={'Primitive'} properties={'name': 'ylabel', 'order_att': 0, 'value': '', 'order_box': 35}>"
"<Node id=10740 labels={'Module'} properties={'name': 'module', 'schema': 'FN', 'filename': 'output-code-92', 'schema_version': '0.1.9'}>","<Relationship id=15927 start_node_id=10740 end_node_id=10818 nodes=(10740, 10818) type=Contains properties={}>","<Node id=10818 labels={'Primitive'} properties={'name': 'module.ylabel_0', 'order_att': 0, 'value': '', 'order_box': 36}>"
"<Node id=10740 labels={'Module'} properties={'name': 'module', 'schema': 'FN', 'filename': 'output-code-92', 'schema_version': '0.1.9'}>","<Relationship id=15928 start_node_id=10740 end_node_id=10819 nodes=(10740, 10819) type=Contains properties={}>","<Node id=10819 labels={'Literal'} properties={'name': 'Literal', 'order_att': 0, 'value': {'gromet_type': 'LiteralValue', 'value': '""Population""', 'value_type': 'List'}, 'order_box': 37}>"
"<Node id=10740 labels={'Module'} properties={'name': 'module', 'schema': 'FN', 'filename': 'output-code-92', 'schema_version': '0.1.9'}>","<Relationship id=15929 start_node_id=10740 end_node_id=10820 nodes=(10740, 10820) type=Contains properties={}>","<Node id=10820 labels={'Primitive'} properties={'name': 'title', 'order_att': 0, 'value': '', 'order_box': 38}>"
"<Node id=10740 labels={'Module'} properties={'name': 'module', 'schema': 'FN', 'filename': 'output-code-92', 'schema_version': '0.1.9'}>","<Relationship id=15930 start_node_id=10740 end_node_id=10821 nodes=(10740, 10821) type=Contains properties={}>","<Node id=10821 labels={'Primitive'} properties={'name': 'module.title_0', 'order_att': 0, 'value': '', 'order_box': 39}>"
"<Node id=10740 labels={'Module'} properties={'name': 'module', 'schema': 'FN', 'filename': 'output-code-92', 'schema_version': '0.1.9'}>","<Relationship id=15931 start_node_id=10740 end_node_id=10822 nodes=(10740, 10822) type=Contains properties={}>","<Node id=10822 labels={'Literal'} properties={'name': 'Literal', 'order_att': 0, 'value': {'gromet_type': 'LiteralValue', 'value': '""SIDARTHE Model Simulation""', 'value_type': 'List'}, 'order_box': 40}>"
"<Node id=10740 labels={'Module'} properties={'name': 'module', 'schema': 'FN', 'filename': 'output-code-92', 'schema_version': '0.1.9'}>","<Relationship id=15932 start_node_id=10740 end_node_id=10823 nodes=(10740, 10823) type=Contains properties={}>","<Node id=10823 labels={'Primitive'} properties={'name': 'legend', 'order_att': 0, 'value': '', 'order_box': 41}>"
"<Node id=10740 labels={'Module'} properties={'name': 'module', 'schema': 'FN', 'filename': 'output-code-92', 'schema_version': '0.1.9'}>","<Relationship id=15933 start_node_id=10740 end_node_id=10824 nodes=(10740, 10824) type=Contains properties={}>","<Node id=10824 labels={'Primitive'} properties={'name': 'module.legend_0', 'order_att': 0, 'value': '', 'order_box': 42}>"
"<Node id=10740 labels={'Module'} properties={'name': 'module', 'schema': 'FN', 'filename': 'output-code-92', 'schema_version': '0.1.9'}>","<Relationship id=15934 start_node_id=10740 end_node_id=10825 nodes=(10740, 10825) type=Contains properties={}>","<Node id=10825 labels={'Primitive'} properties={'name': 'show', 'order_att': 0, 'value': '', 'order_box': 43}>"
"<Node id=10740 labels={'Module'} properties={'name': 'module', 'schema': 'FN', 'filename': 'output-code-92', 'schema_version': '0.1.9'}>","<Relationship id=15935 start_node_id=10740 end_node_id=10826 nodes=(10740, 10826) type=Contains properties={}>","<Node id=10826 labels={'Primitive'} properties={'name': 'module.show_0', 'order_att': 0, 'value': '', 'order_box': 44}>"
"<Node id=10742 labels={'Expression'} properties={'name': 'Expression0', 'order_att': 1, 'value': '', 'order_box': 1}>","<Relationship id=15974 start_node_id=10742 end_node_id=10827 nodes=(10742, 10827) type=Metadata properties={}>","<Node id=10827 labels={'Metadata'} properties={'gromet_version': [''], 'source_language_version': [''], 'variable_definition': [''], 'files': [''], 'source_language': [''], 'global_reference_id': [''], 'data_type': [''], 'name': [''], 'line_end': [6], 'code_file_reference_uid': ['32cee2b2-c398-660d-7af9-3110d680fb4f'], 'line_begin': [6], 'metadata_type': [''], 'text_extraction': [''], 'col_begin': [0], 'grounding': [''], 'variable_identifier': [''], 'provenance': ['Provenance { method: Some(""skema_code2fn_program_analysis""), timestamp: Some(""2024-02-01 21:11:11.401203"") }'], 'col_end': [10], 'value': [''], 'metadata_idx': 5}>"
"<Node id=10744 labels={'Literal'} properties={'name': 'Literal', 'order_att': 1, 'value': {'gromet_type': 'LiteralValue', 'value': '0.2', 'value_type': 'AbstractFloat'}, 'order_box': 1}>","<Relationship id=16009 start_node_id=10744 end_node_id=10828 nodes=(10744, 10828) type=Metadata properties={}>","<Node id=10828 labels={'Metadata'} properties={'gromet_version': ['', ''], 'source_language_version': ['3.8', ''], 'variable_definition': ['', ''], 'files': ['', ''], 'source_language': ['Python', ''], 'global_reference_id': ['', ''], 'data_type': [""<class 'float'>"", ''], 'name': ['', ''], 'line_end': [0, 6], 'code_file_reference_uid': ['', '32cee2b2-c398-660d-7af9-3110d680fb4f'], 'line_begin': [0, 6], 'metadata_type': ['', ''], 'text_extraction': ['', ''], 'col_begin': [0, 7], 'grounding': ['', ''], 'variable_identifier': ['', ''], 'provenance': ['Provenance { method: Some(""skema_code2fn_program_analysis""), timestamp: Some(""2024-02-01 21:11:11.401241"") }', 'Provenance { method: Some(""skema_code2fn_program_analysis""), timestamp: Some(""2024-02-01 21:11:11.401232"") }'], 'col_end': [0, 10], 'value': ['', ''], 'metadata_idx': 4}>"
"<Node id=10745 labels={'Expression'} properties={'name': 'Expression5', 'order_att': 2, 'value': '', 'order_box': 2}>","<Relationship id=16038 start_node_id=10745 end_node_id=10829 nodes=(10745, 10829) type=Metadata properties={}>","<Node id=10829 labels={'Metadata'} properties={'gromet_version': [''], 'source_language_version': [''], 'variable_definition': [''], 'files': [''], 'source_language': [''], 'global_reference_id': [''], 'data_type': [''], 'name': [''], 'line_end': [7], 'code_file_reference_uid': ['32cee2b2-c398-660d-7af9-3110d680fb4f'], 'line_begin': [7], 'metadata_type': [''], 'text_extraction': [''], 'col_begin': [0], 'grounding': [''], 'variable_identifier': [''], 'provenance': ['Provenance { method: Some(""skema_code2fn_program_analysis""), timestamp: Some(""2024-02-01 21:11:11.401357"") }'], 'col_end': [11], 'value': [''], 'metadata_idx': 7}>"
"<Node id=10747 labels={'Literal'} properties={'name': 'Literal', 'order_att': 2, 'value': {'gromet_type': 'LiteralValue', 'value': '0.1', 'value_type': 'AbstractFloat'}, 'order_box': 2}>","<Relationship id=16057 start_node_id=10747 end_node_id=10830 nodes=(10747, 10830) type=Metadata properties={}>","<Node id=10830 labels={'Metadata'} properties={'gromet_version': ['', ''], 'source_language_version': ['3.8', ''], 'variable_definition': ['', ''], 'files': ['', ''], 'source_language': ['Python', ''], 'global_reference_id': ['', ''], 'data_type': [""<class 'float'>"", ''], 'name': ['', ''], 'line_end': [0, 7], 'code_file_reference_uid': ['', '32cee2b2-c398-660d-7af9-3110d680fb4f'], 'line_begin': [0, 7], 'metadata_type': ['', ''], 'text_extraction': ['', ''], 'col_begin': [0, 8], 'grounding': ['', ''], 'variable_identifier': ['', ''], 'provenance': ['Provenance { method: Some(""skema_code2fn_program_analysis""), timestamp: Some(""2024-02-01 21:11:11.401385"") }', 'Provenance { method: Some(""skema_code2fn_program_analysis""), timestamp: Some(""2024-02-01 21:11:11.401378"") }'], 'col_end': [0, 11], 'value': ['', ''], 'metadata_idx': 6}>"
"<Node id=10748 labels={'Expression'} properties={'name': 'Expression10', 'order_att': 3, 'value': '', 'order_box': 3}>","<Relationship id=15977 start_node_id=10748 end_node_id=10831 nodes=(10748, 10831) type=Metadata properties={}>","<Node id=10831 labels={'Metadata'} properties={'gromet_version': [''], 'source_language_version': [''], 'variable_definition': [''], 'files': [''], 'source_language': [''], 'global_reference_id': [''], 'data_type': [''], 'name': [''], 'line_end': [8], 'code_file_reference_uid': ['32cee2b2-c398-660d-7af9-3110d680fb4f'], 'line_begin': [8], 'metadata_type': [''], 'text_extraction': [''], 'col_begin': [0], 'grounding': [''], 'variable_identifier': [''], 'provenance': ['Provenance { method: Some(""skema_code2fn_program_analysis""), timestamp: Some(""2024-02-01 21:11:11.401429"") }'], 'col_end': [11], 'value': [''], 'metadata_idx': 9}>"
"<Node id=10750 labels={'Literal'} properties={'name': 'Literal', 'order_att': 3, 'value': {'gromet_type': 'LiteralValue', 'value': '0.1', 'value_type': 'AbstractFloat'}, 'order_box': 3}>","<Relationship id=15994 start_node_id=10750 end_node_id=10832 nodes=(10750, 10832) type=Metadata properties={}>","<Node id=10832 labels={'Metadata'} properties={'gromet_version': ['', ''], 'source_language_version': ['3.8', ''], 'variable_definition': ['', ''], 'files': ['', ''], 'source_language': ['Python', ''], 'global_reference_id': ['', ''], 'data_type': [""<class 'float'>"", ''], 'name': ['', ''], 'line_end': [0, 8], 'code_file_reference_uid': ['', '32cee2b2-c398-660d-7af9-3110d680fb4f'], 'line_begin': [0, 8], 'metadata_type': ['', ''], 'text_extraction': ['', ''], 'col_begin': [0, 8], 'grounding': ['', ''], 'variable_identifier': ['', ''], 'provenance': ['Provenance { method: Some(""skema_code2fn_program_analysis""), timestamp: Some(""2024-02-01 21:11:11.401455"") }', 'Provenance { method: Some(""skema_code2fn_program_analysis""), timestamp: Some(""2024-02-01 21:11:11.401448"") }'], 'col_end': [0, 11], 'value': ['', ''], 'metadata_idx': 8}>"
"<Node id=10751 labels={'Expression'} properties={'name': 'Expression15', 'order_att': 4, 'value': '', 'order_box': 4}>","<Relationship id=16005 start_node_id=10751 end_node_id=10833 nodes=(10751, 10833) type=Metadata properties={}>","<Node id=10833 labels={'Metadata'} properties={'gromet_version': [''], 'source_language_version': [''], 'variable_definition': [''], 'files': [''], 'source_language': [''], 'global_reference_id': [''], 'data_type': [''], 'name': [''], 'line_end': [9], 'code_file_reference_uid': ['32cee2b2-c398-660d-7af9-3110d680fb4f'], 'line_begin': [9], 'metadata_type': [''], 'text_extraction': [''], 'col_begin': [0], 'grounding': [''], 'variable_identifier': [''], 'provenance': ['Provenance { method: Some(""skema_code2fn_program_analysis""), timestamp: Some(""2024-02-01 21:11:11.401499"") }'], 'col_end': [9], 'value': [''], 'metadata_idx': 11}>"
"<Node id=10753 labels={'Literal'} properties={'name': 'Literal', 'order_att': 4, 'value': {'gromet_type': 'LiteralValue', 'value': '0.1', 'value_type': 'AbstractFloat'}, 'order_box': 4}>","<Relationship id=16008 start_node_id=10753 end_node_id=10834 nodes=(10753, 10834) type=Metadata properties={}>","<Node id=10834 labels={'Metadata'} properties={'gromet_version': ['', ''], 'source_language_version': ['3.8', ''], 'variable_definition': ['', ''], 'files': ['', ''], 'source_language': ['Python', ''], 'global_reference_id': ['', ''], 'data_type': [""<class 'float'>"", ''], 'name': ['', ''], 'line_end': [0, 9], 'code_file_reference_uid': ['', '32cee2b2-c398-660d-7af9-3110d680fb4f'], 'line_begin': [0, 9], 'metadata_type': ['', ''], 'text_extraction': ['', ''], 'col_begin': [0, 6], 'grounding': ['', ''], 'variable_identifier': ['', ''], 'provenance': ['Provenance { method: Some(""skema_code2fn_program_analysis""), timestamp: Some(""2024-02-01 21:11:11.401525"") }', 'Provenance { method: Some(""skema_code2fn_program_analysis""), timestamp: Some(""2024-02-01 21:11:11.401518"") }'], 'col_end': [0, 9], 'value': ['', ''], 'metadata_idx': 10}>"
"<Node id=10754 labels={'Expression'} properties={'name': 'Expression20', 'order_att': 5, 'value': '', 'order_box': 5}>","<Relationship id=16010 start_node_id=10754 end_node_id=10835 nodes=(10754, 10835) type=Metadata properties={}>","<Node id=10835 labels={'Metadata'} properties={'gromet_version': [''], 'source_language_version': [''], 'variable_definition': [''], 'files': [''], 'source_language': [''], 'global_reference_id': [''], 'data_type': [''], 'name': [''], 'line_end': [10], 'code_file_reference_uid': ['32cee2b2-c398-660d-7af9-3110d680fb4f'], 'line_begin': [10], 'metadata_type': [''], 'text_extraction': [''], 'col_begin': [0], 'grounding': [''], 'variable_identifier': [''], 'provenance': ['Provenance { method: Some(""skema_code2fn_program_analysis""), timestamp: Some(""2024-02-01 21:11:11.401568"") }'], 'col_end': [13], 'value': [''], 'metadata_idx': 13}>"
"<Node id=10756 labels={'Literal'} properties={'name': 'Literal', 'order_att': 5, 'value': {'gromet_type': 'LiteralValue', 'value': '0.1', 'value_type': 'AbstractFloat'}, 'order_box': 5}>","<Relationship id=16013 start_node_id=10756 end_node_id=10836 nodes=(10756, 10836) type=Metadata properties={}>","<Node id=10836 labels={'Metadata'} properties={'gromet_version': ['', ''], 'source_language_version': ['3.8', ''], 'variable_definition': ['', ''], 'files': ['', ''], 'source_language': ['Python', ''], 'global_reference_id': ['', ''], 'data_type': [""<class 'float'>"", ''], 'name': ['', ''], 'line_end': [0, 10], 'code_file_reference_uid': ['', '32cee2b2-c398-660d-7af9-3110d680fb4f'], 'line_begin': [0, 10], 'metadata_type': ['', ''], 'text_extraction': ['', ''], 'col_begin': [0, 10], 'grounding': ['', ''], 'variable_identifier': ['', ''], 'provenance': ['Provenance { method: Some(""skema_code2fn_program_analysis""), timestamp: Some(""2024-02-01 21:11:11.401595"") }', 'Provenance { method: Some(""skema_code2fn_program_analysis""), timestamp: Some(""2024-02-01 21:11:11.401589"") }'], 'col_end': [0, 13], 'value': ['', ''], 'metadata_idx': 12}>"
"<Node id=10757 labels={'Expression'} properties={'name': 'Expression25', 'order_att': 6, 'value': '', 'order_box': 6}>","<Relationship id=16014 start_node_id=10757 end_node_id=10837 nodes=(10757, 10837) type=Metadata properties={}>","<Node id=10837 labels={'Metadata'} properties={'gromet_version': [''], 'source_language_version': [''], 'variable_definition': [''], 'files': [''], 'source_language': [''], 'global_reference_id': [''], 'data_type': [''], 'name': [''], 'line_end': [11], 'code_file_reference_uid': ['32cee2b2-c398-660d-7af9-3110d680fb4f'], 'line_begin': [11], 'metadata_type': [''], 'text_extraction': [''], 'col_begin': [0], 'grounding': [''], 'variable_identifier': [''], 'provenance': ['Provenance { method: Some(""skema_code2fn_program_analysis""), timestamp: Some(""2024-02-01 21:11:11.401637"") }'], 'col_end': [12], 'value': [''], 'metadata_idx': 15}>"
"<Node id=10759 labels={'Literal'} properties={'name': 'Literal', 'order_att': 6, 'value': {'gromet_type': 'LiteralValue', 'value': '0.05', 'value_type': 'AbstractFloat'}, 'order_box': 6}>","<Relationship id=16017 start_node_id=10759 end_node_id=10838 nodes=(10759, 10838) type=Metadata properties={}>","<Node id=10838 labels={'Metadata'} properties={'gromet_version': ['', ''], 'source_language_version': ['3.8', ''], 'variable_definition': ['', ''], 'files': ['', ''], 'source_language': ['Python', ''], 'global_reference_id': ['', ''], 'data_type': [""<class 'float'>"", ''], 'name': ['', ''], 'line_end': [0, 11], 'code_file_reference_uid': ['', '32cee2b2-c398-660d-7af9-3110d680fb4f'], 'line_begin': [0, 11], 'metadata_type': ['', ''], 'text_extraction': ['', ''], 'col_begin': [0, 8], 'grounding': ['', ''], 'variable_identifier': ['', ''], 'provenance': ['Provenance { method: Some(""skema_code2fn_program_analysis""), timestamp: Some(""2024-02-01 21:11:11.401664"") }', 'Provenance { method: Some(""skema_code2fn_program_analysis""), timestamp: Some(""2024-02-01 21:11:11.401657"") }'], 'col_end': [0, 12], 'value': ['', ''], 'metadata_idx': 14}>"
"<Node id=10760 labels={'Expression'} properties={'name': 'Expression30', 'order_att': 7, 'value': '', 'order_box': 7}>","<Relationship id=16018 start_node_id=10760 end_node_id=10839 nodes=(10760, 10839) type=Metadata properties={}>","<Node id=10839 labels={'Metadata'} properties={'gromet_version': [''], 'source_language_version': [''], 'variable_definition': [''], 'files': [''], 'source_language': [''], 'global_reference_id': [''], 'data_type': [''], 'name': [''], 'line_end': [12], 'code_file_reference_uid': ['32cee2b2-c398-660d-7af9-3110d680fb4f'], 'line_begin': [12], 'metadata_type': [''], 'text_extraction': [''], 'col_begin': [0], 'grounding': [''], 'variable_identifier': [''], 'provenance': ['Provenance { method: Some(""skema_code2fn_program_analysis""), timestamp: Some(""2024-02-01 21:11:11.401750"") }'], 'col_end': [14], 'value': [''], 'metadata_idx': 17}>"
"<Node id=10762 labels={'Literal'} properties={'name': 'Literal', 'order_att': 7, 'value': {'gromet_type': 'LiteralValue', 'value': '0.01', 'value_type': 'AbstractFloat'}, 'order_box': 7}>","<Relationship id=16021 start_node_id=10762 end_node_id=10840 nodes=(10762, 10840) type=Metadata properties={}>","<Node id=10840 labels={'Metadata'} properties={'gromet_version': ['', ''], 'source_language_version': ['3.8', ''], 'variable_definition': ['', ''], 'files': ['', ''], 'source_language': ['Python', ''], 'global_reference_id': ['', ''], 'data_type': [""<class 'float'>"", ''], 'name': ['', ''], 'line_end': [0, 12], 'code_file_reference_uid': ['', '32cee2b2-c398-660d-7af9-3110d680fb4f'], 'line_begin': [0, 12], 'metadata_type': ['', ''], 'text_extraction': ['', ''], 'col_begin': [0, 10], 'grounding': ['', ''], 'variable_identifier': ['', ''], 'provenance': ['Provenance { method: Some(""skema_code2fn_program_analysis""), timestamp: Some(""2024-02-01 21:11:11.401776"") }', 'Provenance { method: Some(""skema_code2fn_program_analysis""), timestamp: Some(""2024-02-01 21:11:11.401770"") }'], 'col_end': [0, 14], 'value': ['', ''], 'metadata_idx': 16}>"
"<Node id=10763 labels={'Expression'} properties={'name': 'Expression35', 'order_att': 8, 'value': '', 'order_box': 8}>","<Relationship id=16022 start_node_id=10763 end_node_id=10841 nodes=(10763, 10841) type=Metadata properties={}>","<Node id=10841 labels={'Metadata'} properties={'gromet_version': [''], 'source_language_version': [''], 'variable_definition': [''], 'files': [''], 'source_language': [''], 'global_reference_id': [''], 'data_type': [''], 'name': [''], 'line_end': [13], 'code_file_reference_uid': ['32cee2b2-c398-660d-7af9-3110d680fb4f'], 'line_begin': [13], 'metadata_type': [''], 'text_extraction': [''], 'col_begin': [0], 'grounding': [''], 'variable_identifier': [''], 'provenance': ['Provenance { method: Some(""skema_code2fn_program_analysis""), timestamp: Some(""2024-02-01 21:11:11.401818"") }'], 'col_end': [8], 'value': [''], 'metadata_idx': 19}>"
"<Node id=10765 labels={'Literal'} properties={'name': 'Literal', 'order_att': 8, 'value': {'gromet_type': 'LiteralValue', 'value': '1000', 'value_type': 'Integer'}, 'order_box': 8}>","<Relationship id=16025 start_node_id=10765 end_node_id=10842 nodes=(10765, 10842) type=Metadata properties={}>","<Node id=10842 labels={'Metadata'} properties={'gromet_version': ['', ''], 'source_language_version': ['3.8', ''], 'variable_definition': ['', ''], 'files': ['', ''], 'source_language': ['Python', ''], 'global_reference_id': ['', ''], 'data_type': [""<class 'int'>"", ''], 'name': ['', ''], 'line_end': [0, 13], 'code_file_reference_uid': ['', '32cee2b2-c398-660d-7af9-3110d680fb4f'], 'line_begin': [0, 13], 'metadata_type': ['', ''], 'text_extraction': ['', ''], 'col_begin': [0, 4], 'grounding': ['', ''], 'variable_identifier': ['', ''], 'provenance': ['Provenance { method: Some(""skema_code2fn_program_analysis""), timestamp: Some(""2024-02-01 21:11:11.401844"") }', 'Provenance { method: Some(""skema_code2fn_program_analysis""), timestamp: Some(""2024-02-01 21:11:11.401837"") }'], 'col_end': [0, 8], 'value': ['', ''], 'metadata_idx': 18}>"
"<Node id=10766 labels={'Expression'} properties={'name': 'Expression40', 'order_att': 9, 'value': '', 'order_box': 9}>","<Relationship id=16026 start_node_id=10766 end_node_id=10843 nodes=(10766, 10843) type=Metadata properties={}>","<Node id=10843 labels={'Metadata'} properties={'gromet_version': [''], 'source_language_version': [''], 'variable_definition': [''], 'files': [''], 'source_language': [''], 'global_reference_id': [''], 'data_type': [''], 'name': [''], 'line_end': [17], 'code_file_reference_uid': ['32cee2b2-c398-660d-7af9-3110d680fb4f'], 'line_begin': [17], 'metadata_type': [''], 'text_extraction': [''], 'col_begin': [0], 'grounding': [''], 'variable_identifier': [''], 'provenance': ['Provenance { method: Some(""skema_code2fn_program_analysis""), timestamp: Some(""2024-02-01 21:11:11.401886"") }'], 'col_end': [8], 'value': [''], 'metadata_idx': 22}>"
"<Node id=10769 labels={'Literal'} properties={'name': 'Literal', 'order_att': 9, 'value': {'gromet_type': 'LiteralValue', 'value': '1', 'value_type': 'Integer'}, 'order_box': 9}>","<Relationship id=16031 start_node_id=10769 end_node_id=10844 nodes=(10769, 10844) type=Metadata properties={}>","<Node id=10844 labels={'Metadata'} properties={'gromet_version': ['', ''], 'source_language_version': ['3.8', ''], 'variable_definition': ['', ''], 'files': ['', ''], 'source_language': ['Python', ''], 'global_reference_id': ['', ''], 'data_type': [""<class 'int'>"", ''], 'name': ['', ''], 'line_end': [0, 17], 'code_file_reference_uid': ['', '32cee2b2-c398-660d-7af9-3110d680fb4f'], 'line_begin': [0, 17], 'metadata_type': ['', ''], 'text_extraction': ['', ''], 'col_begin': [0, 7], 'grounding': ['', ''], 'variable_identifier': ['', ''], 'provenance': ['Provenance { method: Some(""skema_code2fn_program_analysis""), timestamp: Some(""2024-02-01 21:11:11.401925"") }', 'Provenance { method: Some(""skema_code2fn_program_analysis""), timestamp: Some(""2024-02-01 21:11:11.401919"") }'], 'col_end': [0, 8], 'value': ['', ''], 'metadata_idx': 20}>"
"<Node id=10770 labels={'Primitive'} properties={'name': 'ast.Sub', 'order_att': 9, 'value': '', 'order_box': 9}>","<Relationship id=16032 start_node_id=10770 end_node_id=10845 nodes=(10770, 10845) type=Metadata properties={}>","<Node id=10845 labels={'Metadata'} properties={'gromet_version': [''], 'source_language_version': [''], 'variable_definition': [''], 'files': [''], 'source_language': [''], 'global_reference_id': [''], 'data_type': [''], 'name': [''], 'line_end': [17], 'code_file_reference_uid': ['32cee2b2-c398-660d-7af9-3110d680fb4f'], 'line_begin': [17], 'metadata_type': [''], 'text_extraction': [''], 'col_begin': [5], 'grounding': [''], 'variable_identifier': [''], 'provenance': ['Provenance { method: Some(""skema_code2fn_program_analysis""), timestamp: Some(""2024-02-01 21:11:11.401946"") }'], 'col_end': [8], 'value': [''], 'metadata_idx': 21}>"
"<Node id=10771 labels={'Expression'} properties={'name': 'Expression48', 'order_att': 10, 'value': '', 'order_box': 10}>","<Relationship id=16035 start_node_id=10771 end_node_id=10846 nodes=(10771, 10846) type=Metadata properties={}>","<Node id=10846 labels={'Metadata'} properties={'gromet_version': [''], 'source_language_version': [''], 'variable_definition': [''], 'files': [''], 'source_language': [''], 'global_reference_id': [''], 'data_type': [''], 'name': [''], 'line_end': [18], 'code_file_reference_uid': ['32cee2b2-c398-660d-7af9-3110d680fb4f'], 'line_begin': [18], 'metadata_type': [''], 'text_extraction': [''], 'col_begin': [0], 'grounding': [''], 'variable_identifier': [''], 'provenance': ['Provenance { method: Some(""skema_code2fn_program_analysis""), timestamp: Some(""2024-02-01 21:11:11.402026"") }'], 'col_end': [6], 'value': [''], 'metadata_idx': 24}>"
"<Node id=10773 labels={'Literal'} properties={'name': 'Literal', 'order_att': 10, 'value': {'gromet_type': 'LiteralValue', 'value': '1', 'value_type': 'Integer'}, 'order_box': 10}>","<Relationship id=16040 start_node_id=10773 end_node_id=10847 nodes=(10773, 10847) type=Metadata properties={}>","<Node id=10847 labels={'Metadata'} properties={'gromet_version': ['', ''], 'source_language_version': ['3.8', ''], 'variable_definition': ['', ''], 'files': ['', ''], 'source_language': ['Python', ''], 'global_reference_id': ['', ''], 'data_type': [""<class 'int'>"", ''], 'name': ['', ''], 'line_end': [0, 18], 'code_file_reference_uid': ['', '32cee2b2-c398-660d-7af9-3110d680fb4f'], 'line_begin': [0, 18], 'metadata_type': ['', ''], 'text_extraction': ['', ''], 'col_begin': [0, 5], 'grounding': ['', ''], 'variable_identifier': ['', ''], 'provenance': ['Provenance { method: Some(""skema_code2fn_program_analysis""), timestamp: Some(""2024-02-01 21:11:11.402054"") }', 'Provenance { method: Some(""skema_code2fn_program_analysis""), timestamp: Some(""2024-02-01 21:11:11.402047"") }'], 'col_end': [0, 6], 'value': ['', ''], 'metadata_idx': 23}>"
"<Node id=10774 labels={'Expression'} properties={'name': 'Expression53', 'order_att': 11, 'value': '', 'order_box': 11}>","<Relationship id=16041 start_node_id=10774 end_node_id=10848 nodes=(10774, 10848) type=Metadata properties={}>","<Node id=10848 labels={'Metadata'} properties={'gromet_version': [''], 'source_language_version': [''], 'variable_definition': [''], 'files': [''], 'source_language': [''], 'global_reference_id': [''], 'data_type': [''], 'name': [''], 'line_end': [19], 'code_file_reference_uid': ['32cee2b2-c398-660d-7af9-3110d680fb4f'], 'line_begin': [19], 'metadata_type': [''], 'text_extraction': [''], 'col_begin': [0], 'grounding': [''], 'variable_identifier': [''], 'provenance': ['Provenance { method: Some(""skema_code2fn_program_analysis""), timestamp: Some(""2024-02-01 21:11:11.402097"") }'], 'col_end': [6], 'value': [''], 'metadata_idx': 26}>"
"<Node id=10776 labels={'Literal'} properties={'name': 'Literal', 'order_att': 11, 'value': {'gromet_type': 'LiteralValue', 'value': '0', 'value_type': 'Integer'}, 'order_box': 11}>","<Relationship id=16044 start_node_id=10776 end_node_id=10849 nodes=(10776, 10849) type=Metadata properties={}>","<Node id=10849 labels={'Metadata'} properties={'gromet_version': ['', ''], 'source_language_version': ['3.8', ''], 'variable_definition': ['', ''], 'files': ['', ''], 'source_language': ['Python', ''], 'global_reference_id': ['', ''], 'data_type': [""<class 'int'>"", ''], 'name': ['', ''], 'line_end': [0, 19], 'code_file_reference_uid': ['', '32cee2b2-c398-660d-7af9-3110d680fb4f'], 'line_begin': [0, 19], 'metadata_type': ['', ''], 'text_extraction': ['', ''], 'col_begin': [0, 5], 'grounding': ['', ''], 'variable_identifier': ['', ''], 'provenance': ['Provenance { method: Some(""skema_code2fn_program_analysis""), timestamp: Some(""2024-02-01 21:11:11.402123"") }', 'Provenance { method: Some(""skema_code2fn_program_analysis""), timestamp: Some(""2024-02-01 21:11:11.402116"") }'], 'col_end': [0, 6], 'value': ['', ''], 'metadata_idx': 25}>"
"<Node id=10777 labels={'Expression'} properties={'name': 'Expression58', 'order_att': 12, 'value': '', 'order_box': 12}>","<Relationship id=16045 start_node_id=10777 end_node_id=10850 nodes=(10777, 10850) type=Metadata properties={}>","<Node id=10850 labels={'Metadata'} properties={'gromet_version': [''], 'source_language_version': [''], 'variable_definition': [''], 'files': [''], 'source_language': [''], 'global_reference_id': [''], 'data_type': [''], 'name': [''], 'line_end': [20], 'code_file_reference_uid': ['32cee2b2-c398-660d-7af9-3110d680fb4f'], 'line_begin': [20], 'metadata_type': [''], 'text_extraction': [''], 'col_begin': [0], 'grounding': [''], 'variable_identifier': [''], 'provenance': ['Provenance { method: Some(""skema_code2fn_program_analysis""), timestamp: Some(""2024-02-01 21:11:11.402168"") }'], 'col_end': [6], 'value': [''], 'metadata_idx': 28}>"
"<Node id=10779 labels={'Literal'} properties={'name': 'Literal', 'order_att': 12, 'value': {'gromet_type': 'LiteralValue', 'value': '0', 'value_type': 'Integer'}, 'order_box': 12}>","<Relationship id=16049 start_node_id=10779 end_node_id=10851 nodes=(10779, 10851) type=Metadata properties={}>","<Node id=10851 labels={'Metadata'} properties={'gromet_version': ['', ''], 'source_language_version': ['3.8', ''], 'variable_definition': ['', ''], 'files': ['', ''], 'source_language': ['Python', ''], 'global_reference_id': ['', ''], 'data_type': [""<class 'int'>"", ''], 'name': ['', ''], 'line_end': [0, 20], 'code_file_reference_uid': ['', '32cee2b2-c398-660d-7af9-3110d680fb4f'], 'line_begin': [0, 20], 'metadata_type': ['', ''], 'text_extraction': ['', ''], 'col_begin': [0, 5], 'grounding': ['', ''], 'variable_identifier': ['', ''], 'provenance': ['Provenance { method: Some(""skema_code2fn_program_analysis""), timestamp: Some(""2024-02-01 21:11:11.402194"") }', 'Provenance { method: Some(""skema_code2fn_program_analysis""), timestamp: Some(""2024-02-01 21:11:11.402187"") }'], 'col_end': [0, 6], 'value': ['', ''], 'metadata_idx': 27}>"
"<Node id=10780 labels={'Expression'} properties={'name': 'Expression63', 'order_att': 13, 'value': '', 'order_box': 13}>","<Relationship id=16050 start_node_id=10780 end_node_id=10852 nodes=(10780, 10852) type=Metadata properties={}>","<Node id=10852 labels={'Metadata'} properties={'gromet_version': [''], 'source_language_version': [''], 'variable_definition': [''], 'files': [''], 'source_language': [''], 'global_reference_id': [''], 'data_type': [''], 'name': [''], 'line_end': [21], 'code_file_reference_uid': ['32cee2b2-c398-660d-7af9-3110d680fb4f'], 'line_begin': [21], 'metadata_type': [''], 'text_extraction': [''], 'col_begin': [0], 'grounding': [''], 'variable_identifier': [''], 'provenance': ['Provenance { method: Some(""skema_code2fn_program_analysis""), timestamp: Some(""2024-02-01 21:11:11.402237"") }'], 'col_end': [6], 'value': [''], 'metadata_idx': 30}>"
"<Node id=10782 labels={'Literal'} properties={'name': 'Literal', 'order_att': 13, 'value': {'gromet_type': 'LiteralValue', 'value': '0', 'value_type': 'Integer'}, 'order_box': 13}>","<Relationship id=16053 start_node_id=10782 end_node_id=10853 nodes=(10782, 10853) type=Metadata properties={}>","<Node id=10853 labels={'Metadata'} properties={'gromet_version': ['', ''], 'source_language_version': ['3.8', ''], 'variable_definition': ['', ''], 'files': ['', ''], 'source_language': ['Python', ''], 'global_reference_id': ['', ''], 'data_type': [""<class 'int'>"", ''], 'name': ['', ''], 'line_end': [0, 21], 'code_file_reference_uid': ['', '32cee2b2-c398-660d-7af9-3110d680fb4f'], 'line_begin': [0, 21], 'metadata_type': ['', ''], 'text_extraction': ['', ''], 'col_begin': [0, 5], 'grounding': ['', ''], 'variable_identifier': ['', ''], 'provenance': ['Provenance { method: Some(""skema_code2fn_program_analysis""), timestamp: Some(""2024-02-01 21:11:11.402266"") }', 'Provenance { method: Some(""skema_code2fn_program_analysis""), timestamp: Some(""2024-02-01 21:11:11.402256"") }'], 'col_end': [0, 6], 'value': ['', ''], 'metadata_idx': 29}>"
"<Node id=10783 labels={'Expression'} properties={'name': 'Expression68', 'order_att': 14, 'value': '', 'order_box': 14}>","<Relationship id=16054 start_node_id=10783 end_node_id=10854 nodes=(10783, 10854) type=Metadata properties={}>","<Node id=10854 labels={'Metadata'} properties={'gromet_version': [''], 'source_language_version': [''], 'variable_definition': [''], 'files': [''], 'source_language': [''], 'global_reference_id': [''], 'data_type': [''], 'name': [''], 'line_end': [22], 'code_file_reference_uid': ['32cee2b2-c398-660d-7af9-3110d680fb4f'], 'line_begin': [22], 'metadata_type': [''], 'text_extraction': [''], 'col_begin': [0], 'grounding': [''], 'variable_identifier': [''], 'provenance': ['Provenance { method: Some(""skema_code2fn_program_analysis""), timestamp: Some(""2024-02-01 21:11:11.402309"") }'], 'col_end': [6], 'value': [''], 'metadata_idx': 32}>"
"<Node id=10785 labels={'Literal'} properties={'name': 'Literal', 'order_att': 14, 'value': {'gromet_type': 'LiteralValue', 'value': '0', 'value_type': 'Integer'}, 'order_box': 14}>","<Relationship id=16058 start_node_id=10785 end_node_id=10855 nodes=(10785, 10855) type=Metadata properties={}>","<Node id=10855 labels={'Metadata'} properties={'gromet_version': ['', ''], 'source_language_version': ['3.8', ''], 'variable_definition': ['', ''], 'files': ['', ''], 'source_language': ['Python', ''], 'global_reference_id': ['', ''], 'data_type': [""<class 'int'>"", ''], 'name': ['', ''], 'line_end': [0, 22], 'code_file_reference_uid': ['', '32cee2b2-c398-660d-7af9-3110d680fb4f'], 'line_begin': [0, 22], 'metadata_type': ['', ''], 'text_extraction': ['', ''], 'col_begin': [0, 5], 'grounding': ['', ''], 'variable_identifier': ['', ''], 'provenance': ['Provenance { method: Some(""skema_code2fn_program_analysis""), timestamp: Some(""2024-02-01 21:11:11.402335"") }', 'Provenance { method: Some(""skema_code2fn_program_analysis""), timestamp: Some(""2024-02-01 21:11:11.402328"") }'], 'col_end': [0, 6], 'value': ['', ''], 'metadata_idx': 31}>"
"<Node id=10786 labels={'Primitive'} properties={'name': 'simulate_id97', 'order_att': 0, 'value': '', 'order_box': 15}>","<Relationship id=16059 start_node_id=10786 end_node_id=10856 nodes=(10786, 10856) type=Metadata properties={}>","<Node id=10856 labels={'Metadata'} properties={'gromet_version': [''], 'source_language_version': [''], 'variable_definition': [''], 'files': [''], 'source_language': [''], 'global_reference_id': [''], 'data_type': [''], 'name': [''], 'line_end': [116], 'code_file_reference_uid': ['32cee2b2-c398-660d-7af9-3110d680fb4f'], 'line_begin': [116], 'metadata_type': [''], 'text_extraction': [''], 'col_begin': [71], 'grounding': [''], 'variable_identifier': [''], 'provenance': ['Provenance { method: Some(""skema_code2fn_program_analysis""), timestamp: Some(""2024-02-01 21:11:11.454032"") }'], 'col_end': [170], 'value': [''], 'metadata_idx': 289}>"
"<Node id=10787 labels={'Literal'} properties={'name': 'Literal', 'order_att': 0, 'value': {'gromet_type': 'LiteralValue', 'value': '0.1', 'value_type': 'AbstractFloat'}, 'order_box': 16}>","<Relationship id=16060 start_node_id=10787 end_node_id=10857 nodes=(10787, 10857) type=Metadata properties={}>","<Node id=10857 labels={'Metadata'} properties={'gromet_version': ['', ''], 'source_language_version': ['3.8', ''], 'variable_definition': ['', ''], 'files': ['', ''], 'source_language': ['Python', ''], 'global_reference_id': ['', ''], 'data_type': [""<class 'float'>"", ''], 'name': ['', ''], 'line_end': [0, 116], 'code_file_reference_uid': ['', '32cee2b2-c398-660d-7af9-3110d680fb4f'], 'line_begin': [0, 116], 'metadata_type': ['', ''], 'text_extraction': ['', ''], 'col_begin': [0, 161], 'grounding': ['', ''], 'variable_identifier': ['', ''], 'provenance': ['Provenance { method: Some(""skema_code2fn_program_analysis""), timestamp: Some(""2024-02-01 21:11:11.454230"") }', 'Provenance { method: Some(""skema_code2fn_program_analysis""), timestamp: Some(""2024-02-01 21:11:11.454222"") }'], 'col_end': [0, 164], 'value': ['', ''], 'metadata_idx': 290}>"
"<Node id=10788 labels={'Literal'} properties={'name': 'Literal', 'order_att': 0, 'value': {'gromet_type': 'LiteralValue', 'value': '100', 'value_type': 'Integer'}, 'order_box': 17}>","<Relationship id=16061 start_node_id=10788 end_node_id=10858 nodes=(10788, 10858) type=Metadata properties={}>","<Node id=10858 labels={'Metadata'} properties={'gromet_version': ['', ''], 'source_language_version': ['3.8', ''], 'variable_definition': ['', ''], 'files': ['', ''], 'source_language': ['Python', ''], 'global_reference_id': ['', ''], 'data_type': [""<class 'int'>"", ''], 'name': ['', ''], 'line_end': [0, 116], 'code_file_reference_uid': ['', '32cee2b2-c398-660d-7af9-3110d680fb4f'], 'line_begin': [0, 116], 'metadata_type': ['', ''], 'text_extraction': ['', ''], 'col_begin': [0, 166], 'grounding': ['', ''], 'variable_identifier': ['', ''], 'provenance': ['Provenance { method: Some(""skema_code2fn_program_analysis""), timestamp: Some(""2024-02-01 21:11:11.454272"") }', 'Provenance { method: Some(""skema_code2fn_program_analysis""), timestamp: Some(""2024-02-01 21:11:11.454265"") }'], 'col_end': [0, 169], 'value': ['', ''], 'metadata_idx': 291}>"
"<Node id=10790 labels={'Primitive'} properties={'name': 'module.plot_0', 'order_att': 0, 'value': '', 'order_box': 20}>","<Relationship id=16062 start_node_id=10790 end_node_id=10859 nodes=(10790, 10859) type=Metadata properties={}>","<Node id=10859 labels={'Metadata'} properties={'gromet_version': [''], 'source_language_version': [''], 'variable_definition': [''], 'files': [''], 'source_language': [''], 'global_reference_id': [''], 'data_type': [''], 'name': [''], 'line_end': [121], 'code_file_reference_uid': ['32cee2b2-c398-660d-7af9-3110d680fb4f'], 'line_begin': [121], 'metadata_type': [''], 'text_extraction': [''], 'col_begin': [0], 'grounding': [''], 'variable_identifier': [''], 'provenance': ['Provenance { method: Some(""skema_code2fn_program_analysis""), timestamp: Some(""2024-02-01 21:11:11.454459"") }'], 'col_end': [39], 'value': [''], 'metadata_idx': 299}>"
"<Node id=10791 labels={'Expression'} properties={'name': 'Expression84', 'order_att': 67, 'value': '', 'order_box': 21}>","<Relationship id=16063 start_node_id=10791 end_node_id=10860 nodes=(10791, 10860) type=Metadata properties={}>","<Node id=10860 labels={'Metadata'} properties={'gromet_version': [''], 'source_language_version': [''], 'variable_definition': [''], 'files': [''], 'source_language': [''], 'global_reference_id': [''], 'data_type': [''], 'name': [''], 'line_end': [121], 'code_file_reference_uid': ['32cee2b2-c398-660d-7af9-3110d680fb4f'], 'line_begin': [121], 'metadata_type': [''], 'text_extraction': [''], 'col_begin': [0], 'grounding': [''], 'variable_identifier': [''], 'provenance': ['Provenance { method: Some(""skema_code2fn_program_analysis""), timestamp: Some(""2024-02-01 21:11:11.454590"") }'], 'col_end': [39], 'value': [''], 'metadata_idx': 301}>"
"<Node id=10793 labels={'Literal'} properties={'name': 'Literal', 'order_att': 67, 'value': {'gromet_type': 'LiteralValue', 'value': '""S""', 'value_type': 'List'}, 'order_box': 21}>","<Relationship id=16066 start_node_id=10793 end_node_id=10861 nodes=(10793, 10861) type=Metadata properties={}>","<Node id=10861 labels={'Metadata'} properties={'gromet_version': ['', ''], 'source_language_version': ['3.8', ''], 'variable_definition': ['', ''], 'files': ['', ''], 'source_language': ['Python', ''], 'global_reference_id': ['', ''], 'data_type': [""<class 'str'>"", ''], 'name': ['', ''], 'line_end': [0, 121], 'code_file_reference_uid': ['', '32cee2b2-c398-660d-7af9-3110d680fb4f'], 'line_begin': [0, 121], 'metadata_type': ['', ''], 'text_extraction': ['', ''], 'col_begin': [0, 35], 'grounding': ['', ''], 'variable_identifier': ['', ''], 'provenance': ['Provenance { method: Some(""skema_code2fn_program_analysis""), timestamp: Some(""2024-02-01 21:11:11.454618"") }', 'Provenance { method: Some(""skema_code2fn_program_analysis""), timestamp: Some(""2024-02-01 21:11:11.454611"") }'], 'col_end': [0, 38], 'value': ['', ''], 'metadata_idx': 300}>"
"<Node id=10794 labels={'Primitive'} properties={'name': 'module.plot_1', 'order_att': 0, 'value': '', 'order_box': 22}>","<Relationship id=16067 start_node_id=10794 end_node_id=10862 nodes=(10794, 10862) type=Metadata properties={}>","<Node id=10862 labels={'Metadata'} properties={'gromet_version': [''], 'source_language_version': [''], 'variable_definition': [''], 'files': [''], 'source_language': [''], 'global_reference_id': [''], 'data_type': [''], 'name': [''], 'line_end': [122], 'code_file_reference_uid': ['32cee2b2-c398-660d-7af9-3110d680fb4f'], 'line_begin': [122], 'metadata_type': [''], 'text_extraction': [''], 'col_begin': [0], 'grounding': [''], 'variable_identifier': [''], 'provenance': ['Provenance { method: Some(""skema_code2fn_program_analysis""), timestamp: Some(""2024-02-01 21:11:11.454676"") }'], 'col_end': [39], 'value': [''], 'metadata_idx': 302}>"
"<Node id=10795 labels={'Expression'} properties={'name': 'Expression91', 'order_att': 69, 'value': '', 'order_box': 23}>","<Relationship id=16068 start_node_id=10795 end_node_id=10863 nodes=(10795, 10863) type=Metadata properties={}>","<Node id=10863 labels={'Metadata'} properties={'gromet_version': [''], 'source_language_version': [''], 'variable_definition': [''], 'files': [''], 'source_language': [''], 'global_reference_id': [''], 'data_type': [''], 'name': [''], 'line_end': [122], 'code_file_reference_uid': ['32cee2b2-c398-660d-7af9-3110d680fb4f'], 'line_begin': [122], 'metadata_type': [''], 'text_extraction': [''], 'col_begin': [0], 'grounding': [''], 'variable_identifier': [''], 'provenance': ['Provenance { method: Some(""skema_code2fn_program_analysis""), timestamp: Some(""2024-02-01 21:11:11.454783"") }'], 'col_end': [39], 'value': [''], 'metadata_idx': 304}>"
"<Node id=10797 labels={'Literal'} properties={'name': 'Literal', 'order_att': 69, 'value': {'gromet_type': 'LiteralValue', 'value': '""E""', 'value_type': 'List'}, 'order_box': 23}>","<Relationship id=16071 start_node_id=10797 end_node_id=10864 nodes=(10797, 10864) type=Metadata properties={}>","<Node id=10864 labels={'Metadata'} properties={'gromet_version': ['', ''], 'source_language_version': ['3.8', ''], 'variable_definition': ['', ''], 'files': ['', ''], 'source_language': ['Python', ''], 'global_reference_id': ['', ''], 'data_type': [""<class 'str'>"", ''], 'name': ['', ''], 'line_end': [0, 122], 'code_file_reference_uid': ['', '32cee2b2-c398-660d-7af9-3110d680fb4f'], 'line_begin': [0, 122], 'metadata_type': ['', ''], 'text_extraction': ['', ''], 'col_begin': [0, 35], 'grounding': ['', ''], 'variable_identifier': ['', ''], 'provenance': ['Provenance { method: Some(""skema_code2fn_program_analysis""), timestamp: Some(""2024-02-01 21:11:11.454810"") }', 'Provenance { method: Some(""skema_code2fn_program_analysis""), timestamp: Some(""2024-02-01 21:11:11.454803"") }'], 'col_end': [0, 38], 'value': ['', ''], 'metadata_idx': 303}>"
"<Node id=10798 labels={'Primitive'} properties={'name': 'module.plot_2', 'order_att': 0, 'value': '', 'order_box': 24}>","<Relationship id=16072 start_node_id=10798 end_node_id=10865 nodes=(10798, 10865) type=Metadata properties={}>","<Node id=10865 labels={'Metadata'} properties={'gromet_version': [''], 'source_language_version': [''], 'variable_definition': [''], 'files': [''], 'source_language': [''], 'global_reference_id': [''], 'data_type': [''], 'name': [''], 'line_end': [123], 'code_file_reference_uid': ['32cee2b2-c398-660d-7af9-3110d680fb4f'], 'line_begin': [123], 'metadata_type': [''], 'text_extraction': [''], 'col_begin': [0], 'grounding': [''], 'variable_identifier': [''], 'provenance': ['Provenance { method: Some(""skema_code2fn_program_analysis""), timestamp: Some(""2024-02-01 21:11:11.454866"") }'], 'col_end': [39], 'value': [''], 'metadata_idx': 305}>"
"<Node id=10799 labels={'Expression'} properties={'name': 'Expression98', 'order_att': 71, 'value': '', 'order_box': 25}>","<Relationship id=16073 start_node_id=10799 end_node_id=10866 nodes=(10799, 10866) type=Metadata properties={}>","<Node id=10866 labels={'Metadata'} properties={'gromet_version': [''], 'source_language_version': [''], 'variable_definition': [''], 'files': [''], 'source_language': [''], 'global_reference_id': [''], 'data_type': [''], 'name': [''], 'line_end': [123], 'code_file_reference_uid': ['32cee2b2-c398-660d-7af9-3110d680fb4f'], 'line_begin': [123], 'metadata_type': [''], 'text_extraction': [''], 'col_begin': [0], 'grounding': [''], 'variable_identifier': [''], 'provenance': ['Provenance { method: Some(""skema_code2fn_program_analysis""), timestamp: Some(""2024-02-01 21:11:11.454973"") }'], 'col_end': [39], 'value': [''], 'metadata_idx': 307}>"
"<Node id=10801 labels={'Literal'} properties={'name': 'Literal', 'order_att': 71, 'value': {'gromet_type': 'LiteralValue', 'value': '""I""', 'value_type': 'List'}, 'order_box': 25}>","<Relationship id=15979 start_node_id=10801 end_node_id=10867 nodes=(10801, 10867) type=Metadata properties={}>","<Node id=10867 labels={'Metadata'} properties={'gromet_version': ['', ''], 'source_language_version': ['3.8', ''], 'variable_definition': ['', ''], 'files': ['', ''], 'source_language': ['Python', ''], 'global_reference_id': ['', ''], 'data_type': [""<class 'str'>"", ''], 'name': ['', ''], 'line_end': [0, 123], 'code_file_reference_uid': ['', '32cee2b2-c398-660d-7af9-3110d680fb4f'], 'line_begin': [0, 123], 'metadata_type': ['', ''], 'text_extraction': ['', ''], 'col_begin': [0, 35], 'grounding': ['', ''], 'variable_identifier': ['', ''], 'provenance': ['Provenance { method: Some(""skema_code2fn_program_analysis""), timestamp: Some(""2024-02-01 21:11:11.455000"") }', 'Provenance { method: Some(""skema_code2fn_program_analysis""), timestamp: Some(""2024-02-01 21:11:11.454993"") }'], 'col_end': [0, 38], 'value': ['', ''], 'metadata_idx': 306}>"
"<Node id=10802 labels={'Primitive'} properties={'name': 'module.plot_3', 'order_att': 0, 'value': '', 'order_box': 26}>","<Relationship id=15980 start_node_id=10802 end_node_id=10868 nodes=(10802, 10868) type=Metadata properties={}>","<Node id=10868 labels={'Metadata'} properties={'gromet_version': [''], 'source_language_version': [''], 'variable_definition': [''], 'files': [''], 'source_language': [''], 'global_reference_id': [''], 'data_type': [''], 'name': [''], 'line_end': [124], 'code_file_reference_uid': ['32cee2b2-c398-660d-7af9-3110d680fb4f'], 'line_begin': [124], 'metadata_type': [''], 'text_extraction': [''], 'col_begin': [0], 'grounding': [''], 'variable_identifier': [''], 'provenance': ['Provenance { method: Some(""skema_code2fn_program_analysis""), timestamp: Some(""2024-02-01 21:11:11.455056"") }'], 'col_end': [39], 'value': [''], 'metadata_idx': 308}>"
"<Node id=10803 labels={'Expression'} properties={'name': 'Expression105', 'order_att': 73, 'value': '', 'order_box': 27}>","<Relationship id=15981 start_node_id=10803 end_node_id=10869 nodes=(10803, 10869) type=Metadata properties={}>","<Node id=10869 labels={'Metadata'} properties={'gromet_version': [''], 'source_language_version': [''], 'variable_definition': [''], 'files': [''], 'source_language': [''], 'global_reference_id': [''], 'data_type': [''], 'name': [''], 'line_end': [124], 'code_file_reference_uid': ['32cee2b2-c398-660d-7af9-3110d680fb4f'], 'line_begin': [124], 'metadata_type': [''], 'text_extraction': [''], 'col_begin': [0], 'grounding': [''], 'variable_identifier': [''], 'provenance': ['Provenance { method: Some(""skema_code2fn_program_analysis""), timestamp: Some(""2024-02-01 21:11:11.455164"") }'], 'col_end': [39], 'value': [''], 'metadata_idx': 310}>"
"<Node id=10805 labels={'Literal'} properties={'name': 'Literal', 'order_att': 73, 'value': {'gromet_type': 'LiteralValue', 'value': '""D""', 'value_type': 'List'}, 'order_box': 27}>","<Relationship id=15984 start_node_id=10805 end_node_id=10870 nodes=(10805, 10870) type=Metadata properties={}>","<Node id=10870 labels={'Metadata'} properties={'gromet_version': ['', ''], 'source_language_version': ['3.8', ''], 'variable_definition': ['', ''], 'files': ['', ''], 'source_language': ['Python', ''], 'global_reference_id': ['', ''], 'data_type': [""<class 'str'>"", ''], 'name': ['', ''], 'line_end': [0, 124], 'code_file_reference_uid': ['', '32cee2b2-c398-660d-7af9-3110d680fb4f'], 'line_begin': [0, 124], 'metadata_type': ['', ''], 'text_extraction': ['', ''], 'col_begin': [0, 35], 'grounding': ['', ''], 'variable_identifier': ['', ''], 'provenance': ['Provenance { method: Some(""skema_code2fn_program_analysis""), timestamp: Some(""2024-02-01 21:11:11.455191"") }', 'Provenance { method: Some(""skema_code2fn_program_analysis""), timestamp: Some(""2024-02-01 21:11:11.455184"") }'], 'col_end': [0, 38], 'value': ['', ''], 'metadata_idx': 309}>"
"<Node id=10806 labels={'Primitive'} properties={'name': 'module.plot_4', 'order_att': 0, 'value': '', 'order_box': 28}>","<Relationship id=15986 start_node_id=10806 end_node_id=10871 nodes=(10806, 10871) type=Metadata properties={}>","<Node id=10871 labels={'Metadata'} properties={'gromet_version': [''], 'source_language_version': [''], 'variable_definition': [''], 'files': [''], 'source_language': [''], 'global_reference_id': [''], 'data_type': [''], 'name': [''], 'line_end': [125], 'code_file_reference_uid': ['32cee2b2-c398-660d-7af9-3110d680fb4f'], 'line_begin': [125], 'metadata_type': [''], 'text_extraction': [''], 'col_begin': [0], 'grounding': [''], 'variable_identifier': [''], 'provenance': ['Provenance { method: Some(""skema_code2fn_program_analysis""), timestamp: Some(""2024-02-01 21:11:11.455251"") }'], 'col_end': [39], 'value': [''], 'metadata_idx': 311}>"
"<Node id=10807 labels={'Expression'} properties={'name': 'Expression112', 'order_att': 75, 'value': '', 'order_box': 29}>","<Relationship id=15987 start_node_id=10807 end_node_id=10872 nodes=(10807, 10872) type=Metadata properties={}>","<Node id=10872 labels={'Metadata'} properties={'gromet_version': [''], 'source_language_version': [''], 'variable_definition': [''], 'files': [''], 'source_language': [''], 'global_reference_id': [''], 'data_type': [''], 'name': [''], 'line_end': [125], 'code_file_reference_uid': ['32cee2b2-c398-660d-7af9-3110d680fb4f'], 'line_begin': [125], 'metadata_type': [''], 'text_extraction': [''], 'col_begin': [0], 'grounding': [''], 'variable_identifier': [''], 'provenance': ['Provenance { method: Some(""skema_code2fn_program_analysis""), timestamp: Some(""2024-02-01 21:11:11.455361"") }'], 'col_end': [39], 'value': [''], 'metadata_idx': 313}>"
"<Node id=10809 labels={'Literal'} properties={'name': 'Literal', 'order_att': 75, 'value': {'gromet_type': 'LiteralValue', 'value': '""R""', 'value_type': 'List'}, 'order_box': 29}>","<Relationship id=15990 start_node_id=10809 end_node_id=10873 nodes=(10809, 10873) type=Metadata properties={}>","<Node id=10873 labels={'Metadata'} properties={'gromet_version': ['', ''], 'source_language_version': ['3.8', ''], 'variable_definition': ['', ''], 'files': ['', ''], 'source_language': ['Python', ''], 'global_reference_id': ['', ''], 'data_type': [""<class 'str'>"", ''], 'name': ['', ''], 'line_end': [0, 125], 'code_file_reference_uid': ['', '32cee2b2-c398-660d-7af9-3110d680fb4f'], 'line_begin': [0, 125], 'metadata_type': ['', ''], 'text_extraction': ['', ''], 'col_begin': [0, 35], 'grounding': ['', ''], 'variable_identifier': ['', ''], 'provenance': ['Provenance { method: Some(""skema_code2fn_program_analysis""), timestamp: Some(""2024-02-01 21:11:11.455389"") }', 'Provenance { method: Some(""skema_code2fn_program_analysis""), timestamp: Some(""2024-02-01 21:11:11.455381"") }'], 'col_end': [0, 38], 'value': ['', ''], 'metadata_idx': 312}>"
"<Node id=10810 labels={'Primitive'} properties={'name': 'module.plot_5', 'order_att': 0, 'value': '', 'order_box': 30}>","<Relationship id=15991 start_node_id=10810 end_node_id=10874 nodes=(10810, 10874) type=Metadata properties={}>","<Node id=10874 labels={'Metadata'} properties={'gromet_version': [''], 'source_language_version': [''], 'variable_definition': [''], 'files': [''], 'source_language': [''], 'global_reference_id': [''], 'data_type': [''], 'name': [''], 'line_end': [126], 'code_file_reference_uid': ['32cee2b2-c398-660d-7af9-3110d680fb4f'], 'line_begin': [126], 'metadata_type': [''], 'text_extraction': [''], 'col_begin': [0], 'grounding': [''], 'variable_identifier': [''], 'provenance': ['Provenance { method: Some(""skema_code2fn_program_analysis""), timestamp: Some(""2024-02-01 21:11:11.455446"") }'], 'col_end': [39], 'value': [''], 'metadata_idx': 314}>"
"<Node id=10811 labels={'Expression'} properties={'name': 'Expression119', 'order_att': 77, 'value': '', 'order_box': 31}>","<Relationship id=15992 start_node_id=10811 end_node_id=10875 nodes=(10811, 10875) type=Metadata properties={}>","<Node id=10875 labels={'Metadata'} properties={'gromet_version': [''], 'source_language_version': [''], 'variable_definition': [''], 'files': [''], 'source_language': [''], 'global_reference_id': [''], 'data_type': [''], 'name': [''], 'line_end': [126], 'code_file_reference_uid': ['32cee2b2-c398-660d-7af9-3110d680fb4f'], 'line_begin': [126], 'metadata_type': [''], 'text_extraction': [''], 'col_begin': [0], 'grounding': [''], 'variable_identifier': [''], 'provenance': ['Provenance { method: Some(""skema_code2fn_program_analysis""), timestamp: Some(""2024-02-01 21:11:11.455557"") }'], 'col_end': [39], 'value': [''], 'metadata_idx': 316}>"
"<Node id=10813 labels={'Literal'} properties={'name': 'Literal', 'order_att': 77, 'value': {'gromet_type': 'LiteralValue', 'value': '""A""', 'value_type': 'List'}, 'order_box': 31}>","<Relationship id=15996 start_node_id=10813 end_node_id=10876 nodes=(10813, 10876) type=Metadata properties={}>","<Node id=10876 labels={'Metadata'} properties={'gromet_version': ['', ''], 'source_language_version': ['3.8', ''], 'variable_definition': ['', ''], 'files': ['', ''], 'source_language': ['Python', ''], 'global_reference_id': ['', ''], 'data_type': [""<class 'str'>"", ''], 'name': ['', ''], 'line_end': [0, 126], 'code_file_reference_uid': ['', '32cee2b2-c398-660d-7af9-3110d680fb4f'], 'line_begin': [0, 126], 'metadata_type': ['', ''], 'text_extraction': ['', ''], 'col_begin': [0, 35], 'grounding': ['', ''], 'variable_identifier': ['', ''], 'provenance': ['Provenance { method: Some(""skema_code2fn_program_analysis""), timestamp: Some(""2024-02-01 21:11:11.455582"") }', 'Provenance { method: Some(""skema_code2fn_program_analysis""), timestamp: Some(""2024-02-01 21:11:11.455576"") }'], 'col_end': [0, 38], 'value': ['', ''], 'metadata_idx': 315}>"
"<Node id=10815 labels={'Primitive'} properties={'name': 'module.xlabel_0', 'order_att': 0, 'value': '', 'order_box': 33}>","<Relationship id=15997 start_node_id=10815 end_node_id=10877 nodes=(10815, 10877) type=Metadata properties={}>","<Node id=10877 labels={'Metadata'} properties={'gromet_version': [''], 'source_language_version': [''], 'variable_definition': [''], 'files': [''], 'source_language': [''], 'global_reference_id': [''], 'data_type': [''], 'name': [''], 'line_end': [127], 'code_file_reference_uid': ['32cee2b2-c398-660d-7af9-3110d680fb4f'], 'line_begin': [127], 'metadata_type': [''], 'text_extraction': [''], 'col_begin': [0], 'grounding': [''], 'variable_identifier': [''], 'provenance': ['Provenance { method: Some(""skema_code2fn_program_analysis""), timestamp: Some(""2024-02-01 21:11:11.455639"") }'], 'col_end': [18], 'value': [''], 'metadata_idx': 317}>"
"<Node id=10816 labels={'Literal'} properties={'name': 'Literal', 'order_att': 0, 'value': {'gromet_type': 'LiteralValue', 'value': '""Time""', 'value_type': 'List'}, 'order_box': 34}>","<Relationship id=15998 start_node_id=10816 end_node_id=10878 nodes=(10816, 10878) type=Metadata properties={}>","<Node id=10878 labels={'Metadata'} properties={'gromet_version': ['', ''], 'source_language_version': ['3.8', ''], 'variable_definition': ['', ''], 'files': ['', ''], 'source_language': ['Python', ''], 'global_reference_id': ['', ''], 'data_type': [""<class 'str'>"", ''], 'name': ['', ''], 'line_end': [0, 127], 'code_file_reference_uid': ['', '32cee2b2-c398-660d-7af9-3110d680fb4f'], 'line_begin': [0, 127], 'metadata_type': ['', ''], 'text_extraction': ['', ''], 'col_begin': [0, 11], 'grounding': ['', ''], 'variable_identifier': ['', ''], 'provenance': ['Provenance { method: Some(""skema_code2fn_program_analysis""), timestamp: Some(""2024-02-01 21:11:11.455771"") }', 'Provenance { method: Some(""skema_code2fn_program_analysis""), timestamp: Some(""2024-02-01 21:11:11.455745"") }'], 'col_end': [0, 17], 'value': ['', ''], 'metadata_idx': 318}>"
"<Node id=10818 labels={'Primitive'} properties={'name': 'module.ylabel_0', 'order_att': 0, 'value': '', 'order_box': 36}>","<Relationship id=15999 start_node_id=10818 end_node_id=10879 nodes=(10818, 10879) type=Metadata properties={}>","<Node id=10879 labels={'Metadata'} properties={'gromet_version': [''], 'source_language_version': [''], 'variable_definition': [''], 'files': [''], 'source_language': [''], 'global_reference_id': [''], 'data_type': [''], 'name': [''], 'line_end': [128], 'code_file_reference_uid': ['32cee2b2-c398-660d-7af9-3110d680fb4f'], 'line_begin': [128], 'metadata_type': [''], 'text_extraction': [''], 'col_begin': [0], 'grounding': [''], 'variable_identifier': [''], 'provenance': ['Provenance { method: Some(""skema_code2fn_program_analysis""), timestamp: Some(""2024-02-01 21:11:11.455822"") }'], 'col_end': [24], 'value': [''], 'metadata_idx': 319}>"
"<Node id=10819 labels={'Literal'} properties={'name': 'Literal', 'order_att': 0, 'value': {'gromet_type': 'LiteralValue', 'value': '""Population""', 'value_type': 'List'}, 'order_box': 37}>","<Relationship id=16000 start_node_id=10819 end_node_id=10880 nodes=(10819, 10880) type=Metadata properties={}>","<Node id=10880 labels={'Metadata'} properties={'gromet_version': ['', ''], 'source_language_version': ['3.8', ''], 'variable_definition': ['', ''], 'files': ['', ''], 'source_language': ['Python', ''], 'global_reference_id': ['', ''], 'data_type': [""<class 'str'>"", ''], 'name': ['', ''], 'line_end': [0, 128], 'code_file_reference_uid': ['', '32cee2b2-c398-660d-7af9-3110d680fb4f'], 'line_begin': [0, 128], 'metadata_type': ['', ''], 'text_extraction': ['', ''], 'col_begin': [0, 11], 'grounding': ['', ''], 'variable_identifier': ['', ''], 'provenance': ['Provenance { method: Some(""skema_code2fn_program_analysis""), timestamp: Some(""2024-02-01 21:11:11.455940"") }', 'Provenance { method: Some(""skema_code2fn_program_analysis""), timestamp: Some(""2024-02-01 21:11:11.455932"") }'], 'col_end': [0, 23], 'value': ['', ''], 'metadata_idx': 320}>"
"<Node id=10821 labels={'Primitive'} properties={'name': 'module.title_0', 'order_att': 0, 'value': '', 'order_box': 39}>","<Relationship id=16001 start_node_id=10821 end_node_id=10881 nodes=(10821, 10881) type=Metadata properties={}>","<Node id=10881 labels={'Metadata'} properties={'gromet_version': [''], 'source_language_version': [''], 'variable_definition': [''], 'files': [''], 'source_language': [''], 'global_reference_id': [''], 'data_type': [''], 'name': [''], 'line_end': [129], 'code_file_reference_uid': ['32cee2b2-c398-660d-7af9-3110d680fb4f'], 'line_begin': [129], 'metadata_type': [''], 'text_extraction': [''], 'col_begin': [0], 'grounding': [''], 'variable_identifier': [''], 'provenance': ['Provenance { method: Some(""skema_code2fn_program_analysis""), timestamp: Some(""2024-02-01 21:11:11.455990"") }'], 'col_end': [38], 'value': [''], 'metadata_idx': 321}>"
"<Node id=10822 labels={'Literal'} properties={'name': 'Literal', 'order_att': 0, 'value': {'gromet_type': 'LiteralValue', 'value': '""SIDARTHE Model Simulation""', 'value_type': 'List'}, 'order_box': 40}>","<Relationship id=16002 start_node_id=10822 end_node_id=10882 nodes=(10822, 10882) type=Metadata properties={}>","<Node id=10882 labels={'Metadata'} properties={'gromet_version': ['', ''], 'source_language_version': ['3.8', ''], 'variable_definition': ['', ''], 'files': ['', ''], 'source_language': ['Python', ''], 'global_reference_id': ['', ''], 'data_type': [""<class 'str'>"", ''], 'name': ['', ''], 'line_end': [0, 129], 'code_file_reference_uid': ['', '32cee2b2-c398-660d-7af9-3110d680fb4f'], 'line_begin': [0, 129], 'metadata_type': ['', ''], 'text_extraction': ['', ''], 'col_begin': [0, 10], 'grounding': ['', ''], 'variable_identifier': ['', ''], 'provenance': ['Provenance { method: Some(""skema_code2fn_program_analysis""), timestamp: Some(""2024-02-01 21:11:11.456141"") }', 'Provenance { method: Some(""skema_code2fn_program_analysis""), timestamp: Some(""2024-02-01 21:11:11.456133"") }'], 'col_end': [0, 37], 'value': ['', ''], 'metadata_idx': 322}>"
"<Node id=10824 labels={'Primitive'} properties={'name': 'module.legend_0', 'order_att': 0, 'value': '', 'order_box': 42}>","<Relationship id=16003 start_node_id=10824 end_node_id=10883 nodes=(10824, 10883) type=Metadata properties={}>","<Node id=10883 labels={'Metadata'} properties={'gromet_version': [''], 'source_language_version': [''], 'variable_definition': [''], 'files': [''], 'source_language': [''], 'global_reference_id': [''], 'data_type': [''], 'name': [''], 'line_end': [130], 'code_file_reference_uid': ['32cee2b2-c398-660d-7af9-3110d680fb4f'], 'line_begin': [130], 'metadata_type': [''], 'text_extraction': [''], 'col_begin': [0], 'grounding': [''], 'variable_identifier': [''], 'provenance': ['Provenance { method: Some(""skema_code2fn_program_analysis""), timestamp: Some(""2024-02-01 21:11:11.456193"") }'], 'col_end': [12], 'value': [''], 'metadata_idx': 323}>"
"<Node id=10826 labels={'Primitive'} properties={'name': 'module.show_0', 'order_att': 0, 'value': '', 'order_box': 44}>","<Relationship id=16004 start_node_id=10826 end_node_id=10884 nodes=(10826, 10884) type=Metadata properties={}>","<Node id=10884 labels={'Metadata'} properties={'gromet_version': [''], 'source_language_version': [''], 'variable_definition': [''], 'files': [''], 'source_language': [''], 'global_reference_id': [''], 'data_type': [''], 'name': [''], 'line_end': [131], 'code_file_reference_uid': ['32cee2b2-c398-660d-7af9-3110d680fb4f'], 'line_begin': [131], 'metadata_type': [''], 'text_extraction': [''], 'col_begin': [0], 'grounding': [''], 'variable_identifier': [''], 'provenance': ['Provenance { method: Some(""skema_code2fn_program_analysis""), timestamp: Some(""2024-02-01 21:11:11.456307"") }'], 'col_end': [10], 'value': [''], 'metadata_idx': 324}>"
