c,r,m
"<Node id=8898 labels={'Module'} properties={'name': 'module', 'schema': 'FN', 'filename': 'output-code-44', 'schema_version': '0.1.9'}>","<Relationship id=13680 start_node_id=8898 end_node_id=8899 nodes=(8898, 8899) type=Metadata properties={}>","<Node id=8899 labels={'Metadata'} properties={'gromet_version': [''], 'source_language_version': [''], 'variable_definition': [''], 'files': [''], 'source_language': [''], 'global_reference_id': [''], 'data_type': [''], 'name': [''], 'line_end': [76], 'code_file_reference_uid': ['1094c224-5caf-549b-11b0-a897b4ff731a'], 'line_begin': [1], 'metadata_type': [''], 'text_extraction': [''], 'col_begin': [0], 'grounding': [''], 'variable_identifier': [''], 'provenance': ['Provenance { method: Some(""skema_code2fn_program_analysis""), timestamp: Some(""2024-02-01 21:11:46.868473"") }'], 'col_end': [0], 'value': [''], 'metadata_idx': 3}>"
"<Node id=8898 labels={'Module'} properties={'name': 'module', 'schema': 'FN', 'filename': 'output-code-44', 'schema_version': '0.1.9'}>","<Relationship id=13681 start_node_id=8898 end_node_id=8900 nodes=(8898, 8900) type=Contains properties={'index': 19}>","<Node id=8900 labels={'Expression'} properties={'name': 'Expression0', 'order_att': 19, 'value': '', 'order_box': 1}>"
"<Node id=8900 labels={'Expression'} properties={'name': 'Expression0', 'order_att': 19, 'value': '', 'order_box': 1}>","<Relationship id=13765 start_node_id=8900 end_node_id=8901 nodes=(8900, 8901) type=Port_Of properties={}>","<Node id=8901 labels={'Opo'} properties={'name': 'S0', 'order_att': 19, 'value': '', 'order_box': 1}>"
"<Node id=8898 labels={'Module'} properties={'name': 'module', 'schema': 'FN', 'filename': 'output-code-44', 'schema_version': '0.1.9'}>","<Relationship id=13729 start_node_id=8898 end_node_id=8902 nodes=(8898, 8902) type=Contains properties={}>","<Node id=8902 labels={'Literal'} properties={'name': 'Literal', 'order_att': 19, 'value': {'gromet_type': 'LiteralValue', 'value': '1000', 'value_type': 'Integer'}, 'order_box': 1}>"
"<Node id=8901 labels={'Opo'} properties={'name': 'S0', 'order_att': 19, 'value': '', 'order_box': 1}>","<Relationship id=13766 start_node_id=8901 end_node_id=8902 nodes=(8901, 8902) type=Wire properties={}>","<Node id=8902 labels={'Literal'} properties={'name': 'Literal', 'order_att': 19, 'value': {'gromet_type': 'LiteralValue', 'value': '1000', 'value_type': 'Integer'}, 'order_box': 1}>"
"<Node id=8898 labels={'Module'} properties={'name': 'module', 'schema': 'FN', 'filename': 'output-code-44', 'schema_version': '0.1.9'}>","<Relationship id=13742 start_node_id=8898 end_node_id=8903 nodes=(8898, 8903) type=Contains properties={'index': 20}>","<Node id=8903 labels={'Expression'} properties={'name': 'Expression5', 'order_att': 20, 'value': '', 'order_box': 2}>"
"<Node id=8903 labels={'Expression'} properties={'name': 'Expression5', 'order_att': 20, 'value': '', 'order_box': 2}>","<Relationship id=13858 start_node_id=8903 end_node_id=8904 nodes=(8903, 8904) type=Port_Of properties={}>","<Node id=8904 labels={'Opo'} properties={'name': 'I0', 'order_att': 20, 'value': '', 'order_box': 2}>"
"<Node id=8898 labels={'Module'} properties={'name': 'module', 'schema': 'FN', 'filename': 'output-code-44', 'schema_version': '0.1.9'}>","<Relationship id=13751 start_node_id=8898 end_node_id=8905 nodes=(8898, 8905) type=Contains properties={}>","<Node id=8905 labels={'Literal'} properties={'name': 'Literal', 'order_att': 20, 'value': {'gromet_type': 'LiteralValue', 'value': '1', 'value_type': 'Integer'}, 'order_box': 2}>"
"<Node id=8904 labels={'Opo'} properties={'name': 'I0', 'order_att': 20, 'value': '', 'order_box': 2}>","<Relationship id=13867 start_node_id=8904 end_node_id=8905 nodes=(8904, 8905) type=Wire properties={}>","<Node id=8905 labels={'Literal'} properties={'name': 'Literal', 'order_att': 20, 'value': {'gromet_type': 'LiteralValue', 'value': '1', 'value_type': 'Integer'}, 'order_box': 2}>"
"<Node id=8898 labels={'Module'} properties={'name': 'module', 'schema': 'FN', 'filename': 'output-code-44', 'schema_version': '0.1.9'}>","<Relationship id=13682 start_node_id=8898 end_node_id=8906 nodes=(8898, 8906) type=Contains properties={'index': 21}>","<Node id=8906 labels={'Expression'} properties={'name': 'Expression10', 'order_att': 21, 'value': '', 'order_box': 3}>"
"<Node id=8906 labels={'Expression'} properties={'name': 'Expression10', 'order_att': 21, 'value': '', 'order_box': 3}>","<Relationship id=13768 start_node_id=8906 end_node_id=8907 nodes=(8906, 8907) type=Port_Of properties={}>","<Node id=8907 labels={'Opo'} properties={'name': 'D0', 'order_att': 21, 'value': '', 'order_box': 3}>"
"<Node id=8898 labels={'Module'} properties={'name': 'module', 'schema': 'FN', 'filename': 'output-code-44', 'schema_version': '0.1.9'}>","<Relationship id=13692 start_node_id=8898 end_node_id=8908 nodes=(8898, 8908) type=Contains properties={}>","<Node id=8908 labels={'Literal'} properties={'name': 'Literal', 'order_att': 21, 'value': {'gromet_type': 'LiteralValue', 'value': '0', 'value_type': 'Integer'}, 'order_box': 3}>"
"<Node id=8907 labels={'Opo'} properties={'name': 'D0', 'order_att': 21, 'value': '', 'order_box': 3}>","<Relationship id=13777 start_node_id=8907 end_node_id=8908 nodes=(8907, 8908) type=Wire properties={}>","<Node id=8908 labels={'Literal'} properties={'name': 'Literal', 'order_att': 21, 'value': {'gromet_type': 'LiteralValue', 'value': '0', 'value_type': 'Integer'}, 'order_box': 3}>"
"<Node id=8898 labels={'Module'} properties={'name': 'module', 'schema': 'FN', 'filename': 'output-code-44', 'schema_version': '0.1.9'}>","<Relationship id=13705 start_node_id=8898 end_node_id=8909 nodes=(8898, 8909) type=Contains properties={'index': 22}>","<Node id=8909 labels={'Expression'} properties={'name': 'Expression15', 'order_att': 22, 'value': '', 'order_box': 4}>"
"<Node id=8909 labels={'Expression'} properties={'name': 'Expression15', 'order_att': 22, 'value': '', 'order_box': 4}>","<Relationship id=13806 start_node_id=8909 end_node_id=8910 nodes=(8909, 8910) type=Port_Of properties={}>","<Node id=8910 labels={'Opo'} properties={'name': 'A0', 'order_att': 22, 'value': '', 'order_box': 4}>"
"<Node id=8898 labels={'Module'} properties={'name': 'module', 'schema': 'FN', 'filename': 'output-code-44', 'schema_version': '0.1.9'}>","<Relationship id=13715 start_node_id=8898 end_node_id=8911 nodes=(8898, 8911) type=Contains properties={}>","<Node id=8911 labels={'Literal'} properties={'name': 'Literal', 'order_att': 22, 'value': {'gromet_type': 'LiteralValue', 'value': '0', 'value_type': 'Integer'}, 'order_box': 4}>"
"<Node id=8910 labels={'Opo'} properties={'name': 'A0', 'order_att': 22, 'value': '', 'order_box': 4}>","<Relationship id=13815 start_node_id=8910 end_node_id=8911 nodes=(8910, 8911) type=Wire properties={}>","<Node id=8911 labels={'Literal'} properties={'name': 'Literal', 'order_att': 22, 'value': {'gromet_type': 'LiteralValue', 'value': '0', 'value_type': 'Integer'}, 'order_box': 4}>"
"<Node id=8898 labels={'Module'} properties={'name': 'module', 'schema': 'FN', 'filename': 'output-code-44', 'schema_version': '0.1.9'}>","<Relationship id=13730 start_node_id=8898 end_node_id=8912 nodes=(8898, 8912) type=Contains properties={'index': 23}>","<Node id=8912 labels={'Expression'} properties={'name': 'Expression20', 'order_att': 23, 'value': '', 'order_box': 5}>"
"<Node id=8912 labels={'Expression'} properties={'name': 'Expression20', 'order_att': 23, 'value': '', 'order_box': 5}>","<Relationship id=13834 start_node_id=8912 end_node_id=8913 nodes=(8912, 8913) type=Port_Of properties={}>","<Node id=8913 labels={'Opo'} properties={'name': 'R0', 'order_att': 23, 'value': '', 'order_box': 5}>"
"<Node id=8898 labels={'Module'} properties={'name': 'module', 'schema': 'FN', 'filename': 'output-code-44', 'schema_version': '0.1.9'}>","<Relationship id=13731 start_node_id=8898 end_node_id=8914 nodes=(8898, 8914) type=Contains properties={}>","<Node id=8914 labels={'Literal'} properties={'name': 'Literal', 'order_att': 23, 'value': {'gromet_type': 'LiteralValue', 'value': '0', 'value_type': 'Integer'}, 'order_box': 5}>"
"<Node id=8913 labels={'Opo'} properties={'name': 'R0', 'order_att': 23, 'value': '', 'order_box': 5}>","<Relationship id=13835 start_node_id=8913 end_node_id=8914 nodes=(8913, 8914) type=Wire properties={}>","<Node id=8914 labels={'Literal'} properties={'name': 'Literal', 'order_att': 23, 'value': {'gromet_type': 'LiteralValue', 'value': '0', 'value_type': 'Integer'}, 'order_box': 5}>"
"<Node id=8898 labels={'Module'} properties={'name': 'module', 'schema': 'FN', 'filename': 'output-code-44', 'schema_version': '0.1.9'}>","<Relationship id=13732 start_node_id=8898 end_node_id=8915 nodes=(8898, 8915) type=Contains properties={'index': 24}>","<Node id=8915 labels={'Expression'} properties={'name': 'Expression25', 'order_att': 24, 'value': '', 'order_box': 6}>"
"<Node id=8915 labels={'Expression'} properties={'name': 'Expression25', 'order_att': 24, 'value': '', 'order_box': 6}>","<Relationship id=13838 start_node_id=8915 end_node_id=8916 nodes=(8915, 8916) type=Port_Of properties={}>","<Node id=8916 labels={'Opo'} properties={'name': 'T0', 'order_att': 24, 'value': '', 'order_box': 6}>"
"<Node id=8898 labels={'Module'} properties={'name': 'module', 'schema': 'FN', 'filename': 'output-code-44', 'schema_version': '0.1.9'}>","<Relationship id=13733 start_node_id=8898 end_node_id=8917 nodes=(8898, 8917) type=Contains properties={}>","<Node id=8917 labels={'Literal'} properties={'name': 'Literal', 'order_att': 24, 'value': {'gromet_type': 'LiteralValue', 'value': '0', 'value_type': 'Integer'}, 'order_box': 6}>"
"<Node id=8916 labels={'Opo'} properties={'name': 'T0', 'order_att': 24, 'value': '', 'order_box': 6}>","<Relationship id=13839 start_node_id=8916 end_node_id=8917 nodes=(8916, 8917) type=Wire properties={}>","<Node id=8917 labels={'Literal'} properties={'name': 'Literal', 'order_att': 24, 'value': {'gromet_type': 'LiteralValue', 'value': '0', 'value_type': 'Integer'}, 'order_box': 6}>"
"<Node id=8898 labels={'Module'} properties={'name': 'module', 'schema': 'FN', 'filename': 'output-code-44', 'schema_version': '0.1.9'}>","<Relationship id=13734 start_node_id=8898 end_node_id=8918 nodes=(8898, 8918) type=Contains properties={'index': 25}>","<Node id=8918 labels={'Expression'} properties={'name': 'Expression30', 'order_att': 25, 'value': '', 'order_box': 7}>"
"<Node id=8918 labels={'Expression'} properties={'name': 'Expression30', 'order_att': 25, 'value': '', 'order_box': 7}>","<Relationship id=13842 start_node_id=8918 end_node_id=8919 nodes=(8918, 8919) type=Port_Of properties={}>","<Node id=8919 labels={'Opo'} properties={'name': 'H0', 'order_att': 25, 'value': '', 'order_box': 7}>"
"<Node id=8898 labels={'Module'} properties={'name': 'module', 'schema': 'FN', 'filename': 'output-code-44', 'schema_version': '0.1.9'}>","<Relationship id=13735 start_node_id=8898 end_node_id=8920 nodes=(8898, 8920) type=Contains properties={}>","<Node id=8920 labels={'Literal'} properties={'name': 'Literal', 'order_att': 25, 'value': {'gromet_type': 'LiteralValue', 'value': '0', 'value_type': 'Integer'}, 'order_box': 7}>"
"<Node id=8919 labels={'Opo'} properties={'name': 'H0', 'order_att': 25, 'value': '', 'order_box': 7}>","<Relationship id=13843 start_node_id=8919 end_node_id=8920 nodes=(8919, 8920) type=Wire properties={}>","<Node id=8920 labels={'Literal'} properties={'name': 'Literal', 'order_att': 25, 'value': {'gromet_type': 'LiteralValue', 'value': '0', 'value_type': 'Integer'}, 'order_box': 7}>"
"<Node id=8898 labels={'Module'} properties={'name': 'module', 'schema': 'FN', 'filename': 'output-code-44', 'schema_version': '0.1.9'}>","<Relationship id=13736 start_node_id=8898 end_node_id=8921 nodes=(8898, 8921) type=Contains properties={'index': 26}>","<Node id=8921 labels={'Expression'} properties={'name': 'Expression35', 'order_att': 26, 'value': '', 'order_box': 8}>"
"<Node id=8921 labels={'Expression'} properties={'name': 'Expression35', 'order_att': 26, 'value': '', 'order_box': 8}>","<Relationship id=13846 start_node_id=8921 end_node_id=8922 nodes=(8921, 8922) type=Port_Of properties={}>","<Node id=8922 labels={'Opo'} properties={'name': 'E0', 'order_att': 26, 'value': '', 'order_box': 8}>"
"<Node id=8898 labels={'Module'} properties={'name': 'module', 'schema': 'FN', 'filename': 'output-code-44', 'schema_version': '0.1.9'}>","<Relationship id=13737 start_node_id=8898 end_node_id=8923 nodes=(8898, 8923) type=Contains properties={}>","<Node id=8923 labels={'Literal'} properties={'name': 'Literal', 'order_att': 26, 'value': {'gromet_type': 'LiteralValue', 'value': '0', 'value_type': 'Integer'}, 'order_box': 8}>"
"<Node id=8922 labels={'Opo'} properties={'name': 'E0', 'order_att': 26, 'value': '', 'order_box': 8}>","<Relationship id=13847 start_node_id=8922 end_node_id=8923 nodes=(8922, 8923) type=Wire properties={}>","<Node id=8923 labels={'Literal'} properties={'name': 'Literal', 'order_att': 26, 'value': {'gromet_type': 'LiteralValue', 'value': '0', 'value_type': 'Integer'}, 'order_box': 8}>"
"<Node id=8898 labels={'Module'} properties={'name': 'module', 'schema': 'FN', 'filename': 'output-code-44', 'schema_version': '0.1.9'}>","<Relationship id=13738 start_node_id=8898 end_node_id=8924 nodes=(8898, 8924) type=Contains properties={'index': 27}>","<Node id=8924 labels={'Expression'} properties={'name': 'Expression40', 'order_att': 27, 'value': '', 'order_box': 9}>"
"<Node id=8924 labels={'Expression'} properties={'name': 'Expression40', 'order_att': 27, 'value': '', 'order_box': 9}>","<Relationship id=13850 start_node_id=8924 end_node_id=8925 nodes=(8924, 8925) type=Port_Of properties={}>","<Node id=8925 labels={'Opo'} properties={'name': 'beta', 'order_att': 27, 'value': '', 'order_box': 9}>"
"<Node id=8898 labels={'Module'} properties={'name': 'module', 'schema': 'FN', 'filename': 'output-code-44', 'schema_version': '0.1.9'}>","<Relationship id=13739 start_node_id=8898 end_node_id=8926 nodes=(8898, 8926) type=Contains properties={}>","<Node id=8926 labels={'Literal'} properties={'name': 'Literal', 'order_att': 27, 'value': {'gromet_type': 'LiteralValue', 'value': '0.2', 'value_type': 'AbstractFloat'}, 'order_box': 9}>"
"<Node id=8925 labels={'Opo'} properties={'name': 'beta', 'order_att': 27, 'value': '', 'order_box': 9}>","<Relationship id=13851 start_node_id=8925 end_node_id=8926 nodes=(8925, 8926) type=Wire properties={}>","<Node id=8926 labels={'Literal'} properties={'name': 'Literal', 'order_att': 27, 'value': {'gromet_type': 'LiteralValue', 'value': '0.2', 'value_type': 'AbstractFloat'}, 'order_box': 9}>"
"<Node id=8898 labels={'Module'} properties={'name': 'module', 'schema': 'FN', 'filename': 'output-code-44', 'schema_version': '0.1.9'}>","<Relationship id=13740 start_node_id=8898 end_node_id=8927 nodes=(8898, 8927) type=Contains properties={'index': 28}>","<Node id=8927 labels={'Expression'} properties={'name': 'Expression45', 'order_att': 28, 'value': '', 'order_box': 10}>"
"<Node id=8927 labels={'Expression'} properties={'name': 'Expression45', 'order_att': 28, 'value': '', 'order_box': 10}>","<Relationship id=13854 start_node_id=8927 end_node_id=8928 nodes=(8927, 8928) type=Port_Of properties={}>","<Node id=8928 labels={'Opo'} properties={'name': 'gamma', 'order_att': 28, 'value': '', 'order_box': 10}>"
"<Node id=8898 labels={'Module'} properties={'name': 'module', 'schema': 'FN', 'filename': 'output-code-44', 'schema_version': '0.1.9'}>","<Relationship id=13741 start_node_id=8898 end_node_id=8929 nodes=(8898, 8929) type=Contains properties={}>","<Node id=8929 labels={'Literal'} properties={'name': 'Literal', 'order_att': 28, 'value': {'gromet_type': 'LiteralValue', 'value': '0.1', 'value_type': 'AbstractFloat'}, 'order_box': 10}>"
"<Node id=8928 labels={'Opo'} properties={'name': 'gamma', 'order_att': 28, 'value': '', 'order_box': 10}>","<Relationship id=13855 start_node_id=8928 end_node_id=8929 nodes=(8928, 8929) type=Wire properties={}>","<Node id=8929 labels={'Literal'} properties={'name': 'Literal', 'order_att': 28, 'value': {'gromet_type': 'LiteralValue', 'value': '0.1', 'value_type': 'AbstractFloat'}, 'order_box': 10}>"
"<Node id=8898 labels={'Module'} properties={'name': 'module', 'schema': 'FN', 'filename': 'output-code-44', 'schema_version': '0.1.9'}>","<Relationship id=13743 start_node_id=8898 end_node_id=8930 nodes=(8898, 8930) type=Contains properties={'index': 29}>","<Node id=8930 labels={'Expression'} properties={'name': 'Expression50', 'order_att': 29, 'value': '', 'order_box': 11}>"
"<Node id=8930 labels={'Expression'} properties={'name': 'Expression50', 'order_att': 29, 'value': '', 'order_box': 11}>","<Relationship id=13860 start_node_id=8930 end_node_id=8931 nodes=(8930, 8931) type=Port_Of properties={}>","<Node id=8931 labels={'Opo'} properties={'name': 'delta', 'order_att': 29, 'value': '', 'order_box': 11}>"
"<Node id=8898 labels={'Module'} properties={'name': 'module', 'schema': 'FN', 'filename': 'output-code-44', 'schema_version': '0.1.9'}>","<Relationship id=13744 start_node_id=8898 end_node_id=8932 nodes=(8898, 8932) type=Contains properties={}>","<Node id=8932 labels={'Literal'} properties={'name': 'Literal', 'order_att': 29, 'value': {'gromet_type': 'LiteralValue', 'value': '0.1', 'value_type': 'AbstractFloat'}, 'order_box': 11}>"
"<Node id=8931 labels={'Opo'} properties={'name': 'delta', 'order_att': 29, 'value': '', 'order_box': 11}>","<Relationship id=13861 start_node_id=8931 end_node_id=8932 nodes=(8931, 8932) type=Wire properties={}>","<Node id=8932 labels={'Literal'} properties={'name': 'Literal', 'order_att': 29, 'value': {'gromet_type': 'LiteralValue', 'value': '0.1', 'value_type': 'AbstractFloat'}, 'order_box': 11}>"
"<Node id=8898 labels={'Module'} properties={'name': 'module', 'schema': 'FN', 'filename': 'output-code-44', 'schema_version': '0.1.9'}>","<Relationship id=13745 start_node_id=8898 end_node_id=8933 nodes=(8898, 8933) type=Contains properties={'index': 30}>","<Node id=8933 labels={'Expression'} properties={'name': 'Expression55', 'order_att': 30, 'value': '', 'order_box': 12}>"
"<Node id=8933 labels={'Expression'} properties={'name': 'Expression55', 'order_att': 30, 'value': '', 'order_box': 12}>","<Relationship id=13864 start_node_id=8933 end_node_id=8934 nodes=(8933, 8934) type=Port_Of properties={}>","<Node id=8934 labels={'Opo'} properties={'name': 'alpha', 'order_att': 30, 'value': '', 'order_box': 12}>"
"<Node id=8898 labels={'Module'} properties={'name': 'module', 'schema': 'FN', 'filename': 'output-code-44', 'schema_version': '0.1.9'}>","<Relationship id=13746 start_node_id=8898 end_node_id=8935 nodes=(8898, 8935) type=Contains properties={}>","<Node id=8935 labels={'Literal'} properties={'name': 'Literal', 'order_att': 30, 'value': {'gromet_type': 'LiteralValue', 'value': '0.2', 'value_type': 'AbstractFloat'}, 'order_box': 12}>"
"<Node id=8934 labels={'Opo'} properties={'name': 'alpha', 'order_att': 30, 'value': '', 'order_box': 12}>","<Relationship id=13865 start_node_id=8934 end_node_id=8935 nodes=(8934, 8935) type=Wire properties={}>","<Node id=8935 labels={'Literal'} properties={'name': 'Literal', 'order_att': 30, 'value': {'gromet_type': 'LiteralValue', 'value': '0.2', 'value_type': 'AbstractFloat'}, 'order_box': 12}>"
"<Node id=8898 labels={'Module'} properties={'name': 'module', 'schema': 'FN', 'filename': 'output-code-44', 'schema_version': '0.1.9'}>","<Relationship id=13747 start_node_id=8898 end_node_id=8936 nodes=(8898, 8936) type=Contains properties={'index': 31}>","<Node id=8936 labels={'Expression'} properties={'name': 'Expression60', 'order_att': 31, 'value': '', 'order_box': 13}>"
"<Node id=8936 labels={'Expression'} properties={'name': 'Expression60', 'order_att': 31, 'value': '', 'order_box': 13}>","<Relationship id=13869 start_node_id=8936 end_node_id=8937 nodes=(8936, 8937) type=Port_Of properties={}>","<Node id=8937 labels={'Opo'} properties={'name': 'theta', 'order_att': 31, 'value': '', 'order_box': 13}>"
"<Node id=8898 labels={'Module'} properties={'name': 'module', 'schema': 'FN', 'filename': 'output-code-44', 'schema_version': '0.1.9'}>","<Relationship id=13748 start_node_id=8898 end_node_id=8938 nodes=(8898, 8938) type=Contains properties={}>","<Node id=8938 labels={'Literal'} properties={'name': 'Literal', 'order_att': 31, 'value': {'gromet_type': 'LiteralValue', 'value': '0.1', 'value_type': 'AbstractFloat'}, 'order_box': 13}>"
"<Node id=8937 labels={'Opo'} properties={'name': 'theta', 'order_att': 31, 'value': '', 'order_box': 13}>","<Relationship id=13870 start_node_id=8937 end_node_id=8938 nodes=(8937, 8938) type=Wire properties={}>","<Node id=8938 labels={'Literal'} properties={'name': 'Literal', 'order_att': 31, 'value': {'gromet_type': 'LiteralValue', 'value': '0.1', 'value_type': 'AbstractFloat'}, 'order_box': 13}>"
"<Node id=8898 labels={'Module'} properties={'name': 'module', 'schema': 'FN', 'filename': 'output-code-44', 'schema_version': '0.1.9'}>","<Relationship id=13749 start_node_id=8898 end_node_id=8939 nodes=(8898, 8939) type=Contains properties={'index': 32}>","<Node id=8939 labels={'Expression'} properties={'name': 'Expression65', 'order_att': 32, 'value': '', 'order_box': 14}>"
"<Node id=8939 labels={'Expression'} properties={'name': 'Expression65', 'order_att': 32, 'value': '', 'order_box': 14}>","<Relationship id=13873 start_node_id=8939 end_node_id=8940 nodes=(8939, 8940) type=Port_Of properties={}>","<Node id=8940 labels={'Opo'} properties={'name': 'kappa', 'order_att': 32, 'value': '', 'order_box': 14}>"
"<Node id=8898 labels={'Module'} properties={'name': 'module', 'schema': 'FN', 'filename': 'output-code-44', 'schema_version': '0.1.9'}>","<Relationship id=13750 start_node_id=8898 end_node_id=8941 nodes=(8898, 8941) type=Contains properties={}>","<Node id=8941 labels={'Literal'} properties={'name': 'Literal', 'order_att': 32, 'value': {'gromet_type': 'LiteralValue', 'value': '0.1', 'value_type': 'AbstractFloat'}, 'order_box': 14}>"
"<Node id=8940 labels={'Opo'} properties={'name': 'kappa', 'order_att': 32, 'value': '', 'order_box': 14}>","<Relationship id=13874 start_node_id=8940 end_node_id=8941 nodes=(8940, 8941) type=Wire properties={}>","<Node id=8941 labels={'Literal'} properties={'name': 'Literal', 'order_att': 32, 'value': {'gromet_type': 'LiteralValue', 'value': '0.1', 'value_type': 'AbstractFloat'}, 'order_box': 14}>"
"<Node id=8898 labels={'Module'} properties={'name': 'module', 'schema': 'FN', 'filename': 'output-code-44', 'schema_version': '0.1.9'}>","<Relationship id=13752 start_node_id=8898 end_node_id=8942 nodes=(8898, 8942) type=Contains properties={'index': 33}>","<Node id=8942 labels={'Expression'} properties={'name': 'Expression70', 'order_att': 33, 'value': '', 'order_box': 15}>"
"<Node id=8942 labels={'Expression'} properties={'name': 'Expression70', 'order_att': 33, 'value': '', 'order_box': 15}>","<Relationship id=13878 start_node_id=8942 end_node_id=8943 nodes=(8942, 8943) type=Port_Of properties={}>","<Node id=8943 labels={'Opo'} properties={'name': 'omega', 'order_att': 33, 'value': '', 'order_box': 15}>"
"<Node id=8898 labels={'Module'} properties={'name': 'module', 'schema': 'FN', 'filename': 'output-code-44', 'schema_version': '0.1.9'}>","<Relationship id=13753 start_node_id=8898 end_node_id=8944 nodes=(8898, 8944) type=Contains properties={}>","<Node id=8944 labels={'Literal'} properties={'name': 'Literal', 'order_att': 33, 'value': {'gromet_type': 'LiteralValue', 'value': '0.1', 'value_type': 'AbstractFloat'}, 'order_box': 15}>"
"<Node id=8943 labels={'Opo'} properties={'name': 'omega', 'order_att': 33, 'value': '', 'order_box': 15}>","<Relationship id=13879 start_node_id=8943 end_node_id=8944 nodes=(8943, 8944) type=Wire properties={}>","<Node id=8944 labels={'Literal'} properties={'name': 'Literal', 'order_att': 33, 'value': {'gromet_type': 'LiteralValue', 'value': '0.1', 'value_type': 'AbstractFloat'}, 'order_box': 15}>"
"<Node id=8898 labels={'Module'} properties={'name': 'module', 'schema': 'FN', 'filename': 'output-code-44', 'schema_version': '0.1.9'}>","<Relationship id=13754 start_node_id=8898 end_node_id=8945 nodes=(8898, 8945) type=Contains properties={'index': 34}>","<Node id=8945 labels={'Expression'} properties={'name': 'Expression75', 'order_att': 34, 'value': '', 'order_box': 16}>"
"<Node id=8945 labels={'Expression'} properties={'name': 'Expression75', 'order_att': 34, 'value': '', 'order_box': 16}>","<Relationship id=13882 start_node_id=8945 end_node_id=8946 nodes=(8945, 8946) type=Port_Of properties={}>","<Node id=8946 labels={'Opo'} properties={'name': 'rho', 'order_att': 34, 'value': '', 'order_box': 16}>"
"<Node id=8898 labels={'Module'} properties={'name': 'module', 'schema': 'FN', 'filename': 'output-code-44', 'schema_version': '0.1.9'}>","<Relationship id=13755 start_node_id=8898 end_node_id=8947 nodes=(8898, 8947) type=Contains properties={}>","<Node id=8947 labels={'Literal'} properties={'name': 'Literal', 'order_att': 34, 'value': {'gromet_type': 'LiteralValue', 'value': '0.1', 'value_type': 'AbstractFloat'}, 'order_box': 16}>"
"<Node id=8946 labels={'Opo'} properties={'name': 'rho', 'order_att': 34, 'value': '', 'order_box': 16}>","<Relationship id=13883 start_node_id=8946 end_node_id=8947 nodes=(8946, 8947) type=Wire properties={}>","<Node id=8947 labels={'Literal'} properties={'name': 'Literal', 'order_att': 34, 'value': {'gromet_type': 'LiteralValue', 'value': '0.1', 'value_type': 'AbstractFloat'}, 'order_box': 16}>"
"<Node id=8898 labels={'Module'} properties={'name': 'module', 'schema': 'FN', 'filename': 'output-code-44', 'schema_version': '0.1.9'}>","<Relationship id=13756 start_node_id=8898 end_node_id=8948 nodes=(8898, 8948) type=Contains properties={'index': 35}>","<Node id=8948 labels={'Expression'} properties={'name': 'Expression80', 'order_att': 35, 'value': '', 'order_box': 17}>"
"<Node id=8948 labels={'Expression'} properties={'name': 'Expression80', 'order_att': 35, 'value': '', 'order_box': 17}>","<Relationship id=13886 start_node_id=8948 end_node_id=8949 nodes=(8948, 8949) type=Port_Of properties={}>","<Node id=8949 labels={'Opo'} properties={'name': 'sigma', 'order_att': 35, 'value': '', 'order_box': 17}>"
"<Node id=8898 labels={'Module'} properties={'name': 'module', 'schema': 'FN', 'filename': 'output-code-44', 'schema_version': '0.1.9'}>","<Relationship id=13757 start_node_id=8898 end_node_id=8950 nodes=(8898, 8950) type=Contains properties={}>","<Node id=8950 labels={'Literal'} properties={'name': 'Literal', 'order_att': 35, 'value': {'gromet_type': 'LiteralValue', 'value': '0.1', 'value_type': 'AbstractFloat'}, 'order_box': 17}>"
"<Node id=8949 labels={'Opo'} properties={'name': 'sigma', 'order_att': 35, 'value': '', 'order_box': 17}>","<Relationship id=13887 start_node_id=8949 end_node_id=8950 nodes=(8949, 8950) type=Wire properties={}>","<Node id=8950 labels={'Literal'} properties={'name': 'Literal', 'order_att': 35, 'value': {'gromet_type': 'LiteralValue', 'value': '0.1', 'value_type': 'AbstractFloat'}, 'order_box': 17}>"
"<Node id=8898 labels={'Module'} properties={'name': 'module', 'schema': 'FN', 'filename': 'output-code-44', 'schema_version': '0.1.9'}>","<Relationship id=13758 start_node_id=8898 end_node_id=8951 nodes=(8898, 8951) type=Contains properties={'index': 36}>","<Node id=8951 labels={'Expression'} properties={'name': 'Expression85', 'order_att': 36, 'value': '', 'order_box': 18}>"
"<Node id=8951 labels={'Expression'} properties={'name': 'Expression85', 'order_att': 36, 'value': '', 'order_box': 18}>","<Relationship id=13890 start_node_id=8951 end_node_id=8952 nodes=(8951, 8952) type=Port_Of properties={}>","<Node id=8952 labels={'Opo'} properties={'name': 'phi', 'order_att': 36, 'value': '', 'order_box': 18}>"
"<Node id=8898 labels={'Module'} properties={'name': 'module', 'schema': 'FN', 'filename': 'output-code-44', 'schema_version': '0.1.9'}>","<Relationship id=13759 start_node_id=8898 end_node_id=8953 nodes=(8898, 8953) type=Contains properties={}>","<Node id=8953 labels={'Literal'} properties={'name': 'Literal', 'order_att': 36, 'value': {'gromet_type': 'LiteralValue', 'value': '0.1', 'value_type': 'AbstractFloat'}, 'order_box': 18}>"
"<Node id=8952 labels={'Opo'} properties={'name': 'phi', 'order_att': 36, 'value': '', 'order_box': 18}>","<Relationship id=13891 start_node_id=8952 end_node_id=8953 nodes=(8952, 8953) type=Wire properties={}>","<Node id=8953 labels={'Literal'} properties={'name': 'Literal', 'order_att': 36, 'value': {'gromet_type': 'LiteralValue', 'value': '0.1', 'value_type': 'AbstractFloat'}, 'order_box': 18}>"
"<Node id=8898 labels={'Module'} properties={'name': 'module', 'schema': 'FN', 'filename': 'output-code-44', 'schema_version': '0.1.9'}>","<Relationship id=13760 start_node_id=8898 end_node_id=8954 nodes=(8898, 8954) type=Contains properties={'index': 37}>","<Node id=8954 labels={'Expression'} properties={'name': 'Expression90', 'order_att': 37, 'value': '', 'order_box': 19}>"
"<Node id=8954 labels={'Expression'} properties={'name': 'Expression90', 'order_att': 37, 'value': '', 'order_box': 19}>","<Relationship id=13894 start_node_id=8954 end_node_id=8955 nodes=(8954, 8955) type=Port_Of properties={}>","<Node id=8955 labels={'Opo'} properties={'name': 'psi', 'order_att': 37, 'value': '', 'order_box': 19}>"
"<Node id=8898 labels={'Module'} properties={'name': 'module', 'schema': 'FN', 'filename': 'output-code-44', 'schema_version': '0.1.9'}>","<Relationship id=13761 start_node_id=8898 end_node_id=8956 nodes=(8898, 8956) type=Contains properties={}>","<Node id=8956 labels={'Literal'} properties={'name': 'Literal', 'order_att': 37, 'value': {'gromet_type': 'LiteralValue', 'value': '0.1', 'value_type': 'AbstractFloat'}, 'order_box': 19}>"
"<Node id=8955 labels={'Opo'} properties={'name': 'psi', 'order_att': 37, 'value': '', 'order_box': 19}>","<Relationship id=13895 start_node_id=8955 end_node_id=8956 nodes=(8955, 8956) type=Wire properties={}>","<Node id=8956 labels={'Literal'} properties={'name': 'Literal', 'order_att': 37, 'value': {'gromet_type': 'LiteralValue', 'value': '0.1', 'value_type': 'AbstractFloat'}, 'order_box': 19}>"
"<Node id=8898 labels={'Module'} properties={'name': 'module', 'schema': 'FN', 'filename': 'output-code-44', 'schema_version': '0.1.9'}>","<Relationship id=13762 start_node_id=8898 end_node_id=8957 nodes=(8898, 8957) type=Contains properties={'index': 38}>","<Node id=8957 labels={'Expression'} properties={'name': 'Expression95', 'order_att': 38, 'value': '', 'order_box': 20}>"
"<Node id=8957 labels={'Expression'} properties={'name': 'Expression95', 'order_att': 38, 'value': '', 'order_box': 20}>","<Relationship id=13898 start_node_id=8957 end_node_id=8958 nodes=(8957, 8958) type=Port_Of properties={}>","<Node id=8958 labels={'Opo'} properties={'name': 'xi', 'order_att': 38, 'value': '', 'order_box': 20}>"
"<Node id=8898 labels={'Module'} properties={'name': 'module', 'schema': 'FN', 'filename': 'output-code-44', 'schema_version': '0.1.9'}>","<Relationship id=13763 start_node_id=8898 end_node_id=8959 nodes=(8898, 8959) type=Contains properties={}>","<Node id=8959 labels={'Literal'} properties={'name': 'Literal', 'order_att': 38, 'value': {'gromet_type': 'LiteralValue', 'value': '0.1', 'value_type': 'AbstractFloat'}, 'order_box': 20}>"
"<Node id=8958 labels={'Opo'} properties={'name': 'xi', 'order_att': 38, 'value': '', 'order_box': 20}>","<Relationship id=13899 start_node_id=8958 end_node_id=8959 nodes=(8958, 8959) type=Wire properties={}>","<Node id=8959 labels={'Literal'} properties={'name': 'Literal', 'order_att': 38, 'value': {'gromet_type': 'LiteralValue', 'value': '0.1', 'value_type': 'AbstractFloat'}, 'order_box': 20}>"
"<Node id=8898 labels={'Module'} properties={'name': 'module', 'schema': 'FN', 'filename': 'output-code-44', 'schema_version': '0.1.9'}>","<Relationship id=13683 start_node_id=8898 end_node_id=8960 nodes=(8898, 8960) type=Contains properties={'index': 39}>","<Node id=8960 labels={'Expression'} properties={'name': 'Expression100', 'order_att': 39, 'value': '', 'order_box': 21}>"
"<Node id=8960 labels={'Expression'} properties={'name': 'Expression100', 'order_att': 39, 'value': '', 'order_box': 21}>","<Relationship id=13770 start_node_id=8960 end_node_id=8961 nodes=(8960, 8961) type=Port_Of properties={}>","<Node id=8961 labels={'Opo'} properties={'name': 'tmax', 'order_att': 39, 'value': '', 'order_box': 21}>"
"<Node id=8898 labels={'Module'} properties={'name': 'module', 'schema': 'FN', 'filename': 'output-code-44', 'schema_version': '0.1.9'}>","<Relationship id=13684 start_node_id=8898 end_node_id=8962 nodes=(8898, 8962) type=Contains properties={}>","<Node id=8962 labels={'Literal'} properties={'name': 'Literal', 'order_att': 39, 'value': {'gromet_type': 'LiteralValue', 'value': '100', 'value_type': 'Integer'}, 'order_box': 21}>"
"<Node id=8961 labels={'Opo'} properties={'name': 'tmax', 'order_att': 39, 'value': '', 'order_box': 21}>","<Relationship id=13771 start_node_id=8961 end_node_id=8962 nodes=(8961, 8962) type=Wire properties={}>","<Node id=8962 labels={'Literal'} properties={'name': 'Literal', 'order_att': 39, 'value': {'gromet_type': 'LiteralValue', 'value': '100', 'value_type': 'Integer'}, 'order_box': 21}>"
"<Node id=8898 labels={'Module'} properties={'name': 'module', 'schema': 'FN', 'filename': 'output-code-44', 'schema_version': '0.1.9'}>","<Relationship id=13685 start_node_id=8898 end_node_id=8963 nodes=(8898, 8963) type=Contains properties={'index': 40}>","<Node id=8963 labels={'Expression'} properties={'name': 'Expression105', 'order_att': 40, 'value': '', 'order_box': 22}>"
"<Node id=8963 labels={'Expression'} properties={'name': 'Expression105', 'order_att': 40, 'value': '', 'order_box': 22}>","<Relationship id=13774 start_node_id=8963 end_node_id=8964 nodes=(8963, 8964) type=Port_Of properties={}>","<Node id=8964 labels={'Opo'} properties={'name': 'dt', 'order_att': 40, 'value': '', 'order_box': 22}>"
"<Node id=8898 labels={'Module'} properties={'name': 'module', 'schema': 'FN', 'filename': 'output-code-44', 'schema_version': '0.1.9'}>","<Relationship id=13686 start_node_id=8898 end_node_id=8965 nodes=(8898, 8965) type=Contains properties={}>","<Node id=8965 labels={'Literal'} properties={'name': 'Literal', 'order_att': 40, 'value': {'gromet_type': 'LiteralValue', 'value': '0.1', 'value_type': 'AbstractFloat'}, 'order_box': 22}>"
"<Node id=8964 labels={'Opo'} properties={'name': 'dt', 'order_att': 40, 'value': '', 'order_box': 22}>","<Relationship id=13775 start_node_id=8964 end_node_id=8965 nodes=(8964, 8965) type=Wire properties={}>","<Node id=8965 labels={'Literal'} properties={'name': 'Literal', 'order_att': 40, 'value': {'gromet_type': 'LiteralValue', 'value': '0.1', 'value_type': 'AbstractFloat'}, 'order_box': 22}>"
"<Node id=8898 labels={'Module'} properties={'name': 'module', 'schema': 'FN', 'filename': 'output-code-44', 'schema_version': '0.1.9'}>","<Relationship id=13687 start_node_id=8898 end_node_id=8966 nodes=(8898, 8966) type=Contains properties={}>","<Node id=8966 labels={'Primitive'} properties={'name': 'run_simulation_id33', 'order_att': 0, 'value': '', 'order_box': 23}>"
"<Node id=8898 labels={'Module'} properties={'name': 'module', 'schema': 'FN', 'filename': 'output-code-44', 'schema_version': '0.1.9'}>","<Relationship id=13688 start_node_id=8898 end_node_id=8967 nodes=(8898, 8967) type=Contains properties={}>","<Node id=8967 labels={'Primitive'} properties={'name': 'plot', 'order_att': 0, 'value': '', 'order_box': 25}>"
"<Node id=8898 labels={'Module'} properties={'name': 'module', 'schema': 'FN', 'filename': 'output-code-44', 'schema_version': '0.1.9'}>","<Relationship id=13689 start_node_id=8898 end_node_id=8968 nodes=(8898, 8968) type=Contains properties={}>","<Node id=8968 labels={'Primitive'} properties={'name': 'module.plot_0', 'order_att': 0, 'value': '', 'order_box': 26}>"
"<Node id=8898 labels={'Module'} properties={'name': 'module', 'schema': 'FN', 'filename': 'output-code-44', 'schema_version': '0.1.9'}>","<Relationship id=13690 start_node_id=8898 end_node_id=8969 nodes=(8898, 8969) type=Contains properties={'index': 42}>","<Node id=8969 labels={'Expression'} properties={'name': 'Expression117', 'order_att': 42, 'value': '', 'order_box': 27}>"
"<Node id=8969 labels={'Expression'} properties={'name': 'Expression117', 'order_att': 42, 'value': '', 'order_box': 27}>","<Relationship id=13781 start_node_id=8969 end_node_id=8970 nodes=(8969, 8970) type=Port_Of properties={}>","<Node id=8970 labels={'Opo'} properties={'name': 'label', 'order_att': 42, 'value': '', 'order_box': 27}>"
"<Node id=8898 labels={'Module'} properties={'name': 'module', 'schema': 'FN', 'filename': 'output-code-44', 'schema_version': '0.1.9'}>","<Relationship id=13691 start_node_id=8898 end_node_id=8971 nodes=(8898, 8971) type=Contains properties={}>","<Node id=8971 labels={'Literal'} properties={'name': 'Literal', 'order_att': 42, 'value': {'gromet_type': 'LiteralValue', 'value': '""Susceptible""', 'value_type': 'List'}, 'order_box': 27}>"
"<Node id=8970 labels={'Opo'} properties={'name': 'label', 'order_att': 42, 'value': '', 'order_box': 27}>","<Relationship id=13782 start_node_id=8970 end_node_id=8971 nodes=(8970, 8971) type=Wire properties={}>","<Node id=8971 labels={'Literal'} properties={'name': 'Literal', 'order_att': 42, 'value': {'gromet_type': 'LiteralValue', 'value': '""Susceptible""', 'value_type': 'List'}, 'order_box': 27}>"
"<Node id=8898 labels={'Module'} properties={'name': 'module', 'schema': 'FN', 'filename': 'output-code-44', 'schema_version': '0.1.9'}>","<Relationship id=13693 start_node_id=8898 end_node_id=8972 nodes=(8898, 8972) type=Contains properties={}>","<Node id=8972 labels={'Primitive'} properties={'name': 'module.plot_1', 'order_att': 0, 'value': '', 'order_box': 28}>"
"<Node id=8898 labels={'Module'} properties={'name': 'module', 'schema': 'FN', 'filename': 'output-code-44', 'schema_version': '0.1.9'}>","<Relationship id=13694 start_node_id=8898 end_node_id=8973 nodes=(8898, 8973) type=Contains properties={'index': 44}>","<Node id=8973 labels={'Expression'} properties={'name': 'Expression124', 'order_att': 44, 'value': '', 'order_box': 29}>"
"<Node id=8973 labels={'Expression'} properties={'name': 'Expression124', 'order_att': 44, 'value': '', 'order_box': 29}>","<Relationship id=13787 start_node_id=8973 end_node_id=8974 nodes=(8973, 8974) type=Port_Of properties={}>","<Node id=8974 labels={'Opo'} properties={'name': 'label', 'order_att': 44, 'value': '', 'order_box': 29}>"
"<Node id=8898 labels={'Module'} properties={'name': 'module', 'schema': 'FN', 'filename': 'output-code-44', 'schema_version': '0.1.9'}>","<Relationship id=13695 start_node_id=8898 end_node_id=8975 nodes=(8898, 8975) type=Contains properties={}>","<Node id=8975 labels={'Literal'} properties={'name': 'Literal', 'order_att': 44, 'value': {'gromet_type': 'LiteralValue', 'value': '""Infected""', 'value_type': 'List'}, 'order_box': 29}>"
"<Node id=8974 labels={'Opo'} properties={'name': 'label', 'order_att': 44, 'value': '', 'order_box': 29}>","<Relationship id=13788 start_node_id=8974 end_node_id=8975 nodes=(8974, 8975) type=Wire properties={}>","<Node id=8975 labels={'Literal'} properties={'name': 'Literal', 'order_att': 44, 'value': {'gromet_type': 'LiteralValue', 'value': '""Infected""', 'value_type': 'List'}, 'order_box': 29}>"
"<Node id=8898 labels={'Module'} properties={'name': 'module', 'schema': 'FN', 'filename': 'output-code-44', 'schema_version': '0.1.9'}>","<Relationship id=13696 start_node_id=8898 end_node_id=8976 nodes=(8898, 8976) type=Contains properties={}>","<Node id=8976 labels={'Primitive'} properties={'name': 'module.plot_2', 'order_att': 0, 'value': '', 'order_box': 30}>"
"<Node id=8898 labels={'Module'} properties={'name': 'module', 'schema': 'FN', 'filename': 'output-code-44', 'schema_version': '0.1.9'}>","<Relationship id=13697 start_node_id=8898 end_node_id=8977 nodes=(8898, 8977) type=Contains properties={'index': 46}>","<Node id=8977 labels={'Expression'} properties={'name': 'Expression131', 'order_att': 46, 'value': '', 'order_box': 31}>"
"<Node id=8977 labels={'Expression'} properties={'name': 'Expression131', 'order_att': 46, 'value': '', 'order_box': 31}>","<Relationship id=13792 start_node_id=8977 end_node_id=8978 nodes=(8977, 8978) type=Port_Of properties={}>","<Node id=8978 labels={'Opo'} properties={'name': 'label', 'order_att': 46, 'value': '', 'order_box': 31}>"
"<Node id=8898 labels={'Module'} properties={'name': 'module', 'schema': 'FN', 'filename': 'output-code-44', 'schema_version': '0.1.9'}>","<Relationship id=13698 start_node_id=8898 end_node_id=8979 nodes=(8898, 8979) type=Contains properties={}>","<Node id=8979 labels={'Literal'} properties={'name': 'Literal', 'order_att': 46, 'value': {'gromet_type': 'LiteralValue', 'value': '""Dead""', 'value_type': 'List'}, 'order_box': 31}>"
"<Node id=8978 labels={'Opo'} properties={'name': 'label', 'order_att': 46, 'value': '', 'order_box': 31}>","<Relationship id=13793 start_node_id=8978 end_node_id=8979 nodes=(8978, 8979) type=Wire properties={}>","<Node id=8979 labels={'Literal'} properties={'name': 'Literal', 'order_att': 46, 'value': {'gromet_type': 'LiteralValue', 'value': '""Dead""', 'value_type': 'List'}, 'order_box': 31}>"
"<Node id=8898 labels={'Module'} properties={'name': 'module', 'schema': 'FN', 'filename': 'output-code-44', 'schema_version': '0.1.9'}>","<Relationship id=13699 start_node_id=8898 end_node_id=8980 nodes=(8898, 8980) type=Contains properties={}>","<Node id=8980 labels={'Primitive'} properties={'name': 'module.plot_3', 'order_att': 0, 'value': '', 'order_box': 32}>"
"<Node id=8898 labels={'Module'} properties={'name': 'module', 'schema': 'FN', 'filename': 'output-code-44', 'schema_version': '0.1.9'}>","<Relationship id=13700 start_node_id=8898 end_node_id=8981 nodes=(8898, 8981) type=Contains properties={'index': 48}>","<Node id=8981 labels={'Expression'} properties={'name': 'Expression138', 'order_att': 48, 'value': '', 'order_box': 33}>"
"<Node id=8981 labels={'Expression'} properties={'name': 'Expression138', 'order_att': 48, 'value': '', 'order_box': 33}>","<Relationship id=13797 start_node_id=8981 end_node_id=8982 nodes=(8981, 8982) type=Port_Of properties={}>","<Node id=8982 labels={'Opo'} properties={'name': 'label', 'order_att': 48, 'value': '', 'order_box': 33}>"
"<Node id=8898 labels={'Module'} properties={'name': 'module', 'schema': 'FN', 'filename': 'output-code-44', 'schema_version': '0.1.9'}>","<Relationship id=13701 start_node_id=8898 end_node_id=8983 nodes=(8898, 8983) type=Contains properties={}>","<Node id=8983 labels={'Literal'} properties={'name': 'Literal', 'order_att': 48, 'value': {'gromet_type': 'LiteralValue', 'value': '""Active""', 'value_type': 'List'}, 'order_box': 33}>"
"<Node id=8982 labels={'Opo'} properties={'name': 'label', 'order_att': 48, 'value': '', 'order_box': 33}>","<Relationship id=13798 start_node_id=8982 end_node_id=8983 nodes=(8982, 8983) type=Wire properties={}>","<Node id=8983 labels={'Literal'} properties={'name': 'Literal', 'order_att': 48, 'value': {'gromet_type': 'LiteralValue', 'value': '""Active""', 'value_type': 'List'}, 'order_box': 33}>"
"<Node id=8898 labels={'Module'} properties={'name': 'module', 'schema': 'FN', 'filename': 'output-code-44', 'schema_version': '0.1.9'}>","<Relationship id=13702 start_node_id=8898 end_node_id=8984 nodes=(8898, 8984) type=Contains properties={}>","<Node id=8984 labels={'Primitive'} properties={'name': 'module.plot_4', 'order_att': 0, 'value': '', 'order_box': 34}>"
"<Node id=8898 labels={'Module'} properties={'name': 'module', 'schema': 'FN', 'filename': 'output-code-44', 'schema_version': '0.1.9'}>","<Relationship id=13703 start_node_id=8898 end_node_id=8985 nodes=(8898, 8985) type=Contains properties={'index': 50}>","<Node id=8985 labels={'Expression'} properties={'name': 'Expression145', 'order_att': 50, 'value': '', 'order_box': 35}>"
"<Node id=8985 labels={'Expression'} properties={'name': 'Expression145', 'order_att': 50, 'value': '', 'order_box': 35}>","<Relationship id=13802 start_node_id=8985 end_node_id=8986 nodes=(8985, 8986) type=Port_Of properties={}>","<Node id=8986 labels={'Opo'} properties={'name': 'label', 'order_att': 50, 'value': '', 'order_box': 35}>"
"<Node id=8898 labels={'Module'} properties={'name': 'module', 'schema': 'FN', 'filename': 'output-code-44', 'schema_version': '0.1.9'}>","<Relationship id=13704 start_node_id=8898 end_node_id=8987 nodes=(8898, 8987) type=Contains properties={}>","<Node id=8987 labels={'Literal'} properties={'name': 'Literal', 'order_att': 50, 'value': {'gromet_type': 'LiteralValue', 'value': '""Recovered""', 'value_type': 'List'}, 'order_box': 35}>"
"<Node id=8986 labels={'Opo'} properties={'name': 'label', 'order_att': 50, 'value': '', 'order_box': 35}>","<Relationship id=13803 start_node_id=8986 end_node_id=8987 nodes=(8986, 8987) type=Wire properties={}>","<Node id=8987 labels={'Literal'} properties={'name': 'Literal', 'order_att': 50, 'value': {'gromet_type': 'LiteralValue', 'value': '""Recovered""', 'value_type': 'List'}, 'order_box': 35}>"
"<Node id=8898 labels={'Module'} properties={'name': 'module', 'schema': 'FN', 'filename': 'output-code-44', 'schema_version': '0.1.9'}>","<Relationship id=13706 start_node_id=8898 end_node_id=8988 nodes=(8898, 8988) type=Contains properties={}>","<Node id=8988 labels={'Primitive'} properties={'name': 'module.plot_5', 'order_att': 0, 'value': '', 'order_box': 36}>"
"<Node id=8898 labels={'Module'} properties={'name': 'module', 'schema': 'FN', 'filename': 'output-code-44', 'schema_version': '0.1.9'}>","<Relationship id=13707 start_node_id=8898 end_node_id=8989 nodes=(8898, 8989) type=Contains properties={'index': 52}>","<Node id=8989 labels={'Expression'} properties={'name': 'Expression152', 'order_att': 52, 'value': '', 'order_box': 37}>"
"<Node id=8989 labels={'Expression'} properties={'name': 'Expression152', 'order_att': 52, 'value': '', 'order_box': 37}>","<Relationship id=13809 start_node_id=8989 end_node_id=8990 nodes=(8989, 8990) type=Port_Of properties={}>","<Node id=8990 labels={'Opo'} properties={'name': 'label', 'order_att': 52, 'value': '', 'order_box': 37}>"
"<Node id=8898 labels={'Module'} properties={'name': 'module', 'schema': 'FN', 'filename': 'output-code-44', 'schema_version': '0.1.9'}>","<Relationship id=13708 start_node_id=8898 end_node_id=8991 nodes=(8898, 8991) type=Contains properties={}>","<Node id=8991 labels={'Literal'} properties={'name': 'Literal', 'order_att': 52, 'value': {'gromet_type': 'LiteralValue', 'value': '""Serious""', 'value_type': 'List'}, 'order_box': 37}>"
"<Node id=8990 labels={'Opo'} properties={'name': 'label', 'order_att': 52, 'value': '', 'order_box': 37}>","<Relationship id=13810 start_node_id=8990 end_node_id=8991 nodes=(8990, 8991) type=Wire properties={}>","<Node id=8991 labels={'Literal'} properties={'name': 'Literal', 'order_att': 52, 'value': {'gromet_type': 'LiteralValue', 'value': '""Serious""', 'value_type': 'List'}, 'order_box': 37}>"
"<Node id=8898 labels={'Module'} properties={'name': 'module', 'schema': 'FN', 'filename': 'output-code-44', 'schema_version': '0.1.9'}>","<Relationship id=13709 start_node_id=8898 end_node_id=8992 nodes=(8898, 8992) type=Contains properties={}>","<Node id=8992 labels={'Primitive'} properties={'name': 'module.plot_6', 'order_att': 0, 'value': '', 'order_box': 38}>"
"<Node id=8898 labels={'Module'} properties={'name': 'module', 'schema': 'FN', 'filename': 'output-code-44', 'schema_version': '0.1.9'}>","<Relationship id=13710 start_node_id=8898 end_node_id=8993 nodes=(8898, 8993) type=Contains properties={'index': 54}>","<Node id=8993 labels={'Expression'} properties={'name': 'Expression159', 'order_att': 54, 'value': '', 'order_box': 39}>"
"<Node id=8993 labels={'Expression'} properties={'name': 'Expression159', 'order_att': 54, 'value': '', 'order_box': 39}>","<Relationship id=13814 start_node_id=8993 end_node_id=8994 nodes=(8993, 8994) type=Port_Of properties={}>","<Node id=8994 labels={'Opo'} properties={'name': 'label', 'order_att': 54, 'value': '', 'order_box': 39}>"
"<Node id=8898 labels={'Module'} properties={'name': 'module', 'schema': 'FN', 'filename': 'output-code-44', 'schema_version': '0.1.9'}>","<Relationship id=13711 start_node_id=8898 end_node_id=8995 nodes=(8898, 8995) type=Contains properties={}>","<Node id=8995 labels={'Literal'} properties={'name': 'Literal', 'order_att': 54, 'value': {'gromet_type': 'LiteralValue', 'value': '""Hospitalized""', 'value_type': 'List'}, 'order_box': 39}>"
"<Node id=8994 labels={'Opo'} properties={'name': 'label', 'order_att': 54, 'value': '', 'order_box': 39}>","<Relationship id=13816 start_node_id=8994 end_node_id=8995 nodes=(8994, 8995) type=Wire properties={}>","<Node id=8995 labels={'Literal'} properties={'name': 'Literal', 'order_att': 54, 'value': {'gromet_type': 'LiteralValue', 'value': '""Hospitalized""', 'value_type': 'List'}, 'order_box': 39}>"
"<Node id=8898 labels={'Module'} properties={'name': 'module', 'schema': 'FN', 'filename': 'output-code-44', 'schema_version': '0.1.9'}>","<Relationship id=13712 start_node_id=8898 end_node_id=8996 nodes=(8898, 8996) type=Contains properties={}>","<Node id=8996 labels={'Primitive'} properties={'name': 'module.plot_7', 'order_att': 0, 'value': '', 'order_box': 40}>"
"<Node id=8898 labels={'Module'} properties={'name': 'module', 'schema': 'FN', 'filename': 'output-code-44', 'schema_version': '0.1.9'}>","<Relationship id=13713 start_node_id=8898 end_node_id=8997 nodes=(8898, 8997) type=Contains properties={'index': 56}>","<Node id=8997 labels={'Expression'} properties={'name': 'Expression166', 'order_att': 56, 'value': '', 'order_box': 41}>"
"<Node id=8997 labels={'Expression'} properties={'name': 'Expression166', 'order_att': 56, 'value': '', 'order_box': 41}>","<Relationship id=13820 start_node_id=8997 end_node_id=8998 nodes=(8997, 8998) type=Port_Of properties={}>","<Node id=8998 labels={'Opo'} properties={'name': 'label', 'order_att': 56, 'value': '', 'order_box': 41}>"
"<Node id=8898 labels={'Module'} properties={'name': 'module', 'schema': 'FN', 'filename': 'output-code-44', 'schema_version': '0.1.9'}>","<Relationship id=13714 start_node_id=8898 end_node_id=8999 nodes=(8898, 8999) type=Contains properties={}>","<Node id=8999 labels={'Literal'} properties={'name': 'Literal', 'order_att': 56, 'value': {'gromet_type': 'LiteralValue', 'value': '""Exposed""', 'value_type': 'List'}, 'order_box': 41}>"
"<Node id=8998 labels={'Opo'} properties={'name': 'label', 'order_att': 56, 'value': '', 'order_box': 41}>","<Relationship id=13821 start_node_id=8998 end_node_id=8999 nodes=(8998, 8999) type=Wire properties={}>","<Node id=8999 labels={'Literal'} properties={'name': 'Literal', 'order_att': 56, 'value': {'gromet_type': 'LiteralValue', 'value': '""Exposed""', 'value_type': 'List'}, 'order_box': 41}>"
"<Node id=8898 labels={'Module'} properties={'name': 'module', 'schema': 'FN', 'filename': 'output-code-44', 'schema_version': '0.1.9'}>","<Relationship id=13716 start_node_id=8898 end_node_id=9000 nodes=(8898, 9000) type=Contains properties={}>","<Node id=9000 labels={'Primitive'} properties={'name': 'legend', 'order_att': 0, 'value': '', 'order_box': 42}>"
"<Node id=8898 labels={'Module'} properties={'name': 'module', 'schema': 'FN', 'filename': 'output-code-44', 'schema_version': '0.1.9'}>","<Relationship id=13717 start_node_id=8898 end_node_id=9001 nodes=(8898, 9001) type=Contains properties={}>","<Node id=9001 labels={'Primitive'} properties={'name': 'module.legend_0', 'order_att': 0, 'value': '', 'order_box': 43}>"
"<Node id=8898 labels={'Module'} properties={'name': 'module', 'schema': 'FN', 'filename': 'output-code-44', 'schema_version': '0.1.9'}>","<Relationship id=13718 start_node_id=8898 end_node_id=9002 nodes=(8898, 9002) type=Contains properties={}>","<Node id=9002 labels={'Primitive'} properties={'name': 'xlabel', 'order_att': 0, 'value': '', 'order_box': 44}>"
"<Node id=8898 labels={'Module'} properties={'name': 'module', 'schema': 'FN', 'filename': 'output-code-44', 'schema_version': '0.1.9'}>","<Relationship id=13719 start_node_id=8898 end_node_id=9003 nodes=(8898, 9003) type=Contains properties={}>","<Node id=9003 labels={'Primitive'} properties={'name': 'module.xlabel_0', 'order_att': 0, 'value': '', 'order_box': 45}>"
"<Node id=8898 labels={'Module'} properties={'name': 'module', 'schema': 'FN', 'filename': 'output-code-44', 'schema_version': '0.1.9'}>","<Relationship id=13720 start_node_id=8898 end_node_id=9004 nodes=(8898, 9004) type=Contains properties={}>","<Node id=9004 labels={'Literal'} properties={'name': 'Literal', 'order_att': 0, 'value': {'gromet_type': 'LiteralValue', 'value': '""Time""', 'value_type': 'List'}, 'order_box': 46}>"
"<Node id=8898 labels={'Module'} properties={'name': 'module', 'schema': 'FN', 'filename': 'output-code-44', 'schema_version': '0.1.9'}>","<Relationship id=13721 start_node_id=8898 end_node_id=9005 nodes=(8898, 9005) type=Contains properties={}>","<Node id=9005 labels={'Primitive'} properties={'name': 'ylabel', 'order_att': 0, 'value': '', 'order_box': 47}>"
"<Node id=8898 labels={'Module'} properties={'name': 'module', 'schema': 'FN', 'filename': 'output-code-44', 'schema_version': '0.1.9'}>","<Relationship id=13722 start_node_id=8898 end_node_id=9006 nodes=(8898, 9006) type=Contains properties={}>","<Node id=9006 labels={'Primitive'} properties={'name': 'module.ylabel_0', 'order_att': 0, 'value': '', 'order_box': 48}>"
"<Node id=8898 labels={'Module'} properties={'name': 'module', 'schema': 'FN', 'filename': 'output-code-44', 'schema_version': '0.1.9'}>","<Relationship id=13723 start_node_id=8898 end_node_id=9007 nodes=(8898, 9007) type=Contains properties={}>","<Node id=9007 labels={'Literal'} properties={'name': 'Literal', 'order_att': 0, 'value': {'gromet_type': 'LiteralValue', 'value': '""Population""', 'value_type': 'List'}, 'order_box': 49}>"
"<Node id=8898 labels={'Module'} properties={'name': 'module', 'schema': 'FN', 'filename': 'output-code-44', 'schema_version': '0.1.9'}>","<Relationship id=13724 start_node_id=8898 end_node_id=9008 nodes=(8898, 9008) type=Contains properties={}>","<Node id=9008 labels={'Primitive'} properties={'name': 'title', 'order_att': 0, 'value': '', 'order_box': 50}>"
"<Node id=8898 labels={'Module'} properties={'name': 'module', 'schema': 'FN', 'filename': 'output-code-44', 'schema_version': '0.1.9'}>","<Relationship id=13725 start_node_id=8898 end_node_id=9009 nodes=(8898, 9009) type=Contains properties={}>","<Node id=9009 labels={'Primitive'} properties={'name': 'module.title_0', 'order_att': 0, 'value': '', 'order_box': 51}>"
"<Node id=8898 labels={'Module'} properties={'name': 'module', 'schema': 'FN', 'filename': 'output-code-44', 'schema_version': '0.1.9'}>","<Relationship id=13726 start_node_id=8898 end_node_id=9010 nodes=(8898, 9010) type=Contains properties={}>","<Node id=9010 labels={'Literal'} properties={'name': 'Literal', 'order_att': 0, 'value': {'gromet_type': 'LiteralValue', 'value': '""SIDARTHE Model Simulation""', 'value_type': 'List'}, 'order_box': 52}>"
"<Node id=8898 labels={'Module'} properties={'name': 'module', 'schema': 'FN', 'filename': 'output-code-44', 'schema_version': '0.1.9'}>","<Relationship id=13727 start_node_id=8898 end_node_id=9011 nodes=(8898, 9011) type=Contains properties={}>","<Node id=9011 labels={'Primitive'} properties={'name': 'show', 'order_att': 0, 'value': '', 'order_box': 53}>"
"<Node id=8898 labels={'Module'} properties={'name': 'module', 'schema': 'FN', 'filename': 'output-code-44', 'schema_version': '0.1.9'}>","<Relationship id=13728 start_node_id=8898 end_node_id=9012 nodes=(8898, 9012) type=Contains properties={}>","<Node id=9012 labels={'Primitive'} properties={'name': 'module.show_0', 'order_att': 0, 'value': '', 'order_box': 54}>"
"<Node id=8900 labels={'Expression'} properties={'name': 'Expression0', 'order_att': 19, 'value': '', 'order_box': 1}>","<Relationship id=13764 start_node_id=8900 end_node_id=9013 nodes=(8900, 9013) type=Metadata properties={}>","<Node id=9013 labels={'Metadata'} properties={'gromet_version': [''], 'source_language_version': [''], 'variable_definition': [''], 'files': [''], 'source_language': [''], 'global_reference_id': [''], 'data_type': [''], 'name': [''], 'line_end': [34], 'code_file_reference_uid': ['1094c224-5caf-549b-11b0-a897b4ff731a'], 'line_begin': [34], 'metadata_type': [''], 'text_extraction': [''], 'col_begin': [0], 'grounding': [''], 'variable_identifier': [''], 'provenance': ['Provenance { method: Some(""skema_code2fn_program_analysis""), timestamp: Some(""2024-02-01 21:11:46.874695"") }'], 'col_end': [9], 'value': [''], 'metadata_idx': 134}>"
"<Node id=8902 labels={'Literal'} properties={'name': 'Literal', 'order_att': 19, 'value': {'gromet_type': 'LiteralValue', 'value': '1000', 'value_type': 'Integer'}, 'order_box': 1}>","<Relationship id=13832 start_node_id=8902 end_node_id=9014 nodes=(8902, 9014) type=Metadata properties={}>","<Node id=9014 labels={'Metadata'} properties={'gromet_version': ['', ''], 'source_language_version': ['3.8', ''], 'variable_definition': ['', ''], 'files': ['', ''], 'source_language': ['Python', ''], 'global_reference_id': ['', ''], 'data_type': [""<class 'int'>"", ''], 'name': ['', ''], 'line_end': [0, 34], 'code_file_reference_uid': ['', '1094c224-5caf-549b-11b0-a897b4ff731a'], 'line_begin': [0, 34], 'metadata_type': ['', ''], 'text_extraction': ['', ''], 'col_begin': [0, 5], 'grounding': ['', ''], 'variable_identifier': ['', ''], 'provenance': ['Provenance { method: Some(""skema_code2fn_program_analysis""), timestamp: Some(""2024-02-01 21:11:46.874722"") }', 'Provenance { method: Some(""skema_code2fn_program_analysis""), timestamp: Some(""2024-02-01 21:11:46.874716"") }'], 'col_end': [0, 9], 'value': ['', ''], 'metadata_idx': 133}>"
"<Node id=8903 labels={'Expression'} properties={'name': 'Expression5', 'order_att': 20, 'value': '', 'order_box': 2}>","<Relationship id=13857 start_node_id=8903 end_node_id=9015 nodes=(8903, 9015) type=Metadata properties={}>","<Node id=9015 labels={'Metadata'} properties={'gromet_version': [''], 'source_language_version': [''], 'variable_definition': [''], 'files': [''], 'source_language': [''], 'global_reference_id': [''], 'data_type': [''], 'name': [''], 'line_end': [35], 'code_file_reference_uid': ['1094c224-5caf-549b-11b0-a897b4ff731a'], 'line_begin': [35], 'metadata_type': [''], 'text_extraction': [''], 'col_begin': [0], 'grounding': [''], 'variable_identifier': [''], 'provenance': ['Provenance { method: Some(""skema_code2fn_program_analysis""), timestamp: Some(""2024-02-01 21:11:46.874767"") }'], 'col_end': [6], 'value': [''], 'metadata_idx': 136}>"
"<Node id=8905 labels={'Literal'} properties={'name': 'Literal', 'order_att': 20, 'value': {'gromet_type': 'LiteralValue', 'value': '1', 'value_type': 'Integer'}, 'order_box': 2}>","<Relationship id=13876 start_node_id=8905 end_node_id=9016 nodes=(8905, 9016) type=Metadata properties={}>","<Node id=9016 labels={'Metadata'} properties={'gromet_version': ['', ''], 'source_language_version': ['3.8', ''], 'variable_definition': ['', ''], 'files': ['', ''], 'source_language': ['Python', ''], 'global_reference_id': ['', ''], 'data_type': [""<class 'int'>"", ''], 'name': ['', ''], 'line_end': [0, 35], 'code_file_reference_uid': ['', '1094c224-5caf-549b-11b0-a897b4ff731a'], 'line_begin': [0, 35], 'metadata_type': ['', ''], 'text_extraction': ['', ''], 'col_begin': [0, 5], 'grounding': ['', ''], 'variable_identifier': ['', ''], 'provenance': ['Provenance { method: Some(""skema_code2fn_program_analysis""), timestamp: Some(""2024-02-01 21:11:46.874797"") }', 'Provenance { method: Some(""skema_code2fn_program_analysis""), timestamp: Some(""2024-02-01 21:11:46.874787"") }'], 'col_end': [0, 6], 'value': ['', ''], 'metadata_idx': 135}>"
"<Node id=8906 labels={'Expression'} properties={'name': 'Expression10', 'order_att': 21, 'value': '', 'order_box': 3}>","<Relationship id=13767 start_node_id=8906 end_node_id=9017 nodes=(8906, 9017) type=Metadata properties={}>","<Node id=9017 labels={'Metadata'} properties={'gromet_version': [''], 'source_language_version': [''], 'variable_definition': [''], 'files': [''], 'source_language': [''], 'global_reference_id': [''], 'data_type': [''], 'name': [''], 'line_end': [36], 'code_file_reference_uid': ['1094c224-5caf-549b-11b0-a897b4ff731a'], 'line_begin': [36], 'metadata_type': [''], 'text_extraction': [''], 'col_begin': [0], 'grounding': [''], 'variable_identifier': [''], 'provenance': ['Provenance { method: Some(""skema_code2fn_program_analysis""), timestamp: Some(""2024-02-01 21:11:46.874839"") }'], 'col_end': [6], 'value': [''], 'metadata_idx': 138}>"
"<Node id=8908 labels={'Literal'} properties={'name': 'Literal', 'order_att': 21, 'value': {'gromet_type': 'LiteralValue', 'value': '0', 'value_type': 'Integer'}, 'order_box': 3}>","<Relationship id=13784 start_node_id=8908 end_node_id=9018 nodes=(8908, 9018) type=Metadata properties={}>","<Node id=9018 labels={'Metadata'} properties={'gromet_version': ['', ''], 'source_language_version': ['3.8', ''], 'variable_definition': ['', ''], 'files': ['', ''], 'source_language': ['Python', ''], 'global_reference_id': ['', ''], 'data_type': [""<class 'int'>"", ''], 'name': ['', ''], 'line_end': [0, 36], 'code_file_reference_uid': ['', '1094c224-5caf-549b-11b0-a897b4ff731a'], 'line_begin': [0, 36], 'metadata_type': ['', ''], 'text_extraction': ['', ''], 'col_begin': [0, 5], 'grounding': ['', ''], 'variable_identifier': ['', ''], 'provenance': ['Provenance { method: Some(""skema_code2fn_program_analysis""), timestamp: Some(""2024-02-01 21:11:46.874867"") }', 'Provenance { method: Some(""skema_code2fn_program_analysis""), timestamp: Some(""2024-02-01 21:11:46.874859"") }'], 'col_end': [0, 6], 'value': ['', ''], 'metadata_idx': 137}>"
"<Node id=8909 labels={'Expression'} properties={'name': 'Expression15', 'order_att': 22, 'value': '', 'order_box': 4}>","<Relationship id=13805 start_node_id=8909 end_node_id=9019 nodes=(8909, 9019) type=Metadata properties={}>","<Node id=9019 labels={'Metadata'} properties={'gromet_version': [''], 'source_language_version': [''], 'variable_definition': [''], 'files': [''], 'source_language': [''], 'global_reference_id': [''], 'data_type': [''], 'name': [''], 'line_end': [37], 'code_file_reference_uid': ['1094c224-5caf-549b-11b0-a897b4ff731a'], 'line_begin': [37], 'metadata_type': [''], 'text_extraction': [''], 'col_begin': [0], 'grounding': [''], 'variable_identifier': [''], 'provenance': ['Provenance { method: Some(""skema_code2fn_program_analysis""), timestamp: Some(""2024-02-01 21:11:46.874911"") }'], 'col_end': [6], 'value': [''], 'metadata_idx': 140}>"
"<Node id=8911 labels={'Literal'} properties={'name': 'Literal', 'order_att': 22, 'value': {'gromet_type': 'LiteralValue', 'value': '0', 'value_type': 'Integer'}, 'order_box': 4}>","<Relationship id=13823 start_node_id=8911 end_node_id=9020 nodes=(8911, 9020) type=Metadata properties={}>","<Node id=9020 labels={'Metadata'} properties={'gromet_version': ['', ''], 'source_language_version': ['3.8', ''], 'variable_definition': ['', ''], 'files': ['', ''], 'source_language': ['Python', ''], 'global_reference_id': ['', ''], 'data_type': [""<class 'int'>"", ''], 'name': ['', ''], 'line_end': [0, 37], 'code_file_reference_uid': ['', '1094c224-5caf-549b-11b0-a897b4ff731a'], 'line_begin': [0, 37], 'metadata_type': ['', ''], 'text_extraction': ['', ''], 'col_begin': [0, 5], 'grounding': ['', ''], 'variable_identifier': ['', ''], 'provenance': ['Provenance { method: Some(""skema_code2fn_program_analysis""), timestamp: Some(""2024-02-01 21:11:46.874937"") }', 'Provenance { method: Some(""skema_code2fn_program_analysis""), timestamp: Some(""2024-02-01 21:11:46.874930"") }'], 'col_end': [0, 6], 'value': ['', ''], 'metadata_idx': 139}>"
"<Node id=8912 labels={'Expression'} properties={'name': 'Expression20', 'order_att': 23, 'value': '', 'order_box': 5}>","<Relationship id=13833 start_node_id=8912 end_node_id=9021 nodes=(8912, 9021) type=Metadata properties={}>","<Node id=9021 labels={'Metadata'} properties={'gromet_version': [''], 'source_language_version': [''], 'variable_definition': [''], 'files': [''], 'source_language': [''], 'global_reference_id': [''], 'data_type': [''], 'name': [''], 'line_end': [38], 'code_file_reference_uid': ['1094c224-5caf-549b-11b0-a897b4ff731a'], 'line_begin': [38], 'metadata_type': [''], 'text_extraction': [''], 'col_begin': [0], 'grounding': [''], 'variable_identifier': [''], 'provenance': ['Provenance { method: Some(""skema_code2fn_program_analysis""), timestamp: Some(""2024-02-01 21:11:46.874977"") }'], 'col_end': [6], 'value': [''], 'metadata_idx': 142}>"
"<Node id=8914 labels={'Literal'} properties={'name': 'Literal', 'order_att': 23, 'value': {'gromet_type': 'LiteralValue', 'value': '0', 'value_type': 'Integer'}, 'order_box': 5}>","<Relationship id=13836 start_node_id=8914 end_node_id=9022 nodes=(8914, 9022) type=Metadata properties={}>","<Node id=9022 labels={'Metadata'} properties={'gromet_version': ['', ''], 'source_language_version': ['3.8', ''], 'variable_definition': ['', ''], 'files': ['', ''], 'source_language': ['Python', ''], 'global_reference_id': ['', ''], 'data_type': [""<class 'int'>"", ''], 'name': ['', ''], 'line_end': [0, 38], 'code_file_reference_uid': ['', '1094c224-5caf-549b-11b0-a897b4ff731a'], 'line_begin': [0, 38], 'metadata_type': ['', ''], 'text_extraction': ['', ''], 'col_begin': [0, 5], 'grounding': ['', ''], 'variable_identifier': ['', ''], 'provenance': ['Provenance { method: Some(""skema_code2fn_program_analysis""), timestamp: Some(""2024-02-01 21:11:46.875003"") }', 'Provenance { method: Some(""skema_code2fn_program_analysis""), timestamp: Some(""2024-02-01 21:11:46.874996"") }'], 'col_end': [0, 6], 'value': ['', ''], 'metadata_idx': 141}>"
"<Node id=8915 labels={'Expression'} properties={'name': 'Expression25', 'order_att': 24, 'value': '', 'order_box': 6}>","<Relationship id=13837 start_node_id=8915 end_node_id=9023 nodes=(8915, 9023) type=Metadata properties={}>","<Node id=9023 labels={'Metadata'} properties={'gromet_version': [''], 'source_language_version': [''], 'variable_definition': [''], 'files': [''], 'source_language': [''], 'global_reference_id': [''], 'data_type': [''], 'name': [''], 'line_end': [39], 'code_file_reference_uid': ['1094c224-5caf-549b-11b0-a897b4ff731a'], 'line_begin': [39], 'metadata_type': [''], 'text_extraction': [''], 'col_begin': [0], 'grounding': [''], 'variable_identifier': [''], 'provenance': ['Provenance { method: Some(""skema_code2fn_program_analysis""), timestamp: Some(""2024-02-01 21:11:46.875044"") }'], 'col_end': [6], 'value': [''], 'metadata_idx': 144}>"
"<Node id=8917 labels={'Literal'} properties={'name': 'Literal', 'order_att': 24, 'value': {'gromet_type': 'LiteralValue', 'value': '0', 'value_type': 'Integer'}, 'order_box': 6}>","<Relationship id=13840 start_node_id=8917 end_node_id=9024 nodes=(8917, 9024) type=Metadata properties={}>","<Node id=9024 labels={'Metadata'} properties={'gromet_version': ['', ''], 'source_language_version': ['3.8', ''], 'variable_definition': ['', ''], 'files': ['', ''], 'source_language': ['Python', ''], 'global_reference_id': ['', ''], 'data_type': [""<class 'int'>"", ''], 'name': ['', ''], 'line_end': [0, 39], 'code_file_reference_uid': ['', '1094c224-5caf-549b-11b0-a897b4ff731a'], 'line_begin': [0, 39], 'metadata_type': ['', ''], 'text_extraction': ['', ''], 'col_begin': [0, 5], 'grounding': ['', ''], 'variable_identifier': ['', ''], 'provenance': ['Provenance { method: Some(""skema_code2fn_program_analysis""), timestamp: Some(""2024-02-01 21:11:46.875069"") }', 'Provenance { method: Some(""skema_code2fn_program_analysis""), timestamp: Some(""2024-02-01 21:11:46.875062"") }'], 'col_end': [0, 6], 'value': ['', ''], 'metadata_idx': 143}>"
"<Node id=8918 labels={'Expression'} properties={'name': 'Expression30', 'order_att': 25, 'value': '', 'order_box': 7}>","<Relationship id=13841 start_node_id=8918 end_node_id=9025 nodes=(8918, 9025) type=Metadata properties={}>","<Node id=9025 labels={'Metadata'} properties={'gromet_version': [''], 'source_language_version': [''], 'variable_definition': [''], 'files': [''], 'source_language': [''], 'global_reference_id': [''], 'data_type': [''], 'name': [''], 'line_end': [40], 'code_file_reference_uid': ['1094c224-5caf-549b-11b0-a897b4ff731a'], 'line_begin': [40], 'metadata_type': [''], 'text_extraction': [''], 'col_begin': [0], 'grounding': [''], 'variable_identifier': [''], 'provenance': ['Provenance { method: Some(""skema_code2fn_program_analysis""), timestamp: Some(""2024-02-01 21:11:46.875111"") }'], 'col_end': [6], 'value': [''], 'metadata_idx': 146}>"
"<Node id=8920 labels={'Literal'} properties={'name': 'Literal', 'order_att': 25, 'value': {'gromet_type': 'LiteralValue', 'value': '0', 'value_type': 'Integer'}, 'order_box': 7}>","<Relationship id=13844 start_node_id=8920 end_node_id=9026 nodes=(8920, 9026) type=Metadata properties={}>","<Node id=9026 labels={'Metadata'} properties={'gromet_version': ['', ''], 'source_language_version': ['3.8', ''], 'variable_definition': ['', ''], 'files': ['', ''], 'source_language': ['Python', ''], 'global_reference_id': ['', ''], 'data_type': [""<class 'int'>"", ''], 'name': ['', ''], 'line_end': [0, 40], 'code_file_reference_uid': ['', '1094c224-5caf-549b-11b0-a897b4ff731a'], 'line_begin': [0, 40], 'metadata_type': ['', ''], 'text_extraction': ['', ''], 'col_begin': [0, 5], 'grounding': ['', ''], 'variable_identifier': ['', ''], 'provenance': ['Provenance { method: Some(""skema_code2fn_program_analysis""), timestamp: Some(""2024-02-01 21:11:46.875138"") }', 'Provenance { method: Some(""skema_code2fn_program_analysis""), timestamp: Some(""2024-02-01 21:11:46.875130"") }'], 'col_end': [0, 6], 'value': ['', ''], 'metadata_idx': 145}>"
"<Node id=8921 labels={'Expression'} properties={'name': 'Expression35', 'order_att': 26, 'value': '', 'order_box': 8}>","<Relationship id=13845 start_node_id=8921 end_node_id=9027 nodes=(8921, 9027) type=Metadata properties={}>","<Node id=9027 labels={'Metadata'} properties={'gromet_version': [''], 'source_language_version': [''], 'variable_definition': [''], 'files': [''], 'source_language': [''], 'global_reference_id': [''], 'data_type': [''], 'name': [''], 'line_end': [41], 'code_file_reference_uid': ['1094c224-5caf-549b-11b0-a897b4ff731a'], 'line_begin': [41], 'metadata_type': [''], 'text_extraction': [''], 'col_begin': [0], 'grounding': [''], 'variable_identifier': [''], 'provenance': ['Provenance { method: Some(""skema_code2fn_program_analysis""), timestamp: Some(""2024-02-01 21:11:46.875185"") }'], 'col_end': [6], 'value': [''], 'metadata_idx': 148}>"
"<Node id=8923 labels={'Literal'} properties={'name': 'Literal', 'order_att': 26, 'value': {'gromet_type': 'LiteralValue', 'value': '0', 'value_type': 'Integer'}, 'order_box': 8}>","<Relationship id=13848 start_node_id=8923 end_node_id=9028 nodes=(8923, 9028) type=Metadata properties={}>","<Node id=9028 labels={'Metadata'} properties={'gromet_version': ['', ''], 'source_language_version': ['3.8', ''], 'variable_definition': ['', ''], 'files': ['', ''], 'source_language': ['Python', ''], 'global_reference_id': ['', ''], 'data_type': [""<class 'int'>"", ''], 'name': ['', ''], 'line_end': [0, 41], 'code_file_reference_uid': ['', '1094c224-5caf-549b-11b0-a897b4ff731a'], 'line_begin': [0, 41], 'metadata_type': ['', ''], 'text_extraction': ['', ''], 'col_begin': [0, 5], 'grounding': ['', ''], 'variable_identifier': ['', ''], 'provenance': ['Provenance { method: Some(""skema_code2fn_program_analysis""), timestamp: Some(""2024-02-01 21:11:46.875215"") }', 'Provenance { method: Some(""skema_code2fn_program_analysis""), timestamp: Some(""2024-02-01 21:11:46.875207"") }'], 'col_end': [0, 6], 'value': ['', ''], 'metadata_idx': 147}>"
"<Node id=8924 labels={'Expression'} properties={'name': 'Expression40', 'order_att': 27, 'value': '', 'order_box': 9}>","<Relationship id=13849 start_node_id=8924 end_node_id=9029 nodes=(8924, 9029) type=Metadata properties={}>","<Node id=9029 labels={'Metadata'} properties={'gromet_version': [''], 'source_language_version': [''], 'variable_definition': [''], 'files': [''], 'source_language': [''], 'global_reference_id': [''], 'data_type': [''], 'name': [''], 'line_end': [43], 'code_file_reference_uid': ['1094c224-5caf-549b-11b0-a897b4ff731a'], 'line_begin': [43], 'metadata_type': [''], 'text_extraction': [''], 'col_begin': [0], 'grounding': [''], 'variable_identifier': [''], 'provenance': ['Provenance { method: Some(""skema_code2fn_program_analysis""), timestamp: Some(""2024-02-01 21:11:46.875262"") }'], 'col_end': [10], 'value': [''], 'metadata_idx': 150}>"
"<Node id=8926 labels={'Literal'} properties={'name': 'Literal', 'order_att': 27, 'value': {'gromet_type': 'LiteralValue', 'value': '0.2', 'value_type': 'AbstractFloat'}, 'order_box': 9}>","<Relationship id=13852 start_node_id=8926 end_node_id=9030 nodes=(8926, 9030) type=Metadata properties={}>","<Node id=9030 labels={'Metadata'} properties={'gromet_version': ['', ''], 'source_language_version': ['3.8', ''], 'variable_definition': ['', ''], 'files': ['', ''], 'source_language': ['Python', ''], 'global_reference_id': ['', ''], 'data_type': [""<class 'float'>"", ''], 'name': ['', ''], 'line_end': [0, 43], 'code_file_reference_uid': ['', '1094c224-5caf-549b-11b0-a897b4ff731a'], 'line_begin': [0, 43], 'metadata_type': ['', ''], 'text_extraction': ['', ''], 'col_begin': [0, 7], 'grounding': ['', ''], 'variable_identifier': ['', ''], 'provenance': ['Provenance { method: Some(""skema_code2fn_program_analysis""), timestamp: Some(""2024-02-01 21:11:46.875291"") }', 'Provenance { method: Some(""skema_code2fn_program_analysis""), timestamp: Some(""2024-02-01 21:11:46.875283"") }'], 'col_end': [0, 10], 'value': ['', ''], 'metadata_idx': 149}>"
"<Node id=8927 labels={'Expression'} properties={'name': 'Expression45', 'order_att': 28, 'value': '', 'order_box': 10}>","<Relationship id=13853 start_node_id=8927 end_node_id=9031 nodes=(8927, 9031) type=Metadata properties={}>","<Node id=9031 labels={'Metadata'} properties={'gromet_version': [''], 'source_language_version': [''], 'variable_definition': [''], 'files': [''], 'source_language': [''], 'global_reference_id': [''], 'data_type': [''], 'name': [''], 'line_end': [44], 'code_file_reference_uid': ['1094c224-5caf-549b-11b0-a897b4ff731a'], 'line_begin': [44], 'metadata_type': [''], 'text_extraction': [''], 'col_begin': [0], 'grounding': [''], 'variable_identifier': [''], 'provenance': ['Provenance { method: Some(""skema_code2fn_program_analysis""), timestamp: Some(""2024-02-01 21:11:46.875336"") }'], 'col_end': [11], 'value': [''], 'metadata_idx': 152}>"
"<Node id=8929 labels={'Literal'} properties={'name': 'Literal', 'order_att': 28, 'value': {'gromet_type': 'LiteralValue', 'value': '0.1', 'value_type': 'AbstractFloat'}, 'order_box': 10}>","<Relationship id=13856 start_node_id=8929 end_node_id=9032 nodes=(8929, 9032) type=Metadata properties={}>","<Node id=9032 labels={'Metadata'} properties={'gromet_version': ['', ''], 'source_language_version': ['3.8', ''], 'variable_definition': ['', ''], 'files': ['', ''], 'source_language': ['Python', ''], 'global_reference_id': ['', ''], 'data_type': [""<class 'float'>"", ''], 'name': ['', ''], 'line_end': [0, 44], 'code_file_reference_uid': ['', '1094c224-5caf-549b-11b0-a897b4ff731a'], 'line_begin': [0, 44], 'metadata_type': ['', ''], 'text_extraction': ['', ''], 'col_begin': [0, 8], 'grounding': ['', ''], 'variable_identifier': ['', ''], 'provenance': ['Provenance { method: Some(""skema_code2fn_program_analysis""), timestamp: Some(""2024-02-01 21:11:46.875362"") }', 'Provenance { method: Some(""skema_code2fn_program_analysis""), timestamp: Some(""2024-02-01 21:11:46.875355"") }'], 'col_end': [0, 11], 'value': ['', ''], 'metadata_idx': 151}>"
"<Node id=8930 labels={'Expression'} properties={'name': 'Expression50', 'order_att': 29, 'value': '', 'order_box': 11}>","<Relationship id=13859 start_node_id=8930 end_node_id=9033 nodes=(8930, 9033) type=Metadata properties={}>","<Node id=9033 labels={'Metadata'} properties={'gromet_version': [''], 'source_language_version': [''], 'variable_definition': [''], 'files': [''], 'source_language': [''], 'global_reference_id': [''], 'data_type': [''], 'name': [''], 'line_end': [45], 'code_file_reference_uid': ['1094c224-5caf-549b-11b0-a897b4ff731a'], 'line_begin': [45], 'metadata_type': [''], 'text_extraction': [''], 'col_begin': [0], 'grounding': [''], 'variable_identifier': [''], 'provenance': ['Provenance { method: Some(""skema_code2fn_program_analysis""), timestamp: Some(""2024-02-01 21:11:46.875408"") }'], 'col_end': [11], 'value': [''], 'metadata_idx': 154}>"
"<Node id=8932 labels={'Literal'} properties={'name': 'Literal', 'order_att': 29, 'value': {'gromet_type': 'LiteralValue', 'value': '0.1', 'value_type': 'AbstractFloat'}, 'order_box': 11}>","<Relationship id=13862 start_node_id=8932 end_node_id=9034 nodes=(8932, 9034) type=Metadata properties={}>","<Node id=9034 labels={'Metadata'} properties={'gromet_version': ['', ''], 'source_language_version': ['3.8', ''], 'variable_definition': ['', ''], 'files': ['', ''], 'source_language': ['Python', ''], 'global_reference_id': ['', ''], 'data_type': [""<class 'float'>"", ''], 'name': ['', ''], 'line_end': [0, 45], 'code_file_reference_uid': ['', '1094c224-5caf-549b-11b0-a897b4ff731a'], 'line_begin': [0, 45], 'metadata_type': ['', ''], 'text_extraction': ['', ''], 'col_begin': [0, 8], 'grounding': ['', ''], 'variable_identifier': ['', ''], 'provenance': ['Provenance { method: Some(""skema_code2fn_program_analysis""), timestamp: Some(""2024-02-01 21:11:46.875435"") }', 'Provenance { method: Some(""skema_code2fn_program_analysis""), timestamp: Some(""2024-02-01 21:11:46.875428"") }'], 'col_end': [0, 11], 'value': ['', ''], 'metadata_idx': 153}>"
"<Node id=8933 labels={'Expression'} properties={'name': 'Expression55', 'order_att': 30, 'value': '', 'order_box': 12}>","<Relationship id=13863 start_node_id=8933 end_node_id=9035 nodes=(8933, 9035) type=Metadata properties={}>","<Node id=9035 labels={'Metadata'} properties={'gromet_version': [''], 'source_language_version': [''], 'variable_definition': [''], 'files': [''], 'source_language': [''], 'global_reference_id': [''], 'data_type': [''], 'name': [''], 'line_end': [46], 'code_file_reference_uid': ['1094c224-5caf-549b-11b0-a897b4ff731a'], 'line_begin': [46], 'metadata_type': [''], 'text_extraction': [''], 'col_begin': [0], 'grounding': [''], 'variable_identifier': [''], 'provenance': ['Provenance { method: Some(""skema_code2fn_program_analysis""), timestamp: Some(""2024-02-01 21:11:46.875478"") }'], 'col_end': [11], 'value': [''], 'metadata_idx': 156}>"
"<Node id=8935 labels={'Literal'} properties={'name': 'Literal', 'order_att': 30, 'value': {'gromet_type': 'LiteralValue', 'value': '0.2', 'value_type': 'AbstractFloat'}, 'order_box': 12}>","<Relationship id=13866 start_node_id=8935 end_node_id=9036 nodes=(8935, 9036) type=Metadata properties={}>","<Node id=9036 labels={'Metadata'} properties={'gromet_version': ['', ''], 'source_language_version': ['3.8', ''], 'variable_definition': ['', ''], 'files': ['', ''], 'source_language': ['Python', ''], 'global_reference_id': ['', ''], 'data_type': [""<class 'float'>"", ''], 'name': ['', ''], 'line_end': [0, 46], 'code_file_reference_uid': ['', '1094c224-5caf-549b-11b0-a897b4ff731a'], 'line_begin': [0, 46], 'metadata_type': ['', ''], 'text_extraction': ['', ''], 'col_begin': [0, 8], 'grounding': ['', ''], 'variable_identifier': ['', ''], 'provenance': ['Provenance { method: Some(""skema_code2fn_program_analysis""), timestamp: Some(""2024-02-01 21:11:46.875508"") }', 'Provenance { method: Some(""skema_code2fn_program_analysis""), timestamp: Some(""2024-02-01 21:11:46.875498"") }'], 'col_end': [0, 11], 'value': ['', ''], 'metadata_idx': 155}>"
"<Node id=8936 labels={'Expression'} properties={'name': 'Expression60', 'order_att': 31, 'value': '', 'order_box': 13}>","<Relationship id=13868 start_node_id=8936 end_node_id=9037 nodes=(8936, 9037) type=Metadata properties={}>","<Node id=9037 labels={'Metadata'} properties={'gromet_version': [''], 'source_language_version': [''], 'variable_definition': [''], 'files': [''], 'source_language': [''], 'global_reference_id': [''], 'data_type': [''], 'name': [''], 'line_end': [47], 'code_file_reference_uid': ['1094c224-5caf-549b-11b0-a897b4ff731a'], 'line_begin': [47], 'metadata_type': [''], 'text_extraction': [''], 'col_begin': [0], 'grounding': [''], 'variable_identifier': [''], 'provenance': ['Provenance { method: Some(""skema_code2fn_program_analysis""), timestamp: Some(""2024-02-01 21:11:46.875556"") }'], 'col_end': [11], 'value': [''], 'metadata_idx': 158}>"
"<Node id=8938 labels={'Literal'} properties={'name': 'Literal', 'order_att': 31, 'value': {'gromet_type': 'LiteralValue', 'value': '0.1', 'value_type': 'AbstractFloat'}, 'order_box': 13}>","<Relationship id=13871 start_node_id=8938 end_node_id=9038 nodes=(8938, 9038) type=Metadata properties={}>","<Node id=9038 labels={'Metadata'} properties={'gromet_version': ['', ''], 'source_language_version': ['3.8', ''], 'variable_definition': ['', ''], 'files': ['', ''], 'source_language': ['Python', ''], 'global_reference_id': ['', ''], 'data_type': [""<class 'float'>"", ''], 'name': ['', ''], 'line_end': [0, 47], 'code_file_reference_uid': ['', '1094c224-5caf-549b-11b0-a897b4ff731a'], 'line_begin': [0, 47], 'metadata_type': ['', ''], 'text_extraction': ['', ''], 'col_begin': [0, 8], 'grounding': ['', ''], 'variable_identifier': ['', ''], 'provenance': ['Provenance { method: Some(""skema_code2fn_program_analysis""), timestamp: Some(""2024-02-01 21:11:46.875585"") }', 'Provenance { method: Some(""skema_code2fn_program_analysis""), timestamp: Some(""2024-02-01 21:11:46.875578"") }'], 'col_end': [0, 11], 'value': ['', ''], 'metadata_idx': 157}>"
"<Node id=8939 labels={'Expression'} properties={'name': 'Expression65', 'order_att': 32, 'value': '', 'order_box': 14}>","<Relationship id=13872 start_node_id=8939 end_node_id=9039 nodes=(8939, 9039) type=Metadata properties={}>","<Node id=9039 labels={'Metadata'} properties={'gromet_version': [''], 'source_language_version': [''], 'variable_definition': [''], 'files': [''], 'source_language': [''], 'global_reference_id': [''], 'data_type': [''], 'name': [''], 'line_end': [48], 'code_file_reference_uid': ['1094c224-5caf-549b-11b0-a897b4ff731a'], 'line_begin': [48], 'metadata_type': [''], 'text_extraction': [''], 'col_begin': [0], 'grounding': [''], 'variable_identifier': [''], 'provenance': ['Provenance { method: Some(""skema_code2fn_program_analysis""), timestamp: Some(""2024-02-01 21:11:46.875630"") }'], 'col_end': [11], 'value': [''], 'metadata_idx': 160}>"
"<Node id=8941 labels={'Literal'} properties={'name': 'Literal', 'order_att': 32, 'value': {'gromet_type': 'LiteralValue', 'value': '0.1', 'value_type': 'AbstractFloat'}, 'order_box': 14}>","<Relationship id=13875 start_node_id=8941 end_node_id=9040 nodes=(8941, 9040) type=Metadata properties={}>","<Node id=9040 labels={'Metadata'} properties={'gromet_version': ['', ''], 'source_language_version': ['3.8', ''], 'variable_definition': ['', ''], 'files': ['', ''], 'source_language': ['Python', ''], 'global_reference_id': ['', ''], 'data_type': [""<class 'float'>"", ''], 'name': ['', ''], 'line_end': [0, 48], 'code_file_reference_uid': ['', '1094c224-5caf-549b-11b0-a897b4ff731a'], 'line_begin': [0, 48], 'metadata_type': ['', ''], 'text_extraction': ['', ''], 'col_begin': [0, 8], 'grounding': ['', ''], 'variable_identifier': ['', ''], 'provenance': ['Provenance { method: Some(""skema_code2fn_program_analysis""), timestamp: Some(""2024-02-01 21:11:46.875655"") }', 'Provenance { method: Some(""skema_code2fn_program_analysis""), timestamp: Some(""2024-02-01 21:11:46.875648"") }'], 'col_end': [0, 11], 'value': ['', ''], 'metadata_idx': 159}>"
"<Node id=8942 labels={'Expression'} properties={'name': 'Expression70', 'order_att': 33, 'value': '', 'order_box': 15}>","<Relationship id=13877 start_node_id=8942 end_node_id=9041 nodes=(8942, 9041) type=Metadata properties={}>","<Node id=9041 labels={'Metadata'} properties={'gromet_version': [''], 'source_language_version': [''], 'variable_definition': [''], 'files': [''], 'source_language': [''], 'global_reference_id': [''], 'data_type': [''], 'name': [''], 'line_end': [49], 'code_file_reference_uid': ['1094c224-5caf-549b-11b0-a897b4ff731a'], 'line_begin': [49], 'metadata_type': [''], 'text_extraction': [''], 'col_begin': [0], 'grounding': [''], 'variable_identifier': [''], 'provenance': ['Provenance { method: Some(""skema_code2fn_program_analysis""), timestamp: Some(""2024-02-01 21:11:46.875702"") }'], 'col_end': [11], 'value': [''], 'metadata_idx': 162}>"
"<Node id=8944 labels={'Literal'} properties={'name': 'Literal', 'order_att': 33, 'value': {'gromet_type': 'LiteralValue', 'value': '0.1', 'value_type': 'AbstractFloat'}, 'order_box': 15}>","<Relationship id=13880 start_node_id=8944 end_node_id=9042 nodes=(8944, 9042) type=Metadata properties={}>","<Node id=9042 labels={'Metadata'} properties={'gromet_version': ['', ''], 'source_language_version': ['3.8', ''], 'variable_definition': ['', ''], 'files': ['', ''], 'source_language': ['Python', ''], 'global_reference_id': ['', ''], 'data_type': [""<class 'float'>"", ''], 'name': ['', ''], 'line_end': [0, 49], 'code_file_reference_uid': ['', '1094c224-5caf-549b-11b0-a897b4ff731a'], 'line_begin': [0, 49], 'metadata_type': ['', ''], 'text_extraction': ['', ''], 'col_begin': [0, 8], 'grounding': ['', ''], 'variable_identifier': ['', ''], 'provenance': ['Provenance { method: Some(""skema_code2fn_program_analysis""), timestamp: Some(""2024-02-01 21:11:46.875732"") }', 'Provenance { method: Some(""skema_code2fn_program_analysis""), timestamp: Some(""2024-02-01 21:11:46.875724"") }'], 'col_end': [0, 11], 'value': ['', ''], 'metadata_idx': 161}>"
"<Node id=8945 labels={'Expression'} properties={'name': 'Expression75', 'order_att': 34, 'value': '', 'order_box': 16}>","<Relationship id=13881 start_node_id=8945 end_node_id=9043 nodes=(8945, 9043) type=Metadata properties={}>","<Node id=9043 labels={'Metadata'} properties={'gromet_version': [''], 'source_language_version': [''], 'variable_definition': [''], 'files': [''], 'source_language': [''], 'global_reference_id': [''], 'data_type': [''], 'name': [''], 'line_end': [50], 'code_file_reference_uid': ['1094c224-5caf-549b-11b0-a897b4ff731a'], 'line_begin': [50], 'metadata_type': [''], 'text_extraction': [''], 'col_begin': [0], 'grounding': [''], 'variable_identifier': [''], 'provenance': ['Provenance { method: Some(""skema_code2fn_program_analysis""), timestamp: Some(""2024-02-01 21:11:46.875806"") }'], 'col_end': [9], 'value': [''], 'metadata_idx': 164}>"
"<Node id=8947 labels={'Literal'} properties={'name': 'Literal', 'order_att': 34, 'value': {'gromet_type': 'LiteralValue', 'value': '0.1', 'value_type': 'AbstractFloat'}, 'order_box': 16}>","<Relationship id=13884 start_node_id=8947 end_node_id=9044 nodes=(8947, 9044) type=Metadata properties={}>","<Node id=9044 labels={'Metadata'} properties={'gromet_version': ['', ''], 'source_language_version': ['3.8', ''], 'variable_definition': ['', ''], 'files': ['', ''], 'source_language': ['Python', ''], 'global_reference_id': ['', ''], 'data_type': [""<class 'float'>"", ''], 'name': ['', ''], 'line_end': [0, 50], 'code_file_reference_uid': ['', '1094c224-5caf-549b-11b0-a897b4ff731a'], 'line_begin': [0, 50], 'metadata_type': ['', ''], 'text_extraction': ['', ''], 'col_begin': [0, 6], 'grounding': ['', ''], 'variable_identifier': ['', ''], 'provenance': ['Provenance { method: Some(""skema_code2fn_program_analysis""), timestamp: Some(""2024-02-01 21:11:46.875870"") }', 'Provenance { method: Some(""skema_code2fn_program_analysis""), timestamp: Some(""2024-02-01 21:11:46.875863"") }'], 'col_end': [0, 9], 'value': ['', ''], 'metadata_idx': 163}>"
"<Node id=8948 labels={'Expression'} properties={'name': 'Expression80', 'order_att': 35, 'value': '', 'order_box': 17}>","<Relationship id=13885 start_node_id=8948 end_node_id=9045 nodes=(8948, 9045) type=Metadata properties={}>","<Node id=9045 labels={'Metadata'} properties={'gromet_version': [''], 'source_language_version': [''], 'variable_definition': [''], 'files': [''], 'source_language': [''], 'global_reference_id': [''], 'data_type': [''], 'name': [''], 'line_end': [51], 'code_file_reference_uid': ['1094c224-5caf-549b-11b0-a897b4ff731a'], 'line_begin': [51], 'metadata_type': [''], 'text_extraction': [''], 'col_begin': [0], 'grounding': [''], 'variable_identifier': [''], 'provenance': ['Provenance { method: Some(""skema_code2fn_program_analysis""), timestamp: Some(""2024-02-01 21:11:46.875921"") }'], 'col_end': [11], 'value': [''], 'metadata_idx': 166}>"
"<Node id=8950 labels={'Literal'} properties={'name': 'Literal', 'order_att': 35, 'value': {'gromet_type': 'LiteralValue', 'value': '0.1', 'value_type': 'AbstractFloat'}, 'order_box': 17}>","<Relationship id=13888 start_node_id=8950 end_node_id=9046 nodes=(8950, 9046) type=Metadata properties={}>","<Node id=9046 labels={'Metadata'} properties={'gromet_version': ['', ''], 'source_language_version': ['3.8', ''], 'variable_definition': ['', ''], 'files': ['', ''], 'source_language': ['Python', ''], 'global_reference_id': ['', ''], 'data_type': [""<class 'float'>"", ''], 'name': ['', ''], 'line_end': [0, 51], 'code_file_reference_uid': ['', '1094c224-5caf-549b-11b0-a897b4ff731a'], 'line_begin': [0, 51], 'metadata_type': ['', ''], 'text_extraction': ['', ''], 'col_begin': [0, 8], 'grounding': ['', ''], 'variable_identifier': ['', ''], 'provenance': ['Provenance { method: Some(""skema_code2fn_program_analysis""), timestamp: Some(""2024-02-01 21:11:46.875949"") }', 'Provenance { method: Some(""skema_code2fn_program_analysis""), timestamp: Some(""2024-02-01 21:11:46.875941"") }'], 'col_end': [0, 11], 'value': ['', ''], 'metadata_idx': 165}>"
"<Node id=8951 labels={'Expression'} properties={'name': 'Expression85', 'order_att': 36, 'value': '', 'order_box': 18}>","<Relationship id=13889 start_node_id=8951 end_node_id=9047 nodes=(8951, 9047) type=Metadata properties={}>","<Node id=9047 labels={'Metadata'} properties={'gromet_version': [''], 'source_language_version': [''], 'variable_definition': [''], 'files': [''], 'source_language': [''], 'global_reference_id': [''], 'data_type': [''], 'name': [''], 'line_end': [52], 'code_file_reference_uid': ['1094c224-5caf-549b-11b0-a897b4ff731a'], 'line_begin': [52], 'metadata_type': [''], 'text_extraction': [''], 'col_begin': [0], 'grounding': [''], 'variable_identifier': [''], 'provenance': ['Provenance { method: Some(""skema_code2fn_program_analysis""), timestamp: Some(""2024-02-01 21:11:46.875995"") }'], 'col_end': [9], 'value': [''], 'metadata_idx': 168}>"
"<Node id=8953 labels={'Literal'} properties={'name': 'Literal', 'order_att': 36, 'value': {'gromet_type': 'LiteralValue', 'value': '0.1', 'value_type': 'AbstractFloat'}, 'order_box': 18}>","<Relationship id=13892 start_node_id=8953 end_node_id=9048 nodes=(8953, 9048) type=Metadata properties={}>","<Node id=9048 labels={'Metadata'} properties={'gromet_version': ['', ''], 'source_language_version': ['3.8', ''], 'variable_definition': ['', ''], 'files': ['', ''], 'source_language': ['Python', ''], 'global_reference_id': ['', ''], 'data_type': [""<class 'float'>"", ''], 'name': ['', ''], 'line_end': [0, 52], 'code_file_reference_uid': ['', '1094c224-5caf-549b-11b0-a897b4ff731a'], 'line_begin': [0, 52], 'metadata_type': ['', ''], 'text_extraction': ['', ''], 'col_begin': [0, 6], 'grounding': ['', ''], 'variable_identifier': ['', ''], 'provenance': ['Provenance { method: Some(""skema_code2fn_program_analysis""), timestamp: Some(""2024-02-01 21:11:46.876030"") }', 'Provenance { method: Some(""skema_code2fn_program_analysis""), timestamp: Some(""2024-02-01 21:11:46.876014"") }'], 'col_end': [0, 9], 'value': ['', ''], 'metadata_idx': 167}>"
"<Node id=8954 labels={'Expression'} properties={'name': 'Expression90', 'order_att': 37, 'value': '', 'order_box': 19}>","<Relationship id=13893 start_node_id=8954 end_node_id=9049 nodes=(8954, 9049) type=Metadata properties={}>","<Node id=9049 labels={'Metadata'} properties={'gromet_version': [''], 'source_language_version': [''], 'variable_definition': [''], 'files': [''], 'source_language': [''], 'global_reference_id': [''], 'data_type': [''], 'name': [''], 'line_end': [53], 'code_file_reference_uid': ['1094c224-5caf-549b-11b0-a897b4ff731a'], 'line_begin': [53], 'metadata_type': [''], 'text_extraction': [''], 'col_begin': [0], 'grounding': [''], 'variable_identifier': [''], 'provenance': ['Provenance { method: Some(""skema_code2fn_program_analysis""), timestamp: Some(""2024-02-01 21:11:46.876096"") }'], 'col_end': [9], 'value': [''], 'metadata_idx': 170}>"
"<Node id=8956 labels={'Literal'} properties={'name': 'Literal', 'order_att': 37, 'value': {'gromet_type': 'LiteralValue', 'value': '0.1', 'value_type': 'AbstractFloat'}, 'order_box': 19}>","<Relationship id=13896 start_node_id=8956 end_node_id=9050 nodes=(8956, 9050) type=Metadata properties={}>","<Node id=9050 labels={'Metadata'} properties={'gromet_version': ['', ''], 'source_language_version': ['3.8', ''], 'variable_definition': ['', ''], 'files': ['', ''], 'source_language': ['Python', ''], 'global_reference_id': ['', ''], 'data_type': [""<class 'float'>"", ''], 'name': ['', ''], 'line_end': [0, 53], 'code_file_reference_uid': ['', '1094c224-5caf-549b-11b0-a897b4ff731a'], 'line_begin': [0, 53], 'metadata_type': ['', ''], 'text_extraction': ['', ''], 'col_begin': [0, 6], 'grounding': ['', ''], 'variable_identifier': ['', ''], 'provenance': ['Provenance { method: Some(""skema_code2fn_program_analysis""), timestamp: Some(""2024-02-01 21:11:46.876123"") }', 'Provenance { method: Some(""skema_code2fn_program_analysis""), timestamp: Some(""2024-02-01 21:11:46.876116"") }'], 'col_end': [0, 9], 'value': ['', ''], 'metadata_idx': 169}>"
"<Node id=8957 labels={'Expression'} properties={'name': 'Expression95', 'order_att': 38, 'value': '', 'order_box': 20}>","<Relationship id=13897 start_node_id=8957 end_node_id=9051 nodes=(8957, 9051) type=Metadata properties={}>","<Node id=9051 labels={'Metadata'} properties={'gromet_version': [''], 'source_language_version': [''], 'variable_definition': [''], 'files': [''], 'source_language': [''], 'global_reference_id': [''], 'data_type': [''], 'name': [''], 'line_end': [54], 'code_file_reference_uid': ['1094c224-5caf-549b-11b0-a897b4ff731a'], 'line_begin': [54], 'metadata_type': [''], 'text_extraction': [''], 'col_begin': [0], 'grounding': [''], 'variable_identifier': [''], 'provenance': ['Provenance { method: Some(""skema_code2fn_program_analysis""), timestamp: Some(""2024-02-01 21:11:46.876172"") }'], 'col_end': [8], 'value': [''], 'metadata_idx': 172}>"
"<Node id=8959 labels={'Literal'} properties={'name': 'Literal', 'order_att': 38, 'value': {'gromet_type': 'LiteralValue', 'value': '0.1', 'value_type': 'AbstractFloat'}, 'order_box': 20}>","<Relationship id=13900 start_node_id=8959 end_node_id=9052 nodes=(8959, 9052) type=Metadata properties={}>","<Node id=9052 labels={'Metadata'} properties={'gromet_version': ['', ''], 'source_language_version': ['3.8', ''], 'variable_definition': ['', ''], 'files': ['', ''], 'source_language': ['Python', ''], 'global_reference_id': ['', ''], 'data_type': [""<class 'float'>"", ''], 'name': ['', ''], 'line_end': [0, 54], 'code_file_reference_uid': ['', '1094c224-5caf-549b-11b0-a897b4ff731a'], 'line_begin': [0, 54], 'metadata_type': ['', ''], 'text_extraction': ['', ''], 'col_begin': [0, 5], 'grounding': ['', ''], 'variable_identifier': ['', ''], 'provenance': ['Provenance { method: Some(""skema_code2fn_program_analysis""), timestamp: Some(""2024-02-01 21:11:46.876199"") }', 'Provenance { method: Some(""skema_code2fn_program_analysis""), timestamp: Some(""2024-02-01 21:11:46.876192"") }'], 'col_end': [0, 8], 'value': ['', ''], 'metadata_idx': 171}>"
"<Node id=8960 labels={'Expression'} properties={'name': 'Expression100', 'order_att': 39, 'value': '', 'order_box': 21}>","<Relationship id=13769 start_node_id=8960 end_node_id=9053 nodes=(8960, 9053) type=Metadata properties={}>","<Node id=9053 labels={'Metadata'} properties={'gromet_version': [''], 'source_language_version': [''], 'variable_definition': [''], 'files': [''], 'source_language': [''], 'global_reference_id': [''], 'data_type': [''], 'name': [''], 'line_end': [56], 'code_file_reference_uid': ['1094c224-5caf-549b-11b0-a897b4ff731a'], 'line_begin': [56], 'metadata_type': [''], 'text_extraction': [''], 'col_begin': [0], 'grounding': [''], 'variable_identifier': [''], 'provenance': ['Provenance { method: Some(""skema_code2fn_program_analysis""), timestamp: Some(""2024-02-01 21:11:46.876245"") }'], 'col_end': [10], 'value': [''], 'metadata_idx': 174}>"
"<Node id=8962 labels={'Literal'} properties={'name': 'Literal', 'order_att': 39, 'value': {'gromet_type': 'LiteralValue', 'value': '100', 'value_type': 'Integer'}, 'order_box': 21}>","<Relationship id=13772 start_node_id=8962 end_node_id=9054 nodes=(8962, 9054) type=Metadata properties={}>","<Node id=9054 labels={'Metadata'} properties={'gromet_version': ['', ''], 'source_language_version': ['3.8', ''], 'variable_definition': ['', ''], 'files': ['', ''], 'source_language': ['Python', ''], 'global_reference_id': ['', ''], 'data_type': [""<class 'int'>"", ''], 'name': ['', ''], 'line_end': [0, 56], 'code_file_reference_uid': ['', '1094c224-5caf-549b-11b0-a897b4ff731a'], 'line_begin': [0, 56], 'metadata_type': ['', ''], 'text_extraction': ['', ''], 'col_begin': [0, 7], 'grounding': ['', ''], 'variable_identifier': ['', ''], 'provenance': ['Provenance { method: Some(""skema_code2fn_program_analysis""), timestamp: Some(""2024-02-01 21:11:46.876278"") }', 'Provenance { method: Some(""skema_code2fn_program_analysis""), timestamp: Some(""2024-02-01 21:11:46.876269"") }'], 'col_end': [0, 10], 'value': ['', ''], 'metadata_idx': 173}>"
"<Node id=8963 labels={'Expression'} properties={'name': 'Expression105', 'order_att': 40, 'value': '', 'order_box': 22}>","<Relationship id=13773 start_node_id=8963 end_node_id=9055 nodes=(8963, 9055) type=Metadata properties={}>","<Node id=9055 labels={'Metadata'} properties={'gromet_version': [''], 'source_language_version': [''], 'variable_definition': [''], 'files': [''], 'source_language': [''], 'global_reference_id': [''], 'data_type': [''], 'name': [''], 'line_end': [57], 'code_file_reference_uid': ['1094c224-5caf-549b-11b0-a897b4ff731a'], 'line_begin': [57], 'metadata_type': [''], 'text_extraction': [''], 'col_begin': [0], 'grounding': [''], 'variable_identifier': [''], 'provenance': ['Provenance { method: Some(""skema_code2fn_program_analysis""), timestamp: Some(""2024-02-01 21:11:46.876325"") }'], 'col_end': [8], 'value': [''], 'metadata_idx': 176}>"
"<Node id=8965 labels={'Literal'} properties={'name': 'Literal', 'order_att': 40, 'value': {'gromet_type': 'LiteralValue', 'value': '0.1', 'value_type': 'AbstractFloat'}, 'order_box': 22}>","<Relationship id=13776 start_node_id=8965 end_node_id=9056 nodes=(8965, 9056) type=Metadata properties={}>","<Node id=9056 labels={'Metadata'} properties={'gromet_version': ['', ''], 'source_language_version': ['3.8', ''], 'variable_definition': ['', ''], 'files': ['', ''], 'source_language': ['Python', ''], 'global_reference_id': ['', ''], 'data_type': [""<class 'float'>"", ''], 'name': ['', ''], 'line_end': [0, 57], 'code_file_reference_uid': ['', '1094c224-5caf-549b-11b0-a897b4ff731a'], 'line_begin': [0, 57], 'metadata_type': ['', ''], 'text_extraction': ['', ''], 'col_begin': [0, 5], 'grounding': ['', ''], 'variable_identifier': ['', ''], 'provenance': ['Provenance { method: Some(""skema_code2fn_program_analysis""), timestamp: Some(""2024-02-01 21:11:46.876353"") }', 'Provenance { method: Some(""skema_code2fn_program_analysis""), timestamp: Some(""2024-02-01 21:11:46.876346"") }'], 'col_end': [0, 8], 'value': ['', ''], 'metadata_idx': 175}>"
"<Node id=8966 labels={'Primitive'} properties={'name': 'run_simulation_id33', 'order_att': 0, 'value': '', 'order_box': 23}>","<Relationship id=13778 start_node_id=8966 end_node_id=9057 nodes=(8966, 9057) type=Metadata properties={}>","<Node id=9057 labels={'Metadata'} properties={'gromet_version': [''], 'source_language_version': [''], 'variable_definition': [''], 'files': [''], 'source_language': [''], 'global_reference_id': [''], 'data_type': [''], 'name': [''], 'line_end': [59], 'code_file_reference_uid': ['1094c224-5caf-549b-11b0-a897b4ff731a'], 'line_begin': [59], 'metadata_type': [''], 'text_extraction': [''], 'col_begin': [25], 'grounding': [''], 'variable_identifier': [''], 'provenance': ['Provenance { method: Some(""skema_code2fn_program_analysis""), timestamp: Some(""2024-02-01 21:11:46.876404"") }'], 'col_end': [155], 'value': [''], 'metadata_idx': 177}>"
"<Node id=8968 labels={'Primitive'} properties={'name': 'module.plot_0', 'order_att': 0, 'value': '', 'order_box': 26}>","<Relationship id=13779 start_node_id=8968 end_node_id=9058 nodes=(8968, 9058) type=Metadata properties={}>","<Node id=9058 labels={'Metadata'} properties={'gromet_version': [''], 'source_language_version': [''], 'variable_definition': [''], 'files': [''], 'source_language': [''], 'global_reference_id': [''], 'data_type': [''], 'name': [''], 'line_end': [64], 'code_file_reference_uid': ['1094c224-5caf-549b-11b0-a897b4ff731a'], 'line_begin': [64], 'metadata_type': [''], 'text_extraction': [''], 'col_begin': [0], 'grounding': [''], 'variable_identifier': [''], 'provenance': ['Provenance { method: Some(""skema_code2fn_program_analysis""), timestamp: Some(""2024-02-01 21:11:46.876832"") }'], 'col_end': [32], 'value': [''], 'metadata_idx': 186}>"
"<Node id=8969 labels={'Expression'} properties={'name': 'Expression117', 'order_att': 42, 'value': '', 'order_box': 27}>","<Relationship id=13780 start_node_id=8969 end_node_id=9059 nodes=(8969, 9059) type=Metadata properties={}>","<Node id=9059 labels={'Metadata'} properties={'gromet_version': [''], 'source_language_version': [''], 'variable_definition': [''], 'files': [''], 'source_language': [''], 'global_reference_id': [''], 'data_type': [''], 'name': [''], 'line_end': [64], 'code_file_reference_uid': ['1094c224-5caf-549b-11b0-a897b4ff731a'], 'line_begin': [64], 'metadata_type': [''], 'text_extraction': [''], 'col_begin': [0], 'grounding': [''], 'variable_identifier': [''], 'provenance': ['Provenance { method: Some(""skema_code2fn_program_analysis""), timestamp: Some(""2024-02-01 21:11:46.876950"") }'], 'col_end': [32], 'value': [''], 'metadata_idx': 188}>"
"<Node id=8971 labels={'Literal'} properties={'name': 'Literal', 'order_att': 42, 'value': {'gromet_type': 'LiteralValue', 'value': '""Susceptible""', 'value_type': 'List'}, 'order_box': 27}>","<Relationship id=13783 start_node_id=8971 end_node_id=9060 nodes=(8971, 9060) type=Metadata properties={}>","<Node id=9060 labels={'Metadata'} properties={'gromet_version': ['', ''], 'source_language_version': ['3.8', ''], 'variable_definition': ['', ''], 'files': ['', ''], 'source_language': ['Python', ''], 'global_reference_id': ['', ''], 'data_type': [""<class 'str'>"", ''], 'name': ['', ''], 'line_end': [0, 64], 'code_file_reference_uid': ['', '1094c224-5caf-549b-11b0-a897b4ff731a'], 'line_begin': [0, 64], 'metadata_type': ['', ''], 'text_extraction': ['', ''], 'col_begin': [0, 18], 'grounding': ['', ''], 'variable_identifier': ['', ''], 'provenance': ['Provenance { method: Some(""skema_code2fn_program_analysis""), timestamp: Some(""2024-02-01 21:11:46.876983"") }', 'Provenance { method: Some(""skema_code2fn_program_analysis""), timestamp: Some(""2024-02-01 21:11:46.876973"") }'], 'col_end': [0, 31], 'value': ['', ''], 'metadata_idx': 187}>"
"<Node id=8972 labels={'Primitive'} properties={'name': 'module.plot_1', 'order_att': 0, 'value': '', 'order_box': 28}>","<Relationship id=13785 start_node_id=8972 end_node_id=9061 nodes=(8972, 9061) type=Metadata properties={}>","<Node id=9061 labels={'Metadata'} properties={'gromet_version': [''], 'source_language_version': [''], 'variable_definition': [''], 'files': [''], 'source_language': [''], 'global_reference_id': [''], 'data_type': [''], 'name': [''], 'line_end': [65], 'code_file_reference_uid': ['1094c224-5caf-549b-11b0-a897b4ff731a'], 'line_begin': [65], 'metadata_type': [''], 'text_extraction': [''], 'col_begin': [0], 'grounding': [''], 'variable_identifier': [''], 'provenance': ['Provenance { method: Some(""skema_code2fn_program_analysis""), timestamp: Some(""2024-02-01 21:11:46.877045"") }'], 'col_end': [29], 'value': [''], 'metadata_idx': 189}>"
"<Node id=8973 labels={'Expression'} properties={'name': 'Expression124', 'order_att': 44, 'value': '', 'order_box': 29}>","<Relationship id=13786 start_node_id=8973 end_node_id=9062 nodes=(8973, 9062) type=Metadata properties={}>","<Node id=9062 labels={'Metadata'} properties={'gromet_version': [''], 'source_language_version': [''], 'variable_definition': [''], 'files': [''], 'source_language': [''], 'global_reference_id': [''], 'data_type': [''], 'name': [''], 'line_end': [65], 'code_file_reference_uid': ['1094c224-5caf-549b-11b0-a897b4ff731a'], 'line_begin': [65], 'metadata_type': [''], 'text_extraction': [''], 'col_begin': [0], 'grounding': [''], 'variable_identifier': [''], 'provenance': ['Provenance { method: Some(""skema_code2fn_program_analysis""), timestamp: Some(""2024-02-01 21:11:46.877138"") }'], 'col_end': [29], 'value': [''], 'metadata_idx': 191}>"
"<Node id=8975 labels={'Literal'} properties={'name': 'Literal', 'order_att': 44, 'value': {'gromet_type': 'LiteralValue', 'value': '""Infected""', 'value_type': 'List'}, 'order_box': 29}>","<Relationship id=13789 start_node_id=8975 end_node_id=9063 nodes=(8975, 9063) type=Metadata properties={}>","<Node id=9063 labels={'Metadata'} properties={'gromet_version': ['', ''], 'source_language_version': ['3.8', ''], 'variable_definition': ['', ''], 'files': ['', ''], 'source_language': ['Python', ''], 'global_reference_id': ['', ''], 'data_type': [""<class 'str'>"", ''], 'name': ['', ''], 'line_end': [0, 65], 'code_file_reference_uid': ['', '1094c224-5caf-549b-11b0-a897b4ff731a'], 'line_begin': [0, 65], 'metadata_type': ['', ''], 'text_extraction': ['', ''], 'col_begin': [0, 18], 'grounding': ['', ''], 'variable_identifier': ['', ''], 'provenance': ['Provenance { method: Some(""skema_code2fn_program_analysis""), timestamp: Some(""2024-02-01 21:11:46.877178"") }', 'Provenance { method: Some(""skema_code2fn_program_analysis""), timestamp: Some(""2024-02-01 21:11:46.877171"") }'], 'col_end': [0, 28], 'value': ['', ''], 'metadata_idx': 190}>"
"<Node id=8976 labels={'Primitive'} properties={'name': 'module.plot_2', 'order_att': 0, 'value': '', 'order_box': 30}>","<Relationship id=13790 start_node_id=8976 end_node_id=9064 nodes=(8976, 9064) type=Metadata properties={}>","<Node id=9064 labels={'Metadata'} properties={'gromet_version': [''], 'source_language_version': [''], 'variable_definition': [''], 'files': [''], 'source_language': [''], 'global_reference_id': [''], 'data_type': [''], 'name': [''], 'line_end': [66], 'code_file_reference_uid': ['1094c224-5caf-549b-11b0-a897b4ff731a'], 'line_begin': [66], 'metadata_type': [''], 'text_extraction': [''], 'col_begin': [0], 'grounding': [''], 'variable_identifier': [''], 'provenance': ['Provenance { method: Some(""skema_code2fn_program_analysis""), timestamp: Some(""2024-02-01 21:11:46.877239"") }'], 'col_end': [25], 'value': [''], 'metadata_idx': 192}>"
"<Node id=8977 labels={'Expression'} properties={'name': 'Expression131', 'order_att': 46, 'value': '', 'order_box': 31}>","<Relationship id=13791 start_node_id=8977 end_node_id=9065 nodes=(8977, 9065) type=Metadata properties={}>","<Node id=9065 labels={'Metadata'} properties={'gromet_version': [''], 'source_language_version': [''], 'variable_definition': [''], 'files': [''], 'source_language': [''], 'global_reference_id': [''], 'data_type': [''], 'name': [''], 'line_end': [66], 'code_file_reference_uid': ['1094c224-5caf-549b-11b0-a897b4ff731a'], 'line_begin': [66], 'metadata_type': [''], 'text_extraction': [''], 'col_begin': [0], 'grounding': [''], 'variable_identifier': [''], 'provenance': ['Provenance { method: Some(""skema_code2fn_program_analysis""), timestamp: Some(""2024-02-01 21:11:46.877328"") }'], 'col_end': [25], 'value': [''], 'metadata_idx': 194}>"
"<Node id=8979 labels={'Literal'} properties={'name': 'Literal', 'order_att': 46, 'value': {'gromet_type': 'LiteralValue', 'value': '""Dead""', 'value_type': 'List'}, 'order_box': 31}>","<Relationship id=13794 start_node_id=8979 end_node_id=9066 nodes=(8979, 9066) type=Metadata properties={}>","<Node id=9066 labels={'Metadata'} properties={'gromet_version': ['', ''], 'source_language_version': ['3.8', ''], 'variable_definition': ['', ''], 'files': ['', ''], 'source_language': ['Python', ''], 'global_reference_id': ['', ''], 'data_type': [""<class 'str'>"", ''], 'name': ['', ''], 'line_end': [0, 66], 'code_file_reference_uid': ['', '1094c224-5caf-549b-11b0-a897b4ff731a'], 'line_begin': [0, 66], 'metadata_type': ['', ''], 'text_extraction': ['', ''], 'col_begin': [0, 18], 'grounding': ['', ''], 'variable_identifier': ['', ''], 'provenance': ['Provenance { method: Some(""skema_code2fn_program_analysis""), timestamp: Some(""2024-02-01 21:11:46.877356"") }', 'Provenance { method: Some(""skema_code2fn_program_analysis""), timestamp: Some(""2024-02-01 21:11:46.877349"") }'], 'col_end': [0, 24], 'value': ['', ''], 'metadata_idx': 193}>"
"<Node id=8980 labels={'Primitive'} properties={'name': 'module.plot_3', 'order_att': 0, 'value': '', 'order_box': 32}>","<Relationship id=13795 start_node_id=8980 end_node_id=9067 nodes=(8980, 9067) type=Metadata properties={}>","<Node id=9067 labels={'Metadata'} properties={'gromet_version': [''], 'source_language_version': [''], 'variable_definition': [''], 'files': [''], 'source_language': [''], 'global_reference_id': [''], 'data_type': [''], 'name': [''], 'line_end': [67], 'code_file_reference_uid': ['1094c224-5caf-549b-11b0-a897b4ff731a'], 'line_begin': [67], 'metadata_type': [''], 'text_extraction': [''], 'col_begin': [0], 'grounding': [''], 'variable_identifier': [''], 'provenance': ['Provenance { method: Some(""skema_code2fn_program_analysis""), timestamp: Some(""2024-02-01 21:11:46.877416"") }'], 'col_end': [27], 'value': [''], 'metadata_idx': 195}>"
"<Node id=8981 labels={'Expression'} properties={'name': 'Expression138', 'order_att': 48, 'value': '', 'order_box': 33}>","<Relationship id=13796 start_node_id=8981 end_node_id=9068 nodes=(8981, 9068) type=Metadata properties={}>","<Node id=9068 labels={'Metadata'} properties={'gromet_version': [''], 'source_language_version': [''], 'variable_definition': [''], 'files': [''], 'source_language': [''], 'global_reference_id': [''], 'data_type': [''], 'name': [''], 'line_end': [67], 'code_file_reference_uid': ['1094c224-5caf-549b-11b0-a897b4ff731a'], 'line_begin': [67], 'metadata_type': [''], 'text_extraction': [''], 'col_begin': [0], 'grounding': [''], 'variable_identifier': [''], 'provenance': ['Provenance { method: Some(""skema_code2fn_program_analysis""), timestamp: Some(""2024-02-01 21:11:46.877506"") }'], 'col_end': [27], 'value': [''], 'metadata_idx': 197}>"
"<Node id=8983 labels={'Literal'} properties={'name': 'Literal', 'order_att': 48, 'value': {'gromet_type': 'LiteralValue', 'value': '""Active""', 'value_type': 'List'}, 'order_box': 33}>","<Relationship id=13799 start_node_id=8983 end_node_id=9069 nodes=(8983, 9069) type=Metadata properties={}>","<Node id=9069 labels={'Metadata'} properties={'gromet_version': ['', ''], 'source_language_version': ['3.8', ''], 'variable_definition': ['', ''], 'files': ['', ''], 'source_language': ['Python', ''], 'global_reference_id': ['', ''], 'data_type': [""<class 'str'>"", ''], 'name': ['', ''], 'line_end': [0, 67], 'code_file_reference_uid': ['', '1094c224-5caf-549b-11b0-a897b4ff731a'], 'line_begin': [0, 67], 'metadata_type': ['', ''], 'text_extraction': ['', ''], 'col_begin': [0, 18], 'grounding': ['', ''], 'variable_identifier': ['', ''], 'provenance': ['Provenance { method: Some(""skema_code2fn_program_analysis""), timestamp: Some(""2024-02-01 21:11:46.877534"") }', 'Provenance { method: Some(""skema_code2fn_program_analysis""), timestamp: Some(""2024-02-01 21:11:46.877527"") }'], 'col_end': [0, 26], 'value': ['', ''], 'metadata_idx': 196}>"
"<Node id=8984 labels={'Primitive'} properties={'name': 'module.plot_4', 'order_att': 0, 'value': '', 'order_box': 34}>","<Relationship id=13800 start_node_id=8984 end_node_id=9070 nodes=(8984, 9070) type=Metadata properties={}>","<Node id=9070 labels={'Metadata'} properties={'gromet_version': [''], 'source_language_version': [''], 'variable_definition': [''], 'files': [''], 'source_language': [''], 'global_reference_id': [''], 'data_type': [''], 'name': [''], 'line_end': [68], 'code_file_reference_uid': ['1094c224-5caf-549b-11b0-a897b4ff731a'], 'line_begin': [68], 'metadata_type': [''], 'text_extraction': [''], 'col_begin': [0], 'grounding': [''], 'variable_identifier': [''], 'provenance': ['Provenance { method: Some(""skema_code2fn_program_analysis""), timestamp: Some(""2024-02-01 21:11:46.877596"") }'], 'col_end': [30], 'value': [''], 'metadata_idx': 198}>"
"<Node id=8985 labels={'Expression'} properties={'name': 'Expression145', 'order_att': 50, 'value': '', 'order_box': 35}>","<Relationship id=13801 start_node_id=8985 end_node_id=9071 nodes=(8985, 9071) type=Metadata properties={}>","<Node id=9071 labels={'Metadata'} properties={'gromet_version': [''], 'source_language_version': [''], 'variable_definition': [''], 'files': [''], 'source_language': [''], 'global_reference_id': [''], 'data_type': [''], 'name': [''], 'line_end': [68], 'code_file_reference_uid': ['1094c224-5caf-549b-11b0-a897b4ff731a'], 'line_begin': [68], 'metadata_type': [''], 'text_extraction': [''], 'col_begin': [0], 'grounding': [''], 'variable_identifier': [''], 'provenance': ['Provenance { method: Some(""skema_code2fn_program_analysis""), timestamp: Some(""2024-02-01 21:11:46.877691"") }'], 'col_end': [30], 'value': [''], 'metadata_idx': 200}>"
"<Node id=8987 labels={'Literal'} properties={'name': 'Literal', 'order_att': 50, 'value': {'gromet_type': 'LiteralValue', 'value': '""Recovered""', 'value_type': 'List'}, 'order_box': 35}>","<Relationship id=13804 start_node_id=8987 end_node_id=9072 nodes=(8987, 9072) type=Metadata properties={}>","<Node id=9072 labels={'Metadata'} properties={'gromet_version': ['', ''], 'source_language_version': ['3.8', ''], 'variable_definition': ['', ''], 'files': ['', ''], 'source_language': ['Python', ''], 'global_reference_id': ['', ''], 'data_type': [""<class 'str'>"", ''], 'name': ['', ''], 'line_end': [0, 68], 'code_file_reference_uid': ['', '1094c224-5caf-549b-11b0-a897b4ff731a'], 'line_begin': [0, 68], 'metadata_type': ['', ''], 'text_extraction': ['', ''], 'col_begin': [0, 18], 'grounding': ['', ''], 'variable_identifier': ['', ''], 'provenance': ['Provenance { method: Some(""skema_code2fn_program_analysis""), timestamp: Some(""2024-02-01 21:11:46.877722"") }', 'Provenance { method: Some(""skema_code2fn_program_analysis""), timestamp: Some(""2024-02-01 21:11:46.877714"") }'], 'col_end': [0, 29], 'value': ['', ''], 'metadata_idx': 199}>"
"<Node id=8988 labels={'Primitive'} properties={'name': 'module.plot_5', 'order_att': 0, 'value': '', 'order_box': 36}>","<Relationship id=13807 start_node_id=8988 end_node_id=9073 nodes=(8988, 9073) type=Metadata properties={}>","<Node id=9073 labels={'Metadata'} properties={'gromet_version': [''], 'source_language_version': [''], 'variable_definition': [''], 'files': [''], 'source_language': [''], 'global_reference_id': [''], 'data_type': [''], 'name': [''], 'line_end': [69], 'code_file_reference_uid': ['1094c224-5caf-549b-11b0-a897b4ff731a'], 'line_begin': [69], 'metadata_type': [''], 'text_extraction': [''], 'col_begin': [0], 'grounding': [''], 'variable_identifier': [''], 'provenance': ['Provenance { method: Some(""skema_code2fn_program_analysis""), timestamp: Some(""2024-02-01 21:11:46.877784"") }'], 'col_end': [28], 'value': [''], 'metadata_idx': 201}>"
"<Node id=8989 labels={'Expression'} properties={'name': 'Expression152', 'order_att': 52, 'value': '', 'order_box': 37}>","<Relationship id=13808 start_node_id=8989 end_node_id=9074 nodes=(8989, 9074) type=Metadata properties={}>","<Node id=9074 labels={'Metadata'} properties={'gromet_version': [''], 'source_language_version': [''], 'variable_definition': [''], 'files': [''], 'source_language': [''], 'global_reference_id': [''], 'data_type': [''], 'name': [''], 'line_end': [69], 'code_file_reference_uid': ['1094c224-5caf-549b-11b0-a897b4ff731a'], 'line_begin': [69], 'metadata_type': [''], 'text_extraction': [''], 'col_begin': [0], 'grounding': [''], 'variable_identifier': [''], 'provenance': ['Provenance { method: Some(""skema_code2fn_program_analysis""), timestamp: Some(""2024-02-01 21:11:46.877876"") }'], 'col_end': [28], 'value': [''], 'metadata_idx': 203}>"
"<Node id=8991 labels={'Literal'} properties={'name': 'Literal', 'order_att': 52, 'value': {'gromet_type': 'LiteralValue', 'value': '""Serious""', 'value_type': 'List'}, 'order_box': 37}>","<Relationship id=13811 start_node_id=8991 end_node_id=9075 nodes=(8991, 9075) type=Metadata properties={}>","<Node id=9075 labels={'Metadata'} properties={'gromet_version': ['', ''], 'source_language_version': ['3.8', ''], 'variable_definition': ['', ''], 'files': ['', ''], 'source_language': ['Python', ''], 'global_reference_id': ['', ''], 'data_type': [""<class 'str'>"", ''], 'name': ['', ''], 'line_end': [0, 69], 'code_file_reference_uid': ['', '1094c224-5caf-549b-11b0-a897b4ff731a'], 'line_begin': [0, 69], 'metadata_type': ['', ''], 'text_extraction': ['', ''], 'col_begin': [0, 18], 'grounding': ['', ''], 'variable_identifier': ['', ''], 'provenance': ['Provenance { method: Some(""skema_code2fn_program_analysis""), timestamp: Some(""2024-02-01 21:11:46.877904"") }', 'Provenance { method: Some(""skema_code2fn_program_analysis""), timestamp: Some(""2024-02-01 21:11:46.877897"") }'], 'col_end': [0, 27], 'value': ['', ''], 'metadata_idx': 202}>"
"<Node id=8992 labels={'Primitive'} properties={'name': 'module.plot_6', 'order_att': 0, 'value': '', 'order_box': 38}>","<Relationship id=13812 start_node_id=8992 end_node_id=9076 nodes=(8992, 9076) type=Metadata properties={}>","<Node id=9076 labels={'Metadata'} properties={'gromet_version': [''], 'source_language_version': [''], 'variable_definition': [''], 'files': [''], 'source_language': [''], 'global_reference_id': [''], 'data_type': [''], 'name': [''], 'line_end': [70], 'code_file_reference_uid': ['1094c224-5caf-549b-11b0-a897b4ff731a'], 'line_begin': [70], 'metadata_type': [''], 'text_extraction': [''], 'col_begin': [0], 'grounding': [''], 'variable_identifier': [''], 'provenance': ['Provenance { method: Some(""skema_code2fn_program_analysis""), timestamp: Some(""2024-02-01 21:11:46.877998"") }'], 'col_end': [33], 'value': [''], 'metadata_idx': 204}>"
"<Node id=8993 labels={'Expression'} properties={'name': 'Expression159', 'order_att': 54, 'value': '', 'order_box': 39}>","<Relationship id=13813 start_node_id=8993 end_node_id=9077 nodes=(8993, 9077) type=Metadata properties={}>","<Node id=9077 labels={'Metadata'} properties={'gromet_version': [''], 'source_language_version': [''], 'variable_definition': [''], 'files': [''], 'source_language': [''], 'global_reference_id': [''], 'data_type': [''], 'name': [''], 'line_end': [70], 'code_file_reference_uid': ['1094c224-5caf-549b-11b0-a897b4ff731a'], 'line_begin': [70], 'metadata_type': [''], 'text_extraction': [''], 'col_begin': [0], 'grounding': [''], 'variable_identifier': [''], 'provenance': ['Provenance { method: Some(""skema_code2fn_program_analysis""), timestamp: Some(""2024-02-01 21:11:46.878097"") }'], 'col_end': [33], 'value': [''], 'metadata_idx': 206}>"
"<Node id=8995 labels={'Literal'} properties={'name': 'Literal', 'order_att': 54, 'value': {'gromet_type': 'LiteralValue', 'value': '""Hospitalized""', 'value_type': 'List'}, 'order_box': 39}>","<Relationship id=13817 start_node_id=8995 end_node_id=9078 nodes=(8995, 9078) type=Metadata properties={}>","<Node id=9078 labels={'Metadata'} properties={'gromet_version': ['', ''], 'source_language_version': ['3.8', ''], 'variable_definition': ['', ''], 'files': ['', ''], 'source_language': ['Python', ''], 'global_reference_id': ['', ''], 'data_type': [""<class 'str'>"", ''], 'name': ['', ''], 'line_end': [0, 70], 'code_file_reference_uid': ['', '1094c224-5caf-549b-11b0-a897b4ff731a'], 'line_begin': [0, 70], 'metadata_type': ['', ''], 'text_extraction': ['', ''], 'col_begin': [0, 18], 'grounding': ['', ''], 'variable_identifier': ['', ''], 'provenance': ['Provenance { method: Some(""skema_code2fn_program_analysis""), timestamp: Some(""2024-02-01 21:11:46.878126"") }', 'Provenance { method: Some(""skema_code2fn_program_analysis""), timestamp: Some(""2024-02-01 21:11:46.878119"") }'], 'col_end': [0, 32], 'value': ['', ''], 'metadata_idx': 205}>"
"<Node id=8996 labels={'Primitive'} properties={'name': 'module.plot_7', 'order_att': 0, 'value': '', 'order_box': 40}>","<Relationship id=13818 start_node_id=8996 end_node_id=9079 nodes=(8996, 9079) type=Metadata properties={}>","<Node id=9079 labels={'Metadata'} properties={'gromet_version': [''], 'source_language_version': [''], 'variable_definition': [''], 'files': [''], 'source_language': [''], 'global_reference_id': [''], 'data_type': [''], 'name': [''], 'line_end': [71], 'code_file_reference_uid': ['1094c224-5caf-549b-11b0-a897b4ff731a'], 'line_begin': [71], 'metadata_type': [''], 'text_extraction': [''], 'col_begin': [0], 'grounding': [''], 'variable_identifier': [''], 'provenance': ['Provenance { method: Some(""skema_code2fn_program_analysis""), timestamp: Some(""2024-02-01 21:11:46.878187"") }'], 'col_end': [28], 'value': [''], 'metadata_idx': 207}>"
"<Node id=8997 labels={'Expression'} properties={'name': 'Expression166', 'order_att': 56, 'value': '', 'order_box': 41}>","<Relationship id=13819 start_node_id=8997 end_node_id=9080 nodes=(8997, 9080) type=Metadata properties={}>","<Node id=9080 labels={'Metadata'} properties={'gromet_version': [''], 'source_language_version': [''], 'variable_definition': [''], 'files': [''], 'source_language': [''], 'global_reference_id': [''], 'data_type': [''], 'name': [''], 'line_end': [71], 'code_file_reference_uid': ['1094c224-5caf-549b-11b0-a897b4ff731a'], 'line_begin': [71], 'metadata_type': [''], 'text_extraction': [''], 'col_begin': [0], 'grounding': [''], 'variable_identifier': [''], 'provenance': ['Provenance { method: Some(""skema_code2fn_program_analysis""), timestamp: Some(""2024-02-01 21:11:46.878285"") }'], 'col_end': [28], 'value': [''], 'metadata_idx': 209}>"
"<Node id=8999 labels={'Literal'} properties={'name': 'Literal', 'order_att': 56, 'value': {'gromet_type': 'LiteralValue', 'value': '""Exposed""', 'value_type': 'List'}, 'order_box': 41}>","<Relationship id=13822 start_node_id=8999 end_node_id=9081 nodes=(8999, 9081) type=Metadata properties={}>","<Node id=9081 labels={'Metadata'} properties={'gromet_version': ['', ''], 'source_language_version': ['3.8', ''], 'variable_definition': ['', ''], 'files': ['', ''], 'source_language': ['Python', ''], 'global_reference_id': ['', ''], 'data_type': [""<class 'str'>"", ''], 'name': ['', ''], 'line_end': [0, 71], 'code_file_reference_uid': ['', '1094c224-5caf-549b-11b0-a897b4ff731a'], 'line_begin': [0, 71], 'metadata_type': ['', ''], 'text_extraction': ['', ''], 'col_begin': [0, 18], 'grounding': ['', ''], 'variable_identifier': ['', ''], 'provenance': ['Provenance { method: Some(""skema_code2fn_program_analysis""), timestamp: Some(""2024-02-01 21:11:46.878315"") }', 'Provenance { method: Some(""skema_code2fn_program_analysis""), timestamp: Some(""2024-02-01 21:11:46.878306"") }'], 'col_end': [0, 27], 'value': ['', ''], 'metadata_idx': 208}>"
"<Node id=9001 labels={'Primitive'} properties={'name': 'module.legend_0', 'order_att': 0, 'value': '', 'order_box': 43}>","<Relationship id=13824 start_node_id=9001 end_node_id=9082 nodes=(9001, 9082) type=Metadata properties={}>","<Node id=9082 labels={'Metadata'} properties={'gromet_version': [''], 'source_language_version': [''], 'variable_definition': [''], 'files': [''], 'source_language': [''], 'global_reference_id': [''], 'data_type': [''], 'name': [''], 'line_end': [72], 'code_file_reference_uid': ['1094c224-5caf-549b-11b0-a897b4ff731a'], 'line_begin': [72], 'metadata_type': [''], 'text_extraction': [''], 'col_begin': [0], 'grounding': [''], 'variable_identifier': [''], 'provenance': ['Provenance { method: Some(""skema_code2fn_program_analysis""), timestamp: Some(""2024-02-01 21:11:46.878375"") }'], 'col_end': [12], 'value': [''], 'metadata_idx': 210}>"
"<Node id=9003 labels={'Primitive'} properties={'name': 'module.xlabel_0', 'order_att': 0, 'value': '', 'order_box': 45}>","<Relationship id=13825 start_node_id=9003 end_node_id=9083 nodes=(9003, 9083) type=Metadata properties={}>","<Node id=9083 labels={'Metadata'} properties={'gromet_version': [''], 'source_language_version': [''], 'variable_definition': [''], 'files': [''], 'source_language': [''], 'global_reference_id': [''], 'data_type': [''], 'name': [''], 'line_end': [73], 'code_file_reference_uid': ['1094c224-5caf-549b-11b0-a897b4ff731a'], 'line_begin': [73], 'metadata_type': [''], 'text_extraction': [''], 'col_begin': [0], 'grounding': [''], 'variable_identifier': [''], 'provenance': ['Provenance { method: Some(""skema_code2fn_program_analysis""), timestamp: Some(""2024-02-01 21:11:46.878474"") }'], 'col_end': [18], 'value': [''], 'metadata_idx': 211}>"
"<Node id=9004 labels={'Literal'} properties={'name': 'Literal', 'order_att': 0, 'value': {'gromet_type': 'LiteralValue', 'value': '""Time""', 'value_type': 'List'}, 'order_box': 46}>","<Relationship id=13826 start_node_id=9004 end_node_id=9084 nodes=(9004, 9084) type=Metadata properties={}>","<Node id=9084 labels={'Metadata'} properties={'gromet_version': ['', ''], 'source_language_version': ['3.8', ''], 'variable_definition': ['', ''], 'files': ['', ''], 'source_language': ['Python', ''], 'global_reference_id': ['', ''], 'data_type': [""<class 'str'>"", ''], 'name': ['', ''], 'line_end': [0, 73], 'code_file_reference_uid': ['', '1094c224-5caf-549b-11b0-a897b4ff731a'], 'line_begin': [0, 73], 'metadata_type': ['', ''], 'text_extraction': ['', ''], 'col_begin': [0, 11], 'grounding': ['', ''], 'variable_identifier': ['', ''], 'provenance': ['Provenance { method: Some(""skema_code2fn_program_analysis""), timestamp: Some(""2024-02-01 21:11:46.878582"") }', 'Provenance { method: Some(""skema_code2fn_program_analysis""), timestamp: Some(""2024-02-01 21:11:46.878573"") }'], 'col_end': [0, 17], 'value': ['', ''], 'metadata_idx': 212}>"
"<Node id=9006 labels={'Primitive'} properties={'name': 'module.ylabel_0', 'order_att': 0, 'value': '', 'order_box': 48}>","<Relationship id=13827 start_node_id=9006 end_node_id=9085 nodes=(9006, 9085) type=Metadata properties={}>","<Node id=9085 labels={'Metadata'} properties={'gromet_version': [''], 'source_language_version': [''], 'variable_definition': [''], 'files': [''], 'source_language': [''], 'global_reference_id': [''], 'data_type': [''], 'name': [''], 'line_end': [74], 'code_file_reference_uid': ['1094c224-5caf-549b-11b0-a897b4ff731a'], 'line_begin': [74], 'metadata_type': [''], 'text_extraction': [''], 'col_begin': [0], 'grounding': [''], 'variable_identifier': [''], 'provenance': ['Provenance { method: Some(""skema_code2fn_program_analysis""), timestamp: Some(""2024-02-01 21:11:46.878634"") }'], 'col_end': [24], 'value': [''], 'metadata_idx': 213}>"
"<Node id=9007 labels={'Literal'} properties={'name': 'Literal', 'order_att': 0, 'value': {'gromet_type': 'LiteralValue', 'value': '""Population""', 'value_type': 'List'}, 'order_box': 49}>","<Relationship id=13828 start_node_id=9007 end_node_id=9086 nodes=(9007, 9086) type=Metadata properties={}>","<Node id=9086 labels={'Metadata'} properties={'gromet_version': ['', ''], 'source_language_version': ['3.8', ''], 'variable_definition': ['', ''], 'files': ['', ''], 'source_language': ['Python', ''], 'global_reference_id': ['', ''], 'data_type': [""<class 'str'>"", ''], 'name': ['', ''], 'line_end': [0, 74], 'code_file_reference_uid': ['', '1094c224-5caf-549b-11b0-a897b4ff731a'], 'line_begin': [0, 74], 'metadata_type': ['', ''], 'text_extraction': ['', ''], 'col_begin': [0, 11], 'grounding': ['', ''], 'variable_identifier': ['', ''], 'provenance': ['Provenance { method: Some(""skema_code2fn_program_analysis""), timestamp: Some(""2024-02-01 21:11:46.878742"") }', 'Provenance { method: Some(""skema_code2fn_program_analysis""), timestamp: Some(""2024-02-01 21:11:46.878733"") }'], 'col_end': [0, 23], 'value': ['', ''], 'metadata_idx': 214}>"
"<Node id=9009 labels={'Primitive'} properties={'name': 'module.title_0', 'order_att': 0, 'value': '', 'order_box': 51}>","<Relationship id=13829 start_node_id=9009 end_node_id=9087 nodes=(9009, 9087) type=Metadata properties={}>","<Node id=9087 labels={'Metadata'} properties={'gromet_version': [''], 'source_language_version': [''], 'variable_definition': [''], 'files': [''], 'source_language': [''], 'global_reference_id': [''], 'data_type': [''], 'name': [''], 'line_end': [75], 'code_file_reference_uid': ['1094c224-5caf-549b-11b0-a897b4ff731a'], 'line_begin': [75], 'metadata_type': [''], 'text_extraction': [''], 'col_begin': [0], 'grounding': [''], 'variable_identifier': [''], 'provenance': ['Provenance { method: Some(""skema_code2fn_program_analysis""), timestamp: Some(""2024-02-01 21:11:46.878798"") }'], 'col_end': [38], 'value': [''], 'metadata_idx': 215}>"
"<Node id=9010 labels={'Literal'} properties={'name': 'Literal', 'order_att': 0, 'value': {'gromet_type': 'LiteralValue', 'value': '""SIDARTHE Model Simulation""', 'value_type': 'List'}, 'order_box': 52}>","<Relationship id=13830 start_node_id=9010 end_node_id=9088 nodes=(9010, 9088) type=Metadata properties={}>","<Node id=9088 labels={'Metadata'} properties={'gromet_version': ['', ''], 'source_language_version': ['3.8', ''], 'variable_definition': ['', ''], 'files': ['', ''], 'source_language': ['Python', ''], 'global_reference_id': ['', ''], 'data_type': [""<class 'str'>"", ''], 'name': ['', ''], 'line_end': [0, 75], 'code_file_reference_uid': ['', '1094c224-5caf-549b-11b0-a897b4ff731a'], 'line_begin': [0, 75], 'metadata_type': ['', ''], 'text_extraction': ['', ''], 'col_begin': [0, 10], 'grounding': ['', ''], 'variable_identifier': ['', ''], 'provenance': ['Provenance { method: Some(""skema_code2fn_program_analysis""), timestamp: Some(""2024-02-01 21:11:46.878907"") }', 'Provenance { method: Some(""skema_code2fn_program_analysis""), timestamp: Some(""2024-02-01 21:11:46.878900"") }'], 'col_end': [0, 37], 'value': ['', ''], 'metadata_idx': 216}>"
"<Node id=9012 labels={'Primitive'} properties={'name': 'module.show_0', 'order_att': 0, 'value': '', 'order_box': 54}>","<Relationship id=13831 start_node_id=9012 end_node_id=9089 nodes=(9012, 9089) type=Metadata properties={}>","<Node id=9089 labels={'Metadata'} properties={'gromet_version': [''], 'source_language_version': [''], 'variable_definition': [''], 'files': [''], 'source_language': [''], 'global_reference_id': [''], 'data_type': [''], 'name': [''], 'line_end': [76], 'code_file_reference_uid': ['1094c224-5caf-549b-11b0-a897b4ff731a'], 'line_begin': [76], 'metadata_type': [''], 'text_extraction': [''], 'col_begin': [0], 'grounding': [''], 'variable_identifier': [''], 'provenance': ['Provenance { method: Some(""skema_code2fn_program_analysis""), timestamp: Some(""2024-02-01 21:11:46.878962"") }'], 'col_end': [10], 'value': [''], 'metadata_idx': 217}>"
