c,r,m
"<Node id=7989 labels={'Module'} properties={'name': 'module', 'schema': 'FN', 'filename': 'output-code-11', 'schema_version': '0.1.9'}>","<Relationship id=12465 start_node_id=7989 end_node_id=7990 nodes=(7989, 7990) type=Metadata properties={}>","<Node id=7990 labels={'Metadata'} properties={'gromet_version': [''], 'source_language_version': [''], 'variable_definition': [''], 'files': [''], 'source_language': [''], 'global_reference_id': [''], 'data_type': [''], 'name': [''], 'line_end': [36], 'code_file_reference_uid': ['cd0ebae6-e5dd-f308-c7d3-727b408c0e37'], 'line_begin': [1], 'metadata_type': [''], 'text_extraction': [''], 'col_begin': [0], 'grounding': [''], 'variable_identifier': [''], 'provenance': ['Provenance { method: Some(""skema_code2fn_program_analysis""), timestamp: Some(""2024-02-01 21:11:32.756392"") }'], 'col_end': [0], 'value': [''], 'metadata_idx': 3}>"
"<Node id=7989 labels={'Module'} properties={'name': 'module', 'schema': 'FN', 'filename': 'output-code-11', 'schema_version': '0.1.9'}>","<Relationship id=12466 start_node_id=7989 end_node_id=7991 nodes=(7989, 7991) type=Contains properties={}>","<Node id=7991 labels={'Primitive'} properties={'name': 'odeint', 'order_att': 0, 'value': '', 'order_box': 1}>"
"<Node id=7989 labels={'Module'} properties={'name': 'module', 'schema': 'FN', 'filename': 'output-code-11', 'schema_version': '0.1.9'}>","<Relationship id=12501 start_node_id=7989 end_node_id=7992 nodes=(7989, 7992) type=Contains properties={'index': 8}>","<Node id=7992 labels={'Expression'} properties={'name': 'Expression2', 'order_att': 8, 'value': '', 'order_box': 2}>"
"<Node id=7992 labels={'Expression'} properties={'name': 'Expression2', 'order_att': 8, 'value': '', 'order_box': 2}>","<Relationship id=12580 start_node_id=7992 end_node_id=7993 nodes=(7992, 7993) type=Port_Of properties={}>","<Node id=7993 labels={'Opo'} properties={'name': 'N', 'order_att': 8, 'value': '', 'order_box': 2}>"
"<Node id=7989 labels={'Module'} properties={'name': 'module', 'schema': 'FN', 'filename': 'output-code-11', 'schema_version': '0.1.9'}>","<Relationship id=12510 start_node_id=7989 end_node_id=7994 nodes=(7989, 7994) type=Contains properties={}>","<Node id=7994 labels={'Literal'} properties={'name': 'Literal', 'order_att': 8, 'value': {'gromet_type': 'LiteralValue', 'value': '1000', 'value_type': 'Integer'}, 'order_box': 2}>"
"<Node id=7993 labels={'Opo'} properties={'name': 'N', 'order_att': 8, 'value': '', 'order_box': 2}>","<Relationship id=12588 start_node_id=7993 end_node_id=7994 nodes=(7993, 7994) type=Wire properties={}>","<Node id=7994 labels={'Literal'} properties={'name': 'Literal', 'order_att': 8, 'value': {'gromet_type': 'LiteralValue', 'value': '1000', 'value_type': 'Integer'}, 'order_box': 2}>"
"<Node id=7989 labels={'Module'} properties={'name': 'module', 'schema': 'FN', 'filename': 'output-code-11', 'schema_version': '0.1.9'}>","<Relationship id=12523 start_node_id=7989 end_node_id=7995 nodes=(7989, 7995) type=Contains properties={'index': 9}>","<Node id=7995 labels={'Expression'} properties={'name': 'Expression7', 'order_att': 9, 'value': '', 'order_box': 3}>"
"<Node id=7995 labels={'Expression'} properties={'name': 'Expression7', 'order_att': 9, 'value': '', 'order_box': 3}>","<Relationship id=12615 start_node_id=7995 end_node_id=7996 nodes=(7995, 7996) type=Port_Of properties={}>","<Node id=7996 labels={'Opo'} properties={'name': 'beta', 'order_att': 9, 'value': '', 'order_box': 3}>"
"<Node id=7989 labels={'Module'} properties={'name': 'module', 'schema': 'FN', 'filename': 'output-code-11', 'schema_version': '0.1.9'}>","<Relationship id=12532 start_node_id=7989 end_node_id=7997 nodes=(7989, 7997) type=Contains properties={}>","<Node id=7997 labels={'Literal'} properties={'name': 'Literal', 'order_att': 9, 'value': {'gromet_type': 'LiteralValue', 'value': '0.2', 'value_type': 'AbstractFloat'}, 'order_box': 3}>"
"<Node id=7996 labels={'Opo'} properties={'name': 'beta', 'order_att': 9, 'value': '', 'order_box': 3}>","<Relationship id=12619 start_node_id=7996 end_node_id=7997 nodes=(7996, 7997) type=Wire properties={}>","<Node id=7997 labels={'Literal'} properties={'name': 'Literal', 'order_att': 9, 'value': {'gromet_type': 'LiteralValue', 'value': '0.2', 'value_type': 'AbstractFloat'}, 'order_box': 3}>"
"<Node id=7989 labels={'Module'} properties={'name': 'module', 'schema': 'FN', 'filename': 'output-code-11', 'schema_version': '0.1.9'}>","<Relationship id=12476 start_node_id=7989 end_node_id=7998 nodes=(7989, 7998) type=Contains properties={'index': 10}>","<Node id=7998 labels={'Expression'} properties={'name': 'Expression12', 'order_att': 10, 'value': '', 'order_box': 4}>"
"<Node id=7998 labels={'Expression'} properties={'name': 'Expression12', 'order_att': 10, 'value': '', 'order_box': 4}>","<Relationship id=12552 start_node_id=7998 end_node_id=7999 nodes=(7998, 7999) type=Port_Of properties={}>","<Node id=7999 labels={'Opo'} properties={'name': 'sigma', 'order_att': 10, 'value': '', 'order_box': 4}>"
"<Node id=7989 labels={'Module'} properties={'name': 'module', 'schema': 'FN', 'filename': 'output-code-11', 'schema_version': '0.1.9'}>","<Relationship id=12485 start_node_id=7989 end_node_id=8000 nodes=(7989, 8000) type=Contains properties={}>","<Node id=8000 labels={'Literal'} properties={'name': 'Literal', 'order_att': 10, 'value': {'gromet_type': 'LiteralValue', 'value': '0.1', 'value_type': 'AbstractFloat'}, 'order_box': 4}>"
"<Node id=7999 labels={'Opo'} properties={'name': 'sigma', 'order_att': 10, 'value': '', 'order_box': 4}>","<Relationship id=12559 start_node_id=7999 end_node_id=8000 nodes=(7999, 8000) type=Wire properties={}>","<Node id=8000 labels={'Literal'} properties={'name': 'Literal', 'order_att': 10, 'value': {'gromet_type': 'LiteralValue', 'value': '0.1', 'value_type': 'AbstractFloat'}, 'order_box': 4}>"
"<Node id=7989 labels={'Module'} properties={'name': 'module', 'schema': 'FN', 'filename': 'output-code-11', 'schema_version': '0.1.9'}>","<Relationship id=12499 start_node_id=7989 end_node_id=8001 nodes=(7989, 8001) type=Contains properties={'index': 11}>","<Node id=8001 labels={'Expression'} properties={'name': 'Expression17', 'order_att': 11, 'value': '', 'order_box': 5}>"
"<Node id=8001 labels={'Expression'} properties={'name': 'Expression17', 'order_att': 11, 'value': '', 'order_box': 5}>","<Relationship id=12576 start_node_id=8001 end_node_id=8002 nodes=(8001, 8002) type=Port_Of properties={}>","<Node id=8002 labels={'Opo'} properties={'name': 'gamma', 'order_att': 11, 'value': '', 'order_box': 5}>"
"<Node id=7989 labels={'Module'} properties={'name': 'module', 'schema': 'FN', 'filename': 'output-code-11', 'schema_version': '0.1.9'}>","<Relationship id=12500 start_node_id=7989 end_node_id=8003 nodes=(7989, 8003) type=Contains properties={}>","<Node id=8003 labels={'Literal'} properties={'name': 'Literal', 'order_att': 11, 'value': {'gromet_type': 'LiteralValue', 'value': '0.05', 'value_type': 'AbstractFloat'}, 'order_box': 5}>"
"<Node id=8002 labels={'Opo'} properties={'name': 'gamma', 'order_att': 11, 'value': '', 'order_box': 5}>","<Relationship id=12577 start_node_id=8002 end_node_id=8003 nodes=(8002, 8003) type=Wire properties={}>","<Node id=8003 labels={'Literal'} properties={'name': 'Literal', 'order_att': 11, 'value': {'gromet_type': 'LiteralValue', 'value': '0.05', 'value_type': 'AbstractFloat'}, 'order_box': 5}>"
"<Node id=7989 labels={'Module'} properties={'name': 'module', 'schema': 'FN', 'filename': 'output-code-11', 'schema_version': '0.1.9'}>","<Relationship id=12502 start_node_id=7989 end_node_id=8004 nodes=(7989, 8004) type=Contains properties={'index': 12}>","<Node id=8004 labels={'Expression'} properties={'name': 'Expression22', 'order_att': 12, 'value': '', 'order_box': 6}>"
"<Node id=8004 labels={'Expression'} properties={'name': 'Expression22', 'order_att': 12, 'value': '', 'order_box': 6}>","<Relationship id=12582 start_node_id=8004 end_node_id=8005 nodes=(8004, 8005) type=Port_Of properties={}>","<Node id=8005 labels={'Opo'} properties={'name': 'delta', 'order_att': 12, 'value': '', 'order_box': 6}>"
"<Node id=7989 labels={'Module'} properties={'name': 'module', 'schema': 'FN', 'filename': 'output-code-11', 'schema_version': '0.1.9'}>","<Relationship id=12503 start_node_id=7989 end_node_id=8006 nodes=(7989, 8006) type=Contains properties={}>","<Node id=8006 labels={'Literal'} properties={'name': 'Literal', 'order_att': 12, 'value': {'gromet_type': 'LiteralValue', 'value': '0.01', 'value_type': 'AbstractFloat'}, 'order_box': 6}>"
"<Node id=8005 labels={'Opo'} properties={'name': 'delta', 'order_att': 12, 'value': '', 'order_box': 6}>","<Relationship id=12583 start_node_id=8005 end_node_id=8006 nodes=(8005, 8006) type=Wire properties={}>","<Node id=8006 labels={'Literal'} properties={'name': 'Literal', 'order_att': 12, 'value': {'gromet_type': 'LiteralValue', 'value': '0.01', 'value_type': 'AbstractFloat'}, 'order_box': 6}>"
"<Node id=7989 labels={'Module'} properties={'name': 'module', 'schema': 'FN', 'filename': 'output-code-11', 'schema_version': '0.1.9'}>","<Relationship id=12504 start_node_id=7989 end_node_id=8007 nodes=(7989, 8007) type=Contains properties={'index': 13}>","<Node id=8007 labels={'Expression'} properties={'name': 'Expression27', 'order_att': 13, 'value': '', 'order_box': 7}>"
"<Node id=8007 labels={'Expression'} properties={'name': 'Expression27', 'order_att': 13, 'value': '', 'order_box': 7}>","<Relationship id=12586 start_node_id=8007 end_node_id=8008 nodes=(8007, 8008) type=Port_Of properties={}>","<Node id=8008 labels={'Opi'} properties={'name': 'N', 'order_att': 13, 'value': '', 'order_box': 7}>"
"<Node id=8010 labels={'Primitive'} properties={'name': 'ast.Sub', 'order_att': 13, 'value': '', 'order_box': 7}>","<Relationship id=12590 start_node_id=8010 end_node_id=8008 nodes=(8010, 8008) type=Wire properties={'index': 0}>","<Node id=8008 labels={'Opi'} properties={'name': 'N', 'order_att': 13, 'value': '', 'order_box': 7}>"
"<Node id=7989 labels={'Module'} properties={'name': 'module', 'schema': 'FN', 'filename': 'output-code-11', 'schema_version': '0.1.9'}>","<Relationship id=12505 start_node_id=7989 end_node_id=8009 nodes=(7989, 8009) type=Contains properties={}>","<Node id=8009 labels={'Literal'} properties={'name': 'Literal', 'order_att': 13, 'value': {'gromet_type': 'LiteralValue', 'value': '1', 'value_type': 'Integer'}, 'order_box': 7}>"
"<Node id=8010 labels={'Primitive'} properties={'name': 'ast.Sub', 'order_att': 13, 'value': '', 'order_box': 7}>","<Relationship id=12591 start_node_id=8010 end_node_id=8009 nodes=(8010, 8009) type=Wire properties={'index': 1}>","<Node id=8009 labels={'Literal'} properties={'name': 'Literal', 'order_att': 13, 'value': {'gromet_type': 'LiteralValue', 'value': '1', 'value_type': 'Integer'}, 'order_box': 7}>"
"<Node id=7989 labels={'Module'} properties={'name': 'module', 'schema': 'FN', 'filename': 'output-code-11', 'schema_version': '0.1.9'}>","<Relationship id=12506 start_node_id=7989 end_node_id=8010 nodes=(7989, 8010) type=Contains properties={}>","<Node id=8010 labels={'Primitive'} properties={'name': 'ast.Sub', 'order_att': 13, 'value': '', 'order_box': 7}>"
"<Node id=7989 labels={'Module'} properties={'name': 'module', 'schema': 'FN', 'filename': 'output-code-11', 'schema_version': '0.1.9'}>","<Relationship id=12507 start_node_id=7989 end_node_id=8011 nodes=(7989, 8011) type=Contains properties={'index': 14}>","<Node id=8011 labels={'Expression'} properties={'name': 'Expression34', 'order_att': 14, 'value': '', 'order_box': 8}>"
"<Node id=8011 labels={'Expression'} properties={'name': 'Expression34', 'order_att': 14, 'value': '', 'order_box': 8}>","<Relationship id=12593 start_node_id=8011 end_node_id=8012 nodes=(8011, 8012) type=Port_Of properties={}>","<Node id=8012 labels={'Opo'} properties={'name': 'un-named', 'order_att': 14, 'value': '', 'order_box': 8}>"
"<Node id=7989 labels={'Module'} properties={'name': 'module', 'schema': 'FN', 'filename': 'output-code-11', 'schema_version': '0.1.9'}>","<Relationship id=12508 start_node_id=7989 end_node_id=8013 nodes=(7989, 8013) type=Contains properties={}>","<Node id=8013 labels={'Literal'} properties={'name': 'Literal', 'order_att': 14, 'value': {'gromet_type': 'LiteralValue', 'value': '1', 'value_type': 'Integer'}, 'order_box': 8}>"
"<Node id=8012 labels={'Opo'} properties={'name': 'un-named', 'order_att': 14, 'value': '', 'order_box': 8}>","<Relationship id=12594 start_node_id=8012 end_node_id=8013 nodes=(8012, 8013) type=Wire properties={}>","<Node id=8013 labels={'Literal'} properties={'name': 'Literal', 'order_att': 14, 'value': {'gromet_type': 'LiteralValue', 'value': '1', 'value_type': 'Integer'}, 'order_box': 8}>"
"<Node id=7989 labels={'Module'} properties={'name': 'module', 'schema': 'FN', 'filename': 'output-code-11', 'schema_version': '0.1.9'}>","<Relationship id=12509 start_node_id=7989 end_node_id=8014 nodes=(7989, 8014) type=Contains properties={'index': 15}>","<Node id=8014 labels={'Expression'} properties={'name': 'Expression39', 'order_att': 15, 'value': '', 'order_box': 9}>"
"<Node id=8014 labels={'Expression'} properties={'name': 'Expression39', 'order_att': 15, 'value': '', 'order_box': 9}>","<Relationship id=12597 start_node_id=8014 end_node_id=8015 nodes=(8014, 8015) type=Port_Of properties={}>","<Node id=8015 labels={'Opo'} properties={'name': 'un-named', 'order_att': 15, 'value': '', 'order_box': 9}>"
"<Node id=7989 labels={'Module'} properties={'name': 'module', 'schema': 'FN', 'filename': 'output-code-11', 'schema_version': '0.1.9'}>","<Relationship id=12511 start_node_id=7989 end_node_id=8016 nodes=(7989, 8016) type=Contains properties={}>","<Node id=8016 labels={'Literal'} properties={'name': 'Literal', 'order_att': 15, 'value': {'gromet_type': 'LiteralValue', 'value': '0', 'value_type': 'Integer'}, 'order_box': 9}>"
"<Node id=8015 labels={'Opo'} properties={'name': 'un-named', 'order_att': 15, 'value': '', 'order_box': 9}>","<Relationship id=12599 start_node_id=8015 end_node_id=8016 nodes=(8015, 8016) type=Wire properties={}>","<Node id=8016 labels={'Literal'} properties={'name': 'Literal', 'order_att': 15, 'value': {'gromet_type': 'LiteralValue', 'value': '0', 'value_type': 'Integer'}, 'order_box': 9}>"
"<Node id=7989 labels={'Module'} properties={'name': 'module', 'schema': 'FN', 'filename': 'output-code-11', 'schema_version': '0.1.9'}>","<Relationship id=12512 start_node_id=7989 end_node_id=8017 nodes=(7989, 8017) type=Contains properties={'index': 16}>","<Node id=8017 labels={'Expression'} properties={'name': 'Expression44', 'order_att': 16, 'value': '', 'order_box': 10}>"
"<Node id=8017 labels={'Expression'} properties={'name': 'Expression44', 'order_att': 16, 'value': '', 'order_box': 10}>","<Relationship id=12602 start_node_id=8017 end_node_id=8018 nodes=(8017, 8018) type=Port_Of properties={}>","<Node id=8018 labels={'Opo'} properties={'name': 'un-named', 'order_att': 16, 'value': '', 'order_box': 10}>"
"<Node id=7989 labels={'Module'} properties={'name': 'module', 'schema': 'FN', 'filename': 'output-code-11', 'schema_version': '0.1.9'}>","<Relationship id=12513 start_node_id=7989 end_node_id=8019 nodes=(7989, 8019) type=Contains properties={}>","<Node id=8019 labels={'Literal'} properties={'name': 'Literal', 'order_att': 16, 'value': {'gromet_type': 'LiteralValue', 'value': '0', 'value_type': 'Integer'}, 'order_box': 10}>"
"<Node id=8018 labels={'Opo'} properties={'name': 'un-named', 'order_att': 16, 'value': '', 'order_box': 10}>","<Relationship id=12603 start_node_id=8018 end_node_id=8019 nodes=(8018, 8019) type=Wire properties={}>","<Node id=8019 labels={'Literal'} properties={'name': 'Literal', 'order_att': 16, 'value': {'gromet_type': 'LiteralValue', 'value': '0', 'value_type': 'Integer'}, 'order_box': 10}>"
"<Node id=7989 labels={'Module'} properties={'name': 'module', 'schema': 'FN', 'filename': 'output-code-11', 'schema_version': '0.1.9'}>","<Relationship id=12514 start_node_id=7989 end_node_id=8020 nodes=(7989, 8020) type=Contains properties={'index': 17}>","<Node id=8020 labels={'Expression'} properties={'name': 'Expression49', 'order_att': 17, 'value': '', 'order_box': 11}>"
"<Node id=8020 labels={'Expression'} properties={'name': 'Expression49', 'order_att': 17, 'value': '', 'order_box': 11}>","<Relationship id=12606 start_node_id=8020 end_node_id=8021 nodes=(8020, 8021) type=Port_Of properties={}>","<Node id=8021 labels={'Opo'} properties={'name': 'un-named', 'order_att': 17, 'value': '', 'order_box': 11}>"
"<Node id=7989 labels={'Module'} properties={'name': 'module', 'schema': 'FN', 'filename': 'output-code-11', 'schema_version': '0.1.9'}>","<Relationship id=12515 start_node_id=7989 end_node_id=8022 nodes=(7989, 8022) type=Contains properties={}>","<Node id=8022 labels={'Literal'} properties={'name': 'Literal', 'order_att': 17, 'value': {'gromet_type': 'LiteralValue', 'value': '0', 'value_type': 'Integer'}, 'order_box': 11}>"
"<Node id=8021 labels={'Opo'} properties={'name': 'un-named', 'order_att': 17, 'value': '', 'order_box': 11}>","<Relationship id=12607 start_node_id=8021 end_node_id=8022 nodes=(8021, 8022) type=Wire properties={}>","<Node id=8022 labels={'Literal'} properties={'name': 'Literal', 'order_att': 17, 'value': {'gromet_type': 'LiteralValue', 'value': '0', 'value_type': 'Integer'}, 'order_box': 11}>"
"<Node id=7989 labels={'Module'} properties={'name': 'module', 'schema': 'FN', 'filename': 'output-code-11', 'schema_version': '0.1.9'}>","<Relationship id=12516 start_node_id=7989 end_node_id=8023 nodes=(7989, 8023) type=Contains properties={}>","<Node id=8023 labels={'Primitive'} properties={'name': 'linspace', 'order_att': 0, 'value': '', 'order_box': 13}>"
"<Node id=7989 labels={'Module'} properties={'name': 'module', 'schema': 'FN', 'filename': 'output-code-11', 'schema_version': '0.1.9'}>","<Relationship id=12517 start_node_id=7989 end_node_id=8024 nodes=(7989, 8024) type=Contains properties={}>","<Node id=8024 labels={'Primitive'} properties={'name': 'module.linspace_0', 'order_att': 0, 'value': '', 'order_box': 14}>"
"<Node id=7989 labels={'Module'} properties={'name': 'module', 'schema': 'FN', 'filename': 'output-code-11', 'schema_version': '0.1.9'}>","<Relationship id=12518 start_node_id=7989 end_node_id=8025 nodes=(7989, 8025) type=Contains properties={}>","<Node id=8025 labels={'Literal'} properties={'name': 'Literal', 'order_att': 0, 'value': {'gromet_type': 'LiteralValue', 'value': '0', 'value_type': 'Integer'}, 'order_box': 15}>"
"<Node id=7989 labels={'Module'} properties={'name': 'module', 'schema': 'FN', 'filename': 'output-code-11', 'schema_version': '0.1.9'}>","<Relationship id=12519 start_node_id=7989 end_node_id=8026 nodes=(7989, 8026) type=Contains properties={}>","<Node id=8026 labels={'Literal'} properties={'name': 'Literal', 'order_att': 0, 'value': {'gromet_type': 'LiteralValue', 'value': '100', 'value_type': 'Integer'}, 'order_box': 16}>"
"<Node id=7989 labels={'Module'} properties={'name': 'module', 'schema': 'FN', 'filename': 'output-code-11', 'schema_version': '0.1.9'}>","<Relationship id=12520 start_node_id=7989 end_node_id=8027 nodes=(7989, 8027) type=Contains properties={}>","<Node id=8027 labels={'Literal'} properties={'name': 'Literal', 'order_att': 0, 'value': {'gromet_type': 'LiteralValue', 'value': '1000', 'value_type': 'Integer'}, 'order_box': 17}>"
"<Node id=7989 labels={'Module'} properties={'name': 'module', 'schema': 'FN', 'filename': 'output-code-11', 'schema_version': '0.1.9'}>","<Relationship id=12521 start_node_id=7989 end_node_id=8028 nodes=(7989, 8028) type=Contains properties={}>","<Node id=8028 labels={'Primitive'} properties={'name': 'scipy.integrate.odeint_id21', 'order_att': 0, 'value': '', 'order_box': 18}>"
"<Node id=7989 labels={'Module'} properties={'name': 'module', 'schema': 'FN', 'filename': 'output-code-11', 'schema_version': '0.1.9'}>","<Relationship id=12522 start_node_id=7989 end_node_id=8029 nodes=(7989, 8029) type=Contains properties={}>","<Node id=8029 labels={'Literal'} properties={'name': 'Literal', 'order_att': 0, 'value': {'gromet_type': 'LiteralValue', 'value': '""seird_model""', 'value_type': 'string'}, 'order_box': 19}>"
"<Node id=7989 labels={'Module'} properties={'name': 'module', 'schema': 'FN', 'filename': 'output-code-11', 'schema_version': '0.1.9'}>","<Relationship id=12524 start_node_id=7989 end_node_id=8030 nodes=(7989, 8030) type=Contains properties={'index': 20}>","<Node id=8030 labels={'Expression'} properties={'name': 'Expression70', 'order_att': 20, 'value': '', 'order_box': 21}>"
"<Node id=8030 labels={'Expression'} properties={'name': 'Expression70', 'order_att': 20, 'value': '', 'order_box': 21}>","<Relationship id=12617 start_node_id=8030 end_node_id=8031 nodes=(8030, 8031) type=Port_Of properties={}>","<Node id=8031 labels={'Opo'} properties={'name': 'un-named', 'order_att': 20, 'value': '', 'order_box': 21}>"
"<Node id=8030 labels={'Expression'} properties={'name': 'Expression70', 'order_att': 20, 'value': '', 'order_box': 21}>","<Relationship id=12618 start_node_id=8030 end_node_id=8032 nodes=(8030, 8032) type=Port_Of properties={}>","<Node id=8032 labels={'Opi'} properties={'name': 'result', 'order_att': 20, 'value': '', 'order_box': 21}>"
"<Node id=7989 labels={'Module'} properties={'name': 'module', 'schema': 'FN', 'filename': 'output-code-11', 'schema_version': '0.1.9'}>","<Relationship id=12525 start_node_id=7989 end_node_id=8033 nodes=(7989, 8033) type=Contains properties={}>","<Node id=8033 labels={'Literal'} properties={'name': 'Literal', 'order_att': 20, 'value': {'gromet_type': 'LiteralValue', 'value': '""T""', 'value_type': 'string'}, 'order_box': 21}>"
"<Node id=7989 labels={'Module'} properties={'name': 'module', 'schema': 'FN', 'filename': 'output-code-11', 'schema_version': '0.1.9'}>","<Relationship id=12526 start_node_id=7989 end_node_id=8034 nodes=(7989, 8034) type=Contains properties={}>","<Node id=8034 labels={'Primitive'} properties={'name': 'figure', 'order_att': 0, 'value': '', 'order_box': 23}>"
"<Node id=7989 labels={'Module'} properties={'name': 'module', 'schema': 'FN', 'filename': 'output-code-11', 'schema_version': '0.1.9'}>","<Relationship id=12527 start_node_id=7989 end_node_id=8035 nodes=(7989, 8035) type=Contains properties={}>","<Node id=8035 labels={'Primitive'} properties={'name': 'module.figure_0', 'order_att': 0, 'value': '', 'order_box': 24}>"
"<Node id=7989 labels={'Module'} properties={'name': 'module', 'schema': 'FN', 'filename': 'output-code-11', 'schema_version': '0.1.9'}>","<Relationship id=12528 start_node_id=7989 end_node_id=8036 nodes=(7989, 8036) type=Contains properties={'index': 22}>","<Node id=8036 labels={'Expression'} properties={'name': 'Expression82', 'order_att': 22, 'value': '', 'order_box': 25}>"
"<Node id=8036 labels={'Expression'} properties={'name': 'Expression82', 'order_att': 22, 'value': '', 'order_box': 25}>","<Relationship id=12622 start_node_id=8036 end_node_id=8037 nodes=(8036, 8037) type=Port_Of properties={}>","<Node id=8037 labels={'Opo'} properties={'name': 'un-named', 'order_att': 22, 'value': '', 'order_box': 25}>"
"<Node id=7989 labels={'Module'} properties={'name': 'module', 'schema': 'FN', 'filename': 'output-code-11', 'schema_version': '0.1.9'}>","<Relationship id=12529 start_node_id=7989 end_node_id=8038 nodes=(7989, 8038) type=Contains properties={}>","<Node id=8038 labels={'Literal'} properties={'name': 'Literal', 'order_att': 22, 'value': {'gromet_type': 'LiteralValue', 'value': '10', 'value_type': 'Integer'}, 'order_box': 25}>"
"<Node id=8037 labels={'Opo'} properties={'name': 'un-named', 'order_att': 22, 'value': '', 'order_box': 25}>","<Relationship id=12623 start_node_id=8037 end_node_id=8038 nodes=(8037, 8038) type=Wire properties={}>","<Node id=8038 labels={'Literal'} properties={'name': 'Literal', 'order_att': 22, 'value': {'gromet_type': 'LiteralValue', 'value': '10', 'value_type': 'Integer'}, 'order_box': 25}>"
"<Node id=7989 labels={'Module'} properties={'name': 'module', 'schema': 'FN', 'filename': 'output-code-11', 'schema_version': '0.1.9'}>","<Relationship id=12530 start_node_id=7989 end_node_id=8039 nodes=(7989, 8039) type=Contains properties={'index': 23}>","<Node id=8039 labels={'Expression'} properties={'name': 'Expression87', 'order_att': 23, 'value': '', 'order_box': 26}>"
"<Node id=8039 labels={'Expression'} properties={'name': 'Expression87', 'order_att': 23, 'value': '', 'order_box': 26}>","<Relationship id=12626 start_node_id=8039 end_node_id=8040 nodes=(8039, 8040) type=Port_Of properties={}>","<Node id=8040 labels={'Opo'} properties={'name': 'un-named', 'order_att': 23, 'value': '', 'order_box': 26}>"
"<Node id=7989 labels={'Module'} properties={'name': 'module', 'schema': 'FN', 'filename': 'output-code-11', 'schema_version': '0.1.9'}>","<Relationship id=12531 start_node_id=7989 end_node_id=8041 nodes=(7989, 8041) type=Contains properties={}>","<Node id=8041 labels={'Literal'} properties={'name': 'Literal', 'order_att': 23, 'value': {'gromet_type': 'LiteralValue', 'value': '6', 'value_type': 'Integer'}, 'order_box': 26}>"
"<Node id=8040 labels={'Opo'} properties={'name': 'un-named', 'order_att': 23, 'value': '', 'order_box': 26}>","<Relationship id=12627 start_node_id=8040 end_node_id=8041 nodes=(8040, 8041) type=Wire properties={}>","<Node id=8041 labels={'Literal'} properties={'name': 'Literal', 'order_att': 23, 'value': {'gromet_type': 'LiteralValue', 'value': '6', 'value_type': 'Integer'}, 'order_box': 26}>"
"<Node id=7989 labels={'Module'} properties={'name': 'module', 'schema': 'FN', 'filename': 'output-code-11', 'schema_version': '0.1.9'}>","<Relationship id=12533 start_node_id=7989 end_node_id=8042 nodes=(7989, 8042) type=Contains properties={}>","<Node id=8042 labels={'Primitive'} properties={'name': 'plot', 'order_att': 0, 'value': '', 'order_box': 28}>"
"<Node id=7989 labels={'Module'} properties={'name': 'module', 'schema': 'FN', 'filename': 'output-code-11', 'schema_version': '0.1.9'}>","<Relationship id=12534 start_node_id=7989 end_node_id=8043 nodes=(7989, 8043) type=Contains properties={}>","<Node id=8043 labels={'Primitive'} properties={'name': 'module.plot_0', 'order_att': 0, 'value': '', 'order_box': 29}>"
"<Node id=7989 labels={'Module'} properties={'name': 'module', 'schema': 'FN', 'filename': 'output-code-11', 'schema_version': '0.1.9'}>","<Relationship id=12535 start_node_id=7989 end_node_id=8044 nodes=(7989, 8044) type=Contains properties={}>","<Node id=8044 labels={'Literal'} properties={'name': 'Literal', 'order_att': 0, 'value': {'gromet_type': 'LiteralValue', 'value': '""b""', 'value_type': 'List'}, 'order_box': 30}>"
"<Node id=7989 labels={'Module'} properties={'name': 'module', 'schema': 'FN', 'filename': 'output-code-11', 'schema_version': '0.1.9'}>","<Relationship id=12536 start_node_id=7989 end_node_id=8045 nodes=(7989, 8045) type=Contains properties={'index': 25}>","<Node id=8045 labels={'Expression'} properties={'name': 'Expression99', 'order_att': 25, 'value': '', 'order_box': 31}>"
"<Node id=8045 labels={'Expression'} properties={'name': 'Expression99', 'order_att': 25, 'value': '', 'order_box': 31}>","<Relationship id=12633 start_node_id=8045 end_node_id=8046 nodes=(8045, 8046) type=Port_Of properties={}>","<Node id=8046 labels={'Opo'} properties={'name': 'label', 'order_att': 25, 'value': '', 'order_box': 31}>"
"<Node id=7989 labels={'Module'} properties={'name': 'module', 'schema': 'FN', 'filename': 'output-code-11', 'schema_version': '0.1.9'}>","<Relationship id=12467 start_node_id=7989 end_node_id=8047 nodes=(7989, 8047) type=Contains properties={}>","<Node id=8047 labels={'Literal'} properties={'name': 'Literal', 'order_att': 25, 'value': {'gromet_type': 'LiteralValue', 'value': '""Susceptible""', 'value_type': 'List'}, 'order_box': 31}>"
"<Node id=8046 labels={'Opo'} properties={'name': 'label', 'order_att': 25, 'value': '', 'order_box': 31}>","<Relationship id=12537 start_node_id=8046 end_node_id=8047 nodes=(8046, 8047) type=Wire properties={}>","<Node id=8047 labels={'Literal'} properties={'name': 'Literal', 'order_att': 25, 'value': {'gromet_type': 'LiteralValue', 'value': '""Susceptible""', 'value_type': 'List'}, 'order_box': 31}>"
"<Node id=7989 labels={'Module'} properties={'name': 'module', 'schema': 'FN', 'filename': 'output-code-11', 'schema_version': '0.1.9'}>","<Relationship id=12468 start_node_id=7989 end_node_id=8048 nodes=(7989, 8048) type=Contains properties={}>","<Node id=8048 labels={'Primitive'} properties={'name': 'module.plot_1', 'order_att': 0, 'value': '', 'order_box': 32}>"
"<Node id=7989 labels={'Module'} properties={'name': 'module', 'schema': 'FN', 'filename': 'output-code-11', 'schema_version': '0.1.9'}>","<Relationship id=12469 start_node_id=7989 end_node_id=8049 nodes=(7989, 8049) type=Contains properties={}>","<Node id=8049 labels={'Literal'} properties={'name': 'Literal', 'order_att': 0, 'value': {'gromet_type': 'LiteralValue', 'value': '""y""', 'value_type': 'List'}, 'order_box': 33}>"
"<Node id=7989 labels={'Module'} properties={'name': 'module', 'schema': 'FN', 'filename': 'output-code-11', 'schema_version': '0.1.9'}>","<Relationship id=12470 start_node_id=7989 end_node_id=8050 nodes=(7989, 8050) type=Contains properties={'index': 27}>","<Node id=8050 labels={'Expression'} properties={'name': 'Expression108', 'order_att': 27, 'value': '', 'order_box': 34}>"
"<Node id=8050 labels={'Expression'} properties={'name': 'Expression108', 'order_att': 27, 'value': '', 'order_box': 34}>","<Relationship id=12542 start_node_id=8050 end_node_id=8051 nodes=(8050, 8051) type=Port_Of properties={}>","<Node id=8051 labels={'Opo'} properties={'name': 'label', 'order_att': 27, 'value': '', 'order_box': 34}>"
"<Node id=7989 labels={'Module'} properties={'name': 'module', 'schema': 'FN', 'filename': 'output-code-11', 'schema_version': '0.1.9'}>","<Relationship id=12471 start_node_id=7989 end_node_id=8052 nodes=(7989, 8052) type=Contains properties={}>","<Node id=8052 labels={'Literal'} properties={'name': 'Literal', 'order_att': 27, 'value': {'gromet_type': 'LiteralValue', 'value': '""Exposed""', 'value_type': 'List'}, 'order_box': 34}>"
"<Node id=8051 labels={'Opo'} properties={'name': 'label', 'order_att': 27, 'value': '', 'order_box': 34}>","<Relationship id=12543 start_node_id=8051 end_node_id=8052 nodes=(8051, 8052) type=Wire properties={}>","<Node id=8052 labels={'Literal'} properties={'name': 'Literal', 'order_att': 27, 'value': {'gromet_type': 'LiteralValue', 'value': '""Exposed""', 'value_type': 'List'}, 'order_box': 34}>"
"<Node id=7989 labels={'Module'} properties={'name': 'module', 'schema': 'FN', 'filename': 'output-code-11', 'schema_version': '0.1.9'}>","<Relationship id=12472 start_node_id=7989 end_node_id=8053 nodes=(7989, 8053) type=Contains properties={}>","<Node id=8053 labels={'Primitive'} properties={'name': 'module.plot_2', 'order_att': 0, 'value': '', 'order_box': 35}>"
"<Node id=7989 labels={'Module'} properties={'name': 'module', 'schema': 'FN', 'filename': 'output-code-11', 'schema_version': '0.1.9'}>","<Relationship id=12473 start_node_id=7989 end_node_id=8054 nodes=(7989, 8054) type=Contains properties={}>","<Node id=8054 labels={'Literal'} properties={'name': 'Literal', 'order_att': 0, 'value': {'gromet_type': 'LiteralValue', 'value': '""r""', 'value_type': 'List'}, 'order_box': 36}>"
"<Node id=7989 labels={'Module'} properties={'name': 'module', 'schema': 'FN', 'filename': 'output-code-11', 'schema_version': '0.1.9'}>","<Relationship id=12474 start_node_id=7989 end_node_id=8055 nodes=(7989, 8055) type=Contains properties={'index': 29}>","<Node id=8055 labels={'Expression'} properties={'name': 'Expression117', 'order_att': 29, 'value': '', 'order_box': 37}>"
"<Node id=8055 labels={'Expression'} properties={'name': 'Expression117', 'order_att': 29, 'value': '', 'order_box': 37}>","<Relationship id=12548 start_node_id=8055 end_node_id=8056 nodes=(8055, 8056) type=Port_Of properties={}>","<Node id=8056 labels={'Opo'} properties={'name': 'label', 'order_att': 29, 'value': '', 'order_box': 37}>"
"<Node id=7989 labels={'Module'} properties={'name': 'module', 'schema': 'FN', 'filename': 'output-code-11', 'schema_version': '0.1.9'}>","<Relationship id=12475 start_node_id=7989 end_node_id=8057 nodes=(7989, 8057) type=Contains properties={}>","<Node id=8057 labels={'Literal'} properties={'name': 'Literal', 'order_att': 29, 'value': {'gromet_type': 'LiteralValue', 'value': '""Infected""', 'value_type': 'List'}, 'order_box': 37}>"
"<Node id=8056 labels={'Opo'} properties={'name': 'label', 'order_att': 29, 'value': '', 'order_box': 37}>","<Relationship id=12549 start_node_id=8056 end_node_id=8057 nodes=(8056, 8057) type=Wire properties={}>","<Node id=8057 labels={'Literal'} properties={'name': 'Literal', 'order_att': 29, 'value': {'gromet_type': 'LiteralValue', 'value': '""Infected""', 'value_type': 'List'}, 'order_box': 37}>"
"<Node id=7989 labels={'Module'} properties={'name': 'module', 'schema': 'FN', 'filename': 'output-code-11', 'schema_version': '0.1.9'}>","<Relationship id=12477 start_node_id=7989 end_node_id=8058 nodes=(7989, 8058) type=Contains properties={}>","<Node id=8058 labels={'Primitive'} properties={'name': 'module.plot_3', 'order_att': 0, 'value': '', 'order_box': 38}>"
"<Node id=7989 labels={'Module'} properties={'name': 'module', 'schema': 'FN', 'filename': 'output-code-11', 'schema_version': '0.1.9'}>","<Relationship id=12478 start_node_id=7989 end_node_id=8059 nodes=(7989, 8059) type=Contains properties={}>","<Node id=8059 labels={'Literal'} properties={'name': 'Literal', 'order_att': 0, 'value': {'gromet_type': 'LiteralValue', 'value': '""g""', 'value_type': 'List'}, 'order_box': 39}>"
"<Node id=7989 labels={'Module'} properties={'name': 'module', 'schema': 'FN', 'filename': 'output-code-11', 'schema_version': '0.1.9'}>","<Relationship id=12479 start_node_id=7989 end_node_id=8060 nodes=(7989, 8060) type=Contains properties={'index': 31}>","<Node id=8060 labels={'Expression'} properties={'name': 'Expression126', 'order_att': 31, 'value': '', 'order_box': 40}>"
"<Node id=8060 labels={'Expression'} properties={'name': 'Expression126', 'order_att': 31, 'value': '', 'order_box': 40}>","<Relationship id=12556 start_node_id=8060 end_node_id=8061 nodes=(8060, 8061) type=Port_Of properties={}>","<Node id=8061 labels={'Opo'} properties={'name': 'label', 'order_att': 31, 'value': '', 'order_box': 40}>"
"<Node id=7989 labels={'Module'} properties={'name': 'module', 'schema': 'FN', 'filename': 'output-code-11', 'schema_version': '0.1.9'}>","<Relationship id=12480 start_node_id=7989 end_node_id=8062 nodes=(7989, 8062) type=Contains properties={}>","<Node id=8062 labels={'Literal'} properties={'name': 'Literal', 'order_att': 31, 'value': {'gromet_type': 'LiteralValue', 'value': '""Recovered""', 'value_type': 'List'}, 'order_box': 40}>"
"<Node id=8061 labels={'Opo'} properties={'name': 'label', 'order_att': 31, 'value': '', 'order_box': 40}>","<Relationship id=12557 start_node_id=8061 end_node_id=8062 nodes=(8061, 8062) type=Wire properties={}>","<Node id=8062 labels={'Literal'} properties={'name': 'Literal', 'order_att': 31, 'value': {'gromet_type': 'LiteralValue', 'value': '""Recovered""', 'value_type': 'List'}, 'order_box': 40}>"
"<Node id=7989 labels={'Module'} properties={'name': 'module', 'schema': 'FN', 'filename': 'output-code-11', 'schema_version': '0.1.9'}>","<Relationship id=12481 start_node_id=7989 end_node_id=8063 nodes=(7989, 8063) type=Contains properties={}>","<Node id=8063 labels={'Primitive'} properties={'name': 'module.plot_4', 'order_att': 0, 'value': '', 'order_box': 41}>"
"<Node id=7989 labels={'Module'} properties={'name': 'module', 'schema': 'FN', 'filename': 'output-code-11', 'schema_version': '0.1.9'}>","<Relationship id=12482 start_node_id=7989 end_node_id=8064 nodes=(7989, 8064) type=Contains properties={}>","<Node id=8064 labels={'Literal'} properties={'name': 'Literal', 'order_att': 0, 'value': {'gromet_type': 'LiteralValue', 'value': '""k""', 'value_type': 'List'}, 'order_box': 42}>"
"<Node id=7989 labels={'Module'} properties={'name': 'module', 'schema': 'FN', 'filename': 'output-code-11', 'schema_version': '0.1.9'}>","<Relationship id=12483 start_node_id=7989 end_node_id=8065 nodes=(7989, 8065) type=Contains properties={'index': 33}>","<Node id=8065 labels={'Expression'} properties={'name': 'Expression135', 'order_att': 33, 'value': '', 'order_box': 43}>"
"<Node id=8065 labels={'Expression'} properties={'name': 'Expression135', 'order_att': 33, 'value': '', 'order_box': 43}>","<Relationship id=12563 start_node_id=8065 end_node_id=8066 nodes=(8065, 8066) type=Port_Of properties={}>","<Node id=8066 labels={'Opo'} properties={'name': 'label', 'order_att': 33, 'value': '', 'order_box': 43}>"
"<Node id=7989 labels={'Module'} properties={'name': 'module', 'schema': 'FN', 'filename': 'output-code-11', 'schema_version': '0.1.9'}>","<Relationship id=12484 start_node_id=7989 end_node_id=8067 nodes=(7989, 8067) type=Contains properties={}>","<Node id=8067 labels={'Literal'} properties={'name': 'Literal', 'order_att': 33, 'value': {'gromet_type': 'LiteralValue', 'value': '""Dead""', 'value_type': 'List'}, 'order_box': 43}>"
"<Node id=8066 labels={'Opo'} properties={'name': 'label', 'order_att': 33, 'value': '', 'order_box': 43}>","<Relationship id=12564 start_node_id=8066 end_node_id=8067 nodes=(8066, 8067) type=Wire properties={}>","<Node id=8067 labels={'Literal'} properties={'name': 'Literal', 'order_att': 33, 'value': {'gromet_type': 'LiteralValue', 'value': '""Dead""', 'value_type': 'List'}, 'order_box': 43}>"
"<Node id=7989 labels={'Module'} properties={'name': 'module', 'schema': 'FN', 'filename': 'output-code-11', 'schema_version': '0.1.9'}>","<Relationship id=12486 start_node_id=7989 end_node_id=8068 nodes=(7989, 8068) type=Contains properties={}>","<Node id=8068 labels={'Primitive'} properties={'name': 'xlabel', 'order_att': 0, 'value': '', 'order_box': 44}>"
"<Node id=7989 labels={'Module'} properties={'name': 'module', 'schema': 'FN', 'filename': 'output-code-11', 'schema_version': '0.1.9'}>","<Relationship id=12487 start_node_id=7989 end_node_id=8069 nodes=(7989, 8069) type=Contains properties={}>","<Node id=8069 labels={'Primitive'} properties={'name': 'module.xlabel_0', 'order_att': 0, 'value': '', 'order_box': 45}>"
"<Node id=7989 labels={'Module'} properties={'name': 'module', 'schema': 'FN', 'filename': 'output-code-11', 'schema_version': '0.1.9'}>","<Relationship id=12488 start_node_id=7989 end_node_id=8070 nodes=(7989, 8070) type=Contains properties={}>","<Node id=8070 labels={'Literal'} properties={'name': 'Literal', 'order_att': 0, 'value': {'gromet_type': 'LiteralValue', 'value': '""Time""', 'value_type': 'List'}, 'order_box': 46}>"
"<Node id=7989 labels={'Module'} properties={'name': 'module', 'schema': 'FN', 'filename': 'output-code-11', 'schema_version': '0.1.9'}>","<Relationship id=12489 start_node_id=7989 end_node_id=8071 nodes=(7989, 8071) type=Contains properties={}>","<Node id=8071 labels={'Primitive'} properties={'name': 'ylabel', 'order_att': 0, 'value': '', 'order_box': 47}>"
"<Node id=7989 labels={'Module'} properties={'name': 'module', 'schema': 'FN', 'filename': 'output-code-11', 'schema_version': '0.1.9'}>","<Relationship id=12490 start_node_id=7989 end_node_id=8072 nodes=(7989, 8072) type=Contains properties={}>","<Node id=8072 labels={'Primitive'} properties={'name': 'module.ylabel_0', 'order_att': 0, 'value': '', 'order_box': 48}>"
"<Node id=7989 labels={'Module'} properties={'name': 'module', 'schema': 'FN', 'filename': 'output-code-11', 'schema_version': '0.1.9'}>","<Relationship id=12491 start_node_id=7989 end_node_id=8073 nodes=(7989, 8073) type=Contains properties={}>","<Node id=8073 labels={'Literal'} properties={'name': 'Literal', 'order_att': 0, 'value': {'gromet_type': 'LiteralValue', 'value': '""Population""', 'value_type': 'List'}, 'order_box': 49}>"
"<Node id=7989 labels={'Module'} properties={'name': 'module', 'schema': 'FN', 'filename': 'output-code-11', 'schema_version': '0.1.9'}>","<Relationship id=12492 start_node_id=7989 end_node_id=8074 nodes=(7989, 8074) type=Contains properties={}>","<Node id=8074 labels={'Primitive'} properties={'name': 'legend', 'order_att': 0, 'value': '', 'order_box': 50}>"
"<Node id=7989 labels={'Module'} properties={'name': 'module', 'schema': 'FN', 'filename': 'output-code-11', 'schema_version': '0.1.9'}>","<Relationship id=12493 start_node_id=7989 end_node_id=8075 nodes=(7989, 8075) type=Contains properties={}>","<Node id=8075 labels={'Primitive'} properties={'name': 'module.legend_0', 'order_att': 0, 'value': '', 'order_box': 51}>"
"<Node id=7989 labels={'Module'} properties={'name': 'module', 'schema': 'FN', 'filename': 'output-code-11', 'schema_version': '0.1.9'}>","<Relationship id=12494 start_node_id=7989 end_node_id=8076 nodes=(7989, 8076) type=Contains properties={}>","<Node id=8076 labels={'Primitive'} properties={'name': 'grid', 'order_att': 0, 'value': '', 'order_box': 52}>"
"<Node id=7989 labels={'Module'} properties={'name': 'module', 'schema': 'FN', 'filename': 'output-code-11', 'schema_version': '0.1.9'}>","<Relationship id=12495 start_node_id=7989 end_node_id=8077 nodes=(7989, 8077) type=Contains properties={}>","<Node id=8077 labels={'Primitive'} properties={'name': 'module.grid_0', 'order_att': 0, 'value': '', 'order_box': 53}>"
"<Node id=7989 labels={'Module'} properties={'name': 'module', 'schema': 'FN', 'filename': 'output-code-11', 'schema_version': '0.1.9'}>","<Relationship id=12496 start_node_id=7989 end_node_id=8078 nodes=(7989, 8078) type=Contains properties={}>","<Node id=8078 labels={'Literal'} properties={'name': 'Literal', 'order_att': 0, 'value': {'gromet_type': 'LiteralValue', 'value': '""True""', 'value_type': 'Boolean'}, 'order_box': 54}>"
"<Node id=7989 labels={'Module'} properties={'name': 'module', 'schema': 'FN', 'filename': 'output-code-11', 'schema_version': '0.1.9'}>","<Relationship id=12497 start_node_id=7989 end_node_id=8079 nodes=(7989, 8079) type=Contains properties={}>","<Node id=8079 labels={'Primitive'} properties={'name': 'show', 'order_att': 0, 'value': '', 'order_box': 55}>"
"<Node id=7989 labels={'Module'} properties={'name': 'module', 'schema': 'FN', 'filename': 'output-code-11', 'schema_version': '0.1.9'}>","<Relationship id=12498 start_node_id=7989 end_node_id=8080 nodes=(7989, 8080) type=Contains properties={}>","<Node id=8080 labels={'Primitive'} properties={'name': 'module.show_0', 'order_att': 0, 'value': '', 'order_box': 56}>"
"<Node id=7992 labels={'Expression'} properties={'name': 'Expression2', 'order_att': 8, 'value': '', 'order_box': 2}>","<Relationship id=12579 start_node_id=7992 end_node_id=8081 nodes=(7992, 8081) type=Metadata properties={}>","<Node id=8081 labels={'Metadata'} properties={'gromet_version': [''], 'source_language_version': [''], 'variable_definition': [''], 'files': [''], 'source_language': [''], 'global_reference_id': [''], 'data_type': [''], 'name': [''], 'line_end': [14], 'code_file_reference_uid': ['cd0ebae6-e5dd-f308-c7d3-727b408c0e37'], 'line_begin': [14], 'metadata_type': [''], 'text_extraction': [''], 'col_begin': [0], 'grounding': [''], 'variable_identifier': [''], 'provenance': ['Provenance { method: Some(""skema_code2fn_program_analysis""), timestamp: Some(""2024-02-01 21:11:32.758293"") }'], 'col_end': [8], 'value': [''], 'metadata_idx': 41}>"
"<Node id=7994 labels={'Literal'} properties={'name': 'Literal', 'order_att': 8, 'value': {'gromet_type': 'LiteralValue', 'value': '1000', 'value_type': 'Integer'}, 'order_box': 2}>","<Relationship id=12598 start_node_id=7994 end_node_id=8082 nodes=(7994, 8082) type=Metadata properties={}>","<Node id=8082 labels={'Metadata'} properties={'gromet_version': ['', ''], 'source_language_version': ['3.8', ''], 'variable_definition': ['', ''], 'files': ['', ''], 'source_language': ['Python', ''], 'global_reference_id': ['', ''], 'data_type': [""<class 'int'>"", ''], 'name': ['', ''], 'line_end': [0, 14], 'code_file_reference_uid': ['', 'cd0ebae6-e5dd-f308-c7d3-727b408c0e37'], 'line_begin': [0, 14], 'metadata_type': ['', ''], 'text_extraction': ['', ''], 'col_begin': [0, 4], 'grounding': ['', ''], 'variable_identifier': ['', ''], 'provenance': ['Provenance { method: Some(""skema_code2fn_program_analysis""), timestamp: Some(""2024-02-01 21:11:32.758327"") }', 'Provenance { method: Some(""skema_code2fn_program_analysis""), timestamp: Some(""2024-02-01 21:11:32.758317"") }'], 'col_end': [0, 8], 'value': ['', ''], 'metadata_idx': 40}>"
"<Node id=7995 labels={'Expression'} properties={'name': 'Expression7', 'order_att': 9, 'value': '', 'order_box': 3}>","<Relationship id=12614 start_node_id=7995 end_node_id=8083 nodes=(7995, 8083) type=Metadata properties={}>","<Node id=8083 labels={'Metadata'} properties={'gromet_version': [''], 'source_language_version': [''], 'variable_definition': [''], 'files': [''], 'source_language': [''], 'global_reference_id': [''], 'data_type': [''], 'name': [''], 'line_end': [15], 'code_file_reference_uid': ['cd0ebae6-e5dd-f308-c7d3-727b408c0e37'], 'line_begin': [15], 'metadata_type': [''], 'text_extraction': [''], 'col_begin': [0], 'grounding': [''], 'variable_identifier': [''], 'provenance': ['Provenance { method: Some(""skema_code2fn_program_analysis""), timestamp: Some(""2024-02-01 21:11:32.758396"") }'], 'col_end': [10], 'value': [''], 'metadata_idx': 43}>"
"<Node id=7997 labels={'Literal'} properties={'name': 'Literal', 'order_att': 9, 'value': {'gromet_type': 'LiteralValue', 'value': '0.2', 'value_type': 'AbstractFloat'}, 'order_box': 3}>","<Relationship id=12629 start_node_id=7997 end_node_id=8084 nodes=(7997, 8084) type=Metadata properties={}>","<Node id=8084 labels={'Metadata'} properties={'gromet_version': ['', ''], 'source_language_version': ['3.8', ''], 'variable_definition': ['', ''], 'files': ['', ''], 'source_language': ['Python', ''], 'global_reference_id': ['', ''], 'data_type': [""<class 'float'>"", ''], 'name': ['', ''], 'line_end': [0, 15], 'code_file_reference_uid': ['', 'cd0ebae6-e5dd-f308-c7d3-727b408c0e37'], 'line_begin': [0, 15], 'metadata_type': ['', ''], 'text_extraction': ['', ''], 'col_begin': [0, 7], 'grounding': ['', ''], 'variable_identifier': ['', ''], 'provenance': ['Provenance { method: Some(""skema_code2fn_program_analysis""), timestamp: Some(""2024-02-01 21:11:32.758423"") }', 'Provenance { method: Some(""skema_code2fn_program_analysis""), timestamp: Some(""2024-02-01 21:11:32.758416"") }'], 'col_end': [0, 10], 'value': ['', ''], 'metadata_idx': 42}>"
"<Node id=7998 labels={'Expression'} properties={'name': 'Expression12', 'order_att': 10, 'value': '', 'order_box': 4}>","<Relationship id=12551 start_node_id=7998 end_node_id=8085 nodes=(7998, 8085) type=Metadata properties={}>","<Node id=8085 labels={'Metadata'} properties={'gromet_version': [''], 'source_language_version': [''], 'variable_definition': [''], 'files': [''], 'source_language': [''], 'global_reference_id': [''], 'data_type': [''], 'name': [''], 'line_end': [16], 'code_file_reference_uid': ['cd0ebae6-e5dd-f308-c7d3-727b408c0e37'], 'line_begin': [16], 'metadata_type': [''], 'text_extraction': [''], 'col_begin': [0], 'grounding': [''], 'variable_identifier': [''], 'provenance': ['Provenance { method: Some(""skema_code2fn_program_analysis""), timestamp: Some(""2024-02-01 21:11:32.758464"") }'], 'col_end': [11], 'value': [''], 'metadata_idx': 45}>"
"<Node id=8000 labels={'Literal'} properties={'name': 'Literal', 'order_att': 10, 'value': {'gromet_type': 'LiteralValue', 'value': '0.1', 'value_type': 'AbstractFloat'}, 'order_box': 4}>","<Relationship id=12566 start_node_id=8000 end_node_id=8086 nodes=(8000, 8086) type=Metadata properties={}>","<Node id=8086 labels={'Metadata'} properties={'gromet_version': ['', ''], 'source_language_version': ['3.8', ''], 'variable_definition': ['', ''], 'files': ['', ''], 'source_language': ['Python', ''], 'global_reference_id': ['', ''], 'data_type': [""<class 'float'>"", ''], 'name': ['', ''], 'line_end': [0, 16], 'code_file_reference_uid': ['', 'cd0ebae6-e5dd-f308-c7d3-727b408c0e37'], 'line_begin': [0, 16], 'metadata_type': ['', ''], 'text_extraction': ['', ''], 'col_begin': [0, 8], 'grounding': ['', ''], 'variable_identifier': ['', ''], 'provenance': ['Provenance { method: Some(""skema_code2fn_program_analysis""), timestamp: Some(""2024-02-01 21:11:32.758492"") }', 'Provenance { method: Some(""skema_code2fn_program_analysis""), timestamp: Some(""2024-02-01 21:11:32.758484"") }'], 'col_end': [0, 11], 'value': ['', ''], 'metadata_idx': 44}>"
"<Node id=8001 labels={'Expression'} properties={'name': 'Expression17', 'order_att': 11, 'value': '', 'order_box': 5}>","<Relationship id=12575 start_node_id=8001 end_node_id=8087 nodes=(8001, 8087) type=Metadata properties={}>","<Node id=8087 labels={'Metadata'} properties={'gromet_version': [''], 'source_language_version': [''], 'variable_definition': [''], 'files': [''], 'source_language': [''], 'global_reference_id': [''], 'data_type': [''], 'name': [''], 'line_end': [17], 'code_file_reference_uid': ['cd0ebae6-e5dd-f308-c7d3-727b408c0e37'], 'line_begin': [17], 'metadata_type': [''], 'text_extraction': [''], 'col_begin': [0], 'grounding': [''], 'variable_identifier': [''], 'provenance': ['Provenance { method: Some(""skema_code2fn_program_analysis""), timestamp: Some(""2024-02-01 21:11:32.758534"") }'], 'col_end': [12], 'value': [''], 'metadata_idx': 47}>"
"<Node id=8003 labels={'Literal'} properties={'name': 'Literal', 'order_att': 11, 'value': {'gromet_type': 'LiteralValue', 'value': '0.05', 'value_type': 'AbstractFloat'}, 'order_box': 5}>","<Relationship id=12578 start_node_id=8003 end_node_id=8088 nodes=(8003, 8088) type=Metadata properties={}>","<Node id=8088 labels={'Metadata'} properties={'gromet_version': ['', ''], 'source_language_version': ['3.8', ''], 'variable_definition': ['', ''], 'files': ['', ''], 'source_language': ['Python', ''], 'global_reference_id': ['', ''], 'data_type': [""<class 'float'>"", ''], 'name': ['', ''], 'line_end': [0, 17], 'code_file_reference_uid': ['', 'cd0ebae6-e5dd-f308-c7d3-727b408c0e37'], 'line_begin': [0, 17], 'metadata_type': ['', ''], 'text_extraction': ['', ''], 'col_begin': [0, 8], 'grounding': ['', ''], 'variable_identifier': ['', ''], 'provenance': ['Provenance { method: Some(""skema_code2fn_program_analysis""), timestamp: Some(""2024-02-01 21:11:32.758564"") }', 'Provenance { method: Some(""skema_code2fn_program_analysis""), timestamp: Some(""2024-02-01 21:11:32.758555"") }'], 'col_end': [0, 12], 'value': ['', ''], 'metadata_idx': 46}>"
"<Node id=8004 labels={'Expression'} properties={'name': 'Expression22', 'order_att': 12, 'value': '', 'order_box': 6}>","<Relationship id=12581 start_node_id=8004 end_node_id=8089 nodes=(8004, 8089) type=Metadata properties={}>","<Node id=8089 labels={'Metadata'} properties={'gromet_version': [''], 'source_language_version': [''], 'variable_definition': [''], 'files': [''], 'source_language': [''], 'global_reference_id': [''], 'data_type': [''], 'name': [''], 'line_end': [18], 'code_file_reference_uid': ['cd0ebae6-e5dd-f308-c7d3-727b408c0e37'], 'line_begin': [18], 'metadata_type': [''], 'text_extraction': [''], 'col_begin': [0], 'grounding': [''], 'variable_identifier': [''], 'provenance': ['Provenance { method: Some(""skema_code2fn_program_analysis""), timestamp: Some(""2024-02-01 21:11:32.758612"") }'], 'col_end': [12], 'value': [''], 'metadata_idx': 49}>"
"<Node id=8006 labels={'Literal'} properties={'name': 'Literal', 'order_att': 12, 'value': {'gromet_type': 'LiteralValue', 'value': '0.01', 'value_type': 'AbstractFloat'}, 'order_box': 6}>","<Relationship id=12584 start_node_id=8006 end_node_id=8090 nodes=(8006, 8090) type=Metadata properties={}>","<Node id=8090 labels={'Metadata'} properties={'gromet_version': ['', ''], 'source_language_version': ['3.8', ''], 'variable_definition': ['', ''], 'files': ['', ''], 'source_language': ['Python', ''], 'global_reference_id': ['', ''], 'data_type': [""<class 'float'>"", ''], 'name': ['', ''], 'line_end': [0, 18], 'code_file_reference_uid': ['', 'cd0ebae6-e5dd-f308-c7d3-727b408c0e37'], 'line_begin': [0, 18], 'metadata_type': ['', ''], 'text_extraction': ['', ''], 'col_begin': [0, 8], 'grounding': ['', ''], 'variable_identifier': ['', ''], 'provenance': ['Provenance { method: Some(""skema_code2fn_program_analysis""), timestamp: Some(""2024-02-01 21:11:32.758681"") }', 'Provenance { method: Some(""skema_code2fn_program_analysis""), timestamp: Some(""2024-02-01 21:11:32.758673"") }'], 'col_end': [0, 12], 'value': ['', ''], 'metadata_idx': 48}>"
"<Node id=8007 labels={'Expression'} properties={'name': 'Expression27', 'order_att': 13, 'value': '', 'order_box': 7}>","<Relationship id=12585 start_node_id=8007 end_node_id=8091 nodes=(8007, 8091) type=Metadata properties={}>","<Node id=8091 labels={'Metadata'} properties={'gromet_version': [''], 'source_language_version': [''], 'variable_definition': [''], 'files': [''], 'source_language': [''], 'global_reference_id': [''], 'data_type': [''], 'name': [''], 'line_end': [19], 'code_file_reference_uid': ['cd0ebae6-e5dd-f308-c7d3-727b408c0e37'], 'line_begin': [19], 'metadata_type': [''], 'text_extraction': [''], 'col_begin': [0], 'grounding': [''], 'variable_identifier': [''], 'provenance': ['Provenance { method: Some(""skema_code2fn_program_analysis""), timestamp: Some(""2024-02-01 21:11:32.758730"") }'], 'col_end': [20], 'value': [''], 'metadata_idx': 52}>"
"<Node id=8009 labels={'Literal'} properties={'name': 'Literal', 'order_att': 13, 'value': {'gromet_type': 'LiteralValue', 'value': '1', 'value_type': 'Integer'}, 'order_box': 7}>","<Relationship id=12587 start_node_id=8009 end_node_id=8092 nodes=(8009, 8092) type=Metadata properties={}>","<Node id=8092 labels={'Metadata'} properties={'gromet_version': ['', ''], 'source_language_version': ['3.8', ''], 'variable_definition': ['', ''], 'files': ['', ''], 'source_language': ['Python', ''], 'global_reference_id': ['', ''], 'data_type': [""<class 'int'>"", ''], 'name': ['', ''], 'line_end': [0, 19], 'code_file_reference_uid': ['', 'cd0ebae6-e5dd-f308-c7d3-727b408c0e37'], 'line_begin': [0, 19], 'metadata_type': ['', ''], 'text_extraction': ['', ''], 'col_begin': [0, 7], 'grounding': ['', ''], 'variable_identifier': ['', ''], 'provenance': ['Provenance { method: Some(""skema_code2fn_program_analysis""), timestamp: Some(""2024-02-01 21:11:32.758768"") }', 'Provenance { method: Some(""skema_code2fn_program_analysis""), timestamp: Some(""2024-02-01 21:11:32.758760"") }'], 'col_end': [0, 8], 'value': ['', ''], 'metadata_idx': 50}>"
"<Node id=8010 labels={'Primitive'} properties={'name': 'ast.Sub', 'order_att': 13, 'value': '', 'order_box': 7}>","<Relationship id=12589 start_node_id=8010 end_node_id=8093 nodes=(8010, 8093) type=Metadata properties={}>","<Node id=8093 labels={'Metadata'} properties={'gromet_version': [''], 'source_language_version': [''], 'variable_definition': [''], 'files': [''], 'source_language': [''], 'global_reference_id': [''], 'data_type': [''], 'name': [''], 'line_end': [19], 'code_file_reference_uid': ['cd0ebae6-e5dd-f308-c7d3-727b408c0e37'], 'line_begin': [19], 'metadata_type': [''], 'text_extraction': [''], 'col_begin': [5], 'grounding': [''], 'variable_identifier': [''], 'provenance': ['Provenance { method: Some(""skema_code2fn_program_analysis""), timestamp: Some(""2024-02-01 21:11:32.758787"") }'], 'col_end': [8], 'value': [''], 'metadata_idx': 51}>"
"<Node id=8011 labels={'Expression'} properties={'name': 'Expression34', 'order_att': 14, 'value': '', 'order_box': 8}>","<Relationship id=12592 start_node_id=8011 end_node_id=8094 nodes=(8011, 8094) type=Metadata properties={}>","<Node id=8094 labels={'Metadata'} properties={'gromet_version': [''], 'source_language_version': [''], 'variable_definition': [''], 'files': [''], 'source_language': [''], 'global_reference_id': [''], 'data_type': [''], 'name': [''], 'line_end': [19], 'code_file_reference_uid': ['cd0ebae6-e5dd-f308-c7d3-727b408c0e37'], 'line_begin': [19], 'metadata_type': [''], 'text_extraction': [''], 'col_begin': [0], 'grounding': [''], 'variable_identifier': [''], 'provenance': ['Provenance { method: Some(""skema_code2fn_program_analysis""), timestamp: Some(""2024-02-01 21:11:32.758730"") }'], 'col_end': [20], 'value': [''], 'metadata_idx': 54}>"
"<Node id=8013 labels={'Literal'} properties={'name': 'Literal', 'order_att': 14, 'value': {'gromet_type': 'LiteralValue', 'value': '1', 'value_type': 'Integer'}, 'order_box': 8}>","<Relationship id=12595 start_node_id=8013 end_node_id=8095 nodes=(8013, 8095) type=Metadata properties={}>","<Node id=8095 labels={'Metadata'} properties={'gromet_version': ['', ''], 'source_language_version': ['3.8', ''], 'variable_definition': ['', ''], 'files': ['', ''], 'source_language': ['Python', ''], 'global_reference_id': ['', ''], 'data_type': [""<class 'int'>"", ''], 'name': ['', ''], 'line_end': [0, 19], 'code_file_reference_uid': ['', 'cd0ebae6-e5dd-f308-c7d3-727b408c0e37'], 'line_begin': [0, 19], 'metadata_type': ['', ''], 'text_extraction': ['', ''], 'col_begin': [0, 10], 'grounding': ['', ''], 'variable_identifier': ['', ''], 'provenance': ['Provenance { method: Some(""skema_code2fn_program_analysis""), timestamp: Some(""2024-02-01 21:11:32.758855"") }', 'Provenance { method: Some(""skema_code2fn_program_analysis""), timestamp: Some(""2024-02-01 21:11:32.758846"") }'], 'col_end': [0, 11], 'value': ['', ''], 'metadata_idx': 53}>"
"<Node id=8014 labels={'Expression'} properties={'name': 'Expression39', 'order_att': 15, 'value': '', 'order_box': 9}>","<Relationship id=12596 start_node_id=8014 end_node_id=8096 nodes=(8014, 8096) type=Metadata properties={}>","<Node id=8096 labels={'Metadata'} properties={'gromet_version': [''], 'source_language_version': [''], 'variable_definition': [''], 'files': [''], 'source_language': [''], 'global_reference_id': [''], 'data_type': [''], 'name': [''], 'line_end': [19], 'code_file_reference_uid': ['cd0ebae6-e5dd-f308-c7d3-727b408c0e37'], 'line_begin': [19], 'metadata_type': [''], 'text_extraction': [''], 'col_begin': [0], 'grounding': [''], 'variable_identifier': [''], 'provenance': ['Provenance { method: Some(""skema_code2fn_program_analysis""), timestamp: Some(""2024-02-01 21:11:32.758730"") }'], 'col_end': [20], 'value': [''], 'metadata_idx': 56}>"
"<Node id=8016 labels={'Literal'} properties={'name': 'Literal', 'order_att': 15, 'value': {'gromet_type': 'LiteralValue', 'value': '0', 'value_type': 'Integer'}, 'order_box': 9}>","<Relationship id=12600 start_node_id=8016 end_node_id=8097 nodes=(8016, 8097) type=Metadata properties={}>","<Node id=8097 labels={'Metadata'} properties={'gromet_version': ['', ''], 'source_language_version': ['3.8', ''], 'variable_definition': ['', ''], 'files': ['', ''], 'source_language': ['Python', ''], 'global_reference_id': ['', ''], 'data_type': [""<class 'int'>"", ''], 'name': ['', ''], 'line_end': [0, 19], 'code_file_reference_uid': ['', 'cd0ebae6-e5dd-f308-c7d3-727b408c0e37'], 'line_begin': [0, 19], 'metadata_type': ['', ''], 'text_extraction': ['', ''], 'col_begin': [0, 13], 'grounding': ['', ''], 'variable_identifier': ['', ''], 'provenance': ['Provenance { method: Some(""skema_code2fn_program_analysis""), timestamp: Some(""2024-02-01 21:11:32.758909"") }', 'Provenance { method: Some(""skema_code2fn_program_analysis""), timestamp: Some(""2024-02-01 21:11:32.758900"") }'], 'col_end': [0, 14], 'value': ['', ''], 'metadata_idx': 55}>"
"<Node id=8017 labels={'Expression'} properties={'name': 'Expression44', 'order_att': 16, 'value': '', 'order_box': 10}>","<Relationship id=12601 start_node_id=8017 end_node_id=8098 nodes=(8017, 8098) type=Metadata properties={}>","<Node id=8098 labels={'Metadata'} properties={'gromet_version': [''], 'source_language_version': [''], 'variable_definition': [''], 'files': [''], 'source_language': [''], 'global_reference_id': [''], 'data_type': [''], 'name': [''], 'line_end': [19], 'code_file_reference_uid': ['cd0ebae6-e5dd-f308-c7d3-727b408c0e37'], 'line_begin': [19], 'metadata_type': [''], 'text_extraction': [''], 'col_begin': [0], 'grounding': [''], 'variable_identifier': [''], 'provenance': ['Provenance { method: Some(""skema_code2fn_program_analysis""), timestamp: Some(""2024-02-01 21:11:32.758730"") }'], 'col_end': [20], 'value': [''], 'metadata_idx': 58}>"
"<Node id=8019 labels={'Literal'} properties={'name': 'Literal', 'order_att': 16, 'value': {'gromet_type': 'LiteralValue', 'value': '0', 'value_type': 'Integer'}, 'order_box': 10}>","<Relationship id=12604 start_node_id=8019 end_node_id=8099 nodes=(8019, 8099) type=Metadata properties={}>","<Node id=8099 labels={'Metadata'} properties={'gromet_version': ['', ''], 'source_language_version': ['3.8', ''], 'variable_definition': ['', ''], 'files': ['', ''], 'source_language': ['Python', ''], 'global_reference_id': ['', ''], 'data_type': [""<class 'int'>"", ''], 'name': ['', ''], 'line_end': [0, 19], 'code_file_reference_uid': ['', 'cd0ebae6-e5dd-f308-c7d3-727b408c0e37'], 'line_begin': [0, 19], 'metadata_type': ['', ''], 'text_extraction': ['', ''], 'col_begin': [0, 16], 'grounding': ['', ''], 'variable_identifier': ['', ''], 'provenance': ['Provenance { method: Some(""skema_code2fn_program_analysis""), timestamp: Some(""2024-02-01 21:11:32.758963"") }', 'Provenance { method: Some(""skema_code2fn_program_analysis""), timestamp: Some(""2024-02-01 21:11:32.758955"") }'], 'col_end': [0, 17], 'value': ['', ''], 'metadata_idx': 57}>"
"<Node id=8020 labels={'Expression'} properties={'name': 'Expression49', 'order_att': 17, 'value': '', 'order_box': 11}>","<Relationship id=12605 start_node_id=8020 end_node_id=8100 nodes=(8020, 8100) type=Metadata properties={}>","<Node id=8100 labels={'Metadata'} properties={'gromet_version': [''], 'source_language_version': [''], 'variable_definition': [''], 'files': [''], 'source_language': [''], 'global_reference_id': [''], 'data_type': [''], 'name': [''], 'line_end': [19], 'code_file_reference_uid': ['cd0ebae6-e5dd-f308-c7d3-727b408c0e37'], 'line_begin': [19], 'metadata_type': [''], 'text_extraction': [''], 'col_begin': [0], 'grounding': [''], 'variable_identifier': [''], 'provenance': ['Provenance { method: Some(""skema_code2fn_program_analysis""), timestamp: Some(""2024-02-01 21:11:32.758730"") }'], 'col_end': [20], 'value': [''], 'metadata_idx': 60}>"
"<Node id=8022 labels={'Literal'} properties={'name': 'Literal', 'order_att': 17, 'value': {'gromet_type': 'LiteralValue', 'value': '0', 'value_type': 'Integer'}, 'order_box': 11}>","<Relationship id=12608 start_node_id=8022 end_node_id=8101 nodes=(8022, 8101) type=Metadata properties={}>","<Node id=8101 labels={'Metadata'} properties={'gromet_version': ['', ''], 'source_language_version': ['3.8', ''], 'variable_definition': ['', ''], 'files': ['', ''], 'source_language': ['Python', ''], 'global_reference_id': ['', ''], 'data_type': [""<class 'int'>"", ''], 'name': ['', ''], 'line_end': [0, 19], 'code_file_reference_uid': ['', 'cd0ebae6-e5dd-f308-c7d3-727b408c0e37'], 'line_begin': [0, 19], 'metadata_type': ['', ''], 'text_extraction': ['', ''], 'col_begin': [0, 19], 'grounding': ['', ''], 'variable_identifier': ['', ''], 'provenance': ['Provenance { method: Some(""skema_code2fn_program_analysis""), timestamp: Some(""2024-02-01 21:11:32.759019"") }', 'Provenance { method: Some(""skema_code2fn_program_analysis""), timestamp: Some(""2024-02-01 21:11:32.759011"") }'], 'col_end': [0, 20], 'value': ['', ''], 'metadata_idx': 59}>"
"<Node id=8024 labels={'Primitive'} properties={'name': 'module.linspace_0', 'order_att': 0, 'value': '', 'order_box': 14}>","<Relationship id=12609 start_node_id=8024 end_node_id=8102 nodes=(8024, 8102) type=Metadata properties={}>","<Node id=8102 labels={'Metadata'} properties={'gromet_version': [''], 'source_language_version': [''], 'variable_definition': [''], 'files': [''], 'source_language': [''], 'global_reference_id': [''], 'data_type': [''], 'name': [''], 'line_end': [21], 'code_file_reference_uid': ['cd0ebae6-e5dd-f308-c7d3-727b408c0e37'], 'line_begin': [21], 'metadata_type': [''], 'text_extraction': [''], 'col_begin': [4], 'grounding': [''], 'variable_identifier': [''], 'provenance': ['Provenance { method: Some(""skema_code2fn_program_analysis""), timestamp: Some(""2024-02-01 21:11:32.759108"") }'], 'col_end': [29], 'value': [''], 'metadata_idx': 61}>"
"<Node id=8025 labels={'Literal'} properties={'name': 'Literal', 'order_att': 0, 'value': {'gromet_type': 'LiteralValue', 'value': '0', 'value_type': 'Integer'}, 'order_box': 15}>","<Relationship id=12610 start_node_id=8025 end_node_id=8103 nodes=(8025, 8103) type=Metadata properties={}>","<Node id=8103 labels={'Metadata'} properties={'gromet_version': ['', ''], 'source_language_version': ['3.8', ''], 'variable_definition': ['', ''], 'files': ['', ''], 'source_language': ['Python', ''], 'global_reference_id': ['', ''], 'data_type': [""<class 'int'>"", ''], 'name': ['', ''], 'line_end': [0, 21], 'code_file_reference_uid': ['', 'cd0ebae6-e5dd-f308-c7d3-727b408c0e37'], 'line_begin': [0, 21], 'metadata_type': ['', ''], 'text_extraction': ['', ''], 'col_begin': [0, 16], 'grounding': ['', ''], 'variable_identifier': ['', ''], 'provenance': ['Provenance { method: Some(""skema_code2fn_program_analysis""), timestamp: Some(""2024-02-01 21:11:32.759242"") }', 'Provenance { method: Some(""skema_code2fn_program_analysis""), timestamp: Some(""2024-02-01 21:11:32.759234"") }'], 'col_end': [0, 17], 'value': ['', ''], 'metadata_idx': 62}>"
"<Node id=8026 labels={'Literal'} properties={'name': 'Literal', 'order_att': 0, 'value': {'gromet_type': 'LiteralValue', 'value': '100', 'value_type': 'Integer'}, 'order_box': 16}>","<Relationship id=12611 start_node_id=8026 end_node_id=8104 nodes=(8026, 8104) type=Metadata properties={}>","<Node id=8104 labels={'Metadata'} properties={'gromet_version': ['', ''], 'source_language_version': ['3.8', ''], 'variable_definition': ['', ''], 'files': ['', ''], 'source_language': ['Python', ''], 'global_reference_id': ['', ''], 'data_type': [""<class 'int'>"", ''], 'name': ['', ''], 'line_end': [0, 21], 'code_file_reference_uid': ['', 'cd0ebae6-e5dd-f308-c7d3-727b408c0e37'], 'line_begin': [0, 21], 'metadata_type': ['', ''], 'text_extraction': ['', ''], 'col_begin': [0, 19], 'grounding': ['', ''], 'variable_identifier': ['', ''], 'provenance': ['Provenance { method: Some(""skema_code2fn_program_analysis""), timestamp: Some(""2024-02-01 21:11:32.759284"") }', 'Provenance { method: Some(""skema_code2fn_program_analysis""), timestamp: Some(""2024-02-01 21:11:32.759277"") }'], 'col_end': [0, 22], 'value': ['', ''], 'metadata_idx': 63}>"
"<Node id=8027 labels={'Literal'} properties={'name': 'Literal', 'order_att': 0, 'value': {'gromet_type': 'LiteralValue', 'value': '1000', 'value_type': 'Integer'}, 'order_box': 17}>","<Relationship id=12612 start_node_id=8027 end_node_id=8105 nodes=(8027, 8105) type=Metadata properties={}>","<Node id=8105 labels={'Metadata'} properties={'gromet_version': ['', ''], 'source_language_version': ['3.8', ''], 'variable_definition': ['', ''], 'files': ['', ''], 'source_language': ['Python', ''], 'global_reference_id': ['', ''], 'data_type': [""<class 'int'>"", ''], 'name': ['', ''], 'line_end': [0, 21], 'code_file_reference_uid': ['', 'cd0ebae6-e5dd-f308-c7d3-727b408c0e37'], 'line_begin': [0, 21], 'metadata_type': ['', ''], 'text_extraction': ['', ''], 'col_begin': [0, 24], 'grounding': ['', ''], 'variable_identifier': ['', ''], 'provenance': ['Provenance { method: Some(""skema_code2fn_program_analysis""), timestamp: Some(""2024-02-01 21:11:32.759324"") }', 'Provenance { method: Some(""skema_code2fn_program_analysis""), timestamp: Some(""2024-02-01 21:11:32.759315"") }'], 'col_end': [0, 28], 'value': ['', ''], 'metadata_idx': 64}>"
"<Node id=8028 labels={'Primitive'} properties={'name': 'scipy.integrate.odeint_id21', 'order_att': 0, 'value': '', 'order_box': 18}>","<Relationship id=12613 start_node_id=8028 end_node_id=8106 nodes=(8028, 8106) type=Metadata properties={}>","<Node id=8106 labels={'Metadata'} properties={'gromet_version': [''], 'source_language_version': [''], 'variable_definition': [''], 'files': [''], 'source_language': [''], 'global_reference_id': [''], 'data_type': [''], 'name': [''], 'line_end': [23], 'code_file_reference_uid': ['cd0ebae6-e5dd-f308-c7d3-727b408c0e37'], 'line_begin': [23], 'metadata_type': [''], 'text_extraction': [''], 'col_begin': [9], 'grounding': [''], 'variable_identifier': [''], 'provenance': ['Provenance { method: Some(""skema_code2fn_program_analysis""), timestamp: Some(""2024-02-01 21:11:32.759382"") }'], 'col_end': [72], 'value': [''], 'metadata_idx': 65}>"
"<Node id=8030 labels={'Expression'} properties={'name': 'Expression70', 'order_att': 20, 'value': '', 'order_box': 21}>","<Relationship id=12616 start_node_id=8030 end_node_id=8107 nodes=(8030, 8107) type=Metadata properties={}>","<Node id=8107 labels={'Metadata'} properties={'gromet_version': [''], 'source_language_version': [''], 'variable_definition': [''], 'files': [''], 'source_language': [''], 'global_reference_id': [''], 'data_type': [''], 'name': [''], 'line_end': [24], 'code_file_reference_uid': ['cd0ebae6-e5dd-f308-c7d3-727b408c0e37'], 'line_begin': [24], 'metadata_type': [''], 'text_extraction': [''], 'col_begin': [0], 'grounding': [''], 'variable_identifier': [''], 'provenance': ['Provenance { method: Some(""skema_code2fn_program_analysis""), timestamp: Some(""2024-02-01 21:11:32.759600"") }'], 'col_end': [24], 'value': [''], 'metadata_idx': 66}>"
"<Node id=8035 labels={'Primitive'} properties={'name': 'module.figure_0', 'order_att': 0, 'value': '', 'order_box': 24}>","<Relationship id=12620 start_node_id=8035 end_node_id=8108 nodes=(8035, 8108) type=Metadata properties={}>","<Node id=8108 labels={'Metadata'} properties={'gromet_version': [''], 'source_language_version': [''], 'variable_definition': [''], 'files': [''], 'source_language': [''], 'global_reference_id': [''], 'data_type': [''], 'name': [''], 'line_end': [26], 'code_file_reference_uid': ['cd0ebae6-e5dd-f308-c7d3-727b408c0e37'], 'line_begin': [26], 'metadata_type': [''], 'text_extraction': [''], 'col_begin': [0], 'grounding': [''], 'variable_identifier': [''], 'provenance': ['Provenance { method: Some(""skema_code2fn_program_analysis""), timestamp: Some(""2024-02-01 21:11:32.759835"") }'], 'col_end': [26], 'value': [''], 'metadata_idx': 72}>"
"<Node id=8036 labels={'Expression'} properties={'name': 'Expression82', 'order_att': 22, 'value': '', 'order_box': 25}>","<Relationship id=12621 start_node_id=8036 end_node_id=8109 nodes=(8036, 8109) type=Metadata properties={}>","<Node id=8109 labels={'Metadata'} properties={'gromet_version': [''], 'source_language_version': [''], 'variable_definition': [''], 'files': [''], 'source_language': [''], 'global_reference_id': [''], 'data_type': [''], 'name': [''], 'line_end': [26], 'code_file_reference_uid': ['cd0ebae6-e5dd-f308-c7d3-727b408c0e37'], 'line_begin': [26], 'metadata_type': [''], 'text_extraction': [''], 'col_begin': [0], 'grounding': [''], 'variable_identifier': [''], 'provenance': ['Provenance { method: Some(""skema_code2fn_program_analysis""), timestamp: Some(""2024-02-01 21:11:32.759929"") }'], 'col_end': [26], 'value': [''], 'metadata_idx': 74}>"
"<Node id=8038 labels={'Literal'} properties={'name': 'Literal', 'order_att': 22, 'value': {'gromet_type': 'LiteralValue', 'value': '10', 'value_type': 'Integer'}, 'order_box': 25}>","<Relationship id=12624 start_node_id=8038 end_node_id=8110 nodes=(8038, 8110) type=Metadata properties={}>","<Node id=8110 labels={'Metadata'} properties={'gromet_version': ['', ''], 'source_language_version': ['3.8', ''], 'variable_definition': ['', ''], 'files': ['', ''], 'source_language': ['Python', ''], 'global_reference_id': ['', ''], 'data_type': [""<class 'int'>"", ''], 'name': ['', ''], 'line_end': [0, 26], 'code_file_reference_uid': ['', 'cd0ebae6-e5dd-f308-c7d3-727b408c0e37'], 'line_begin': [0, 26], 'metadata_type': ['', ''], 'text_extraction': ['', ''], 'col_begin': [0, 20], 'grounding': ['', ''], 'variable_identifier': ['', ''], 'provenance': ['Provenance { method: Some(""skema_code2fn_program_analysis""), timestamp: Some(""2024-02-01 21:11:32.759959"") }', 'Provenance { method: Some(""skema_code2fn_program_analysis""), timestamp: Some(""2024-02-01 21:11:32.759953"") }'], 'col_end': [0, 22], 'value': ['', ''], 'metadata_idx': 73}>"
"<Node id=8039 labels={'Expression'} properties={'name': 'Expression87', 'order_att': 23, 'value': '', 'order_box': 26}>","<Relationship id=12625 start_node_id=8039 end_node_id=8111 nodes=(8039, 8111) type=Metadata properties={}>","<Node id=8111 labels={'Metadata'} properties={'gromet_version': [''], 'source_language_version': [''], 'variable_definition': [''], 'files': [''], 'source_language': [''], 'global_reference_id': [''], 'data_type': [''], 'name': [''], 'line_end': [26], 'code_file_reference_uid': ['cd0ebae6-e5dd-f308-c7d3-727b408c0e37'], 'line_begin': [26], 'metadata_type': [''], 'text_extraction': [''], 'col_begin': [0], 'grounding': [''], 'variable_identifier': [''], 'provenance': ['Provenance { method: Some(""skema_code2fn_program_analysis""), timestamp: Some(""2024-02-01 21:11:32.759929"") }'], 'col_end': [26], 'value': [''], 'metadata_idx': 76}>"
"<Node id=8041 labels={'Literal'} properties={'name': 'Literal', 'order_att': 23, 'value': {'gromet_type': 'LiteralValue', 'value': '6', 'value_type': 'Integer'}, 'order_box': 26}>","<Relationship id=12628 start_node_id=8041 end_node_id=8112 nodes=(8041, 8112) type=Metadata properties={}>","<Node id=8112 labels={'Metadata'} properties={'gromet_version': ['', ''], 'source_language_version': ['3.8', ''], 'variable_definition': ['', ''], 'files': ['', ''], 'source_language': ['Python', ''], 'global_reference_id': ['', ''], 'data_type': [""<class 'int'>"", ''], 'name': ['', ''], 'line_end': [0, 26], 'code_file_reference_uid': ['', 'cd0ebae6-e5dd-f308-c7d3-727b408c0e37'], 'line_begin': [0, 26], 'metadata_type': ['', ''], 'text_extraction': ['', ''], 'col_begin': [0, 23], 'grounding': ['', ''], 'variable_identifier': ['', ''], 'provenance': ['Provenance { method: Some(""skema_code2fn_program_analysis""), timestamp: Some(""2024-02-01 21:11:32.760021"") }', 'Provenance { method: Some(""skema_code2fn_program_analysis""), timestamp: Some(""2024-02-01 21:11:32.760014"") }'], 'col_end': [0, 24], 'value': ['', ''], 'metadata_idx': 75}>"
"<Node id=8043 labels={'Primitive'} properties={'name': 'module.plot_0', 'order_att': 0, 'value': '', 'order_box': 29}>","<Relationship id=12630 start_node_id=8043 end_node_id=8113 nodes=(8043, 8113) type=Metadata properties={}>","<Node id=8113 labels={'Metadata'} properties={'gromet_version': [''], 'source_language_version': [''], 'variable_definition': [''], 'files': [''], 'source_language': [''], 'global_reference_id': [''], 'data_type': [''], 'name': [''], 'line_end': [27], 'code_file_reference_uid': ['cd0ebae6-e5dd-f308-c7d3-727b408c0e37'], 'line_begin': [27], 'metadata_type': [''], 'text_extraction': [''], 'col_begin': [0], 'grounding': [''], 'variable_identifier': [''], 'provenance': ['Provenance { method: Some(""skema_code2fn_program_analysis""), timestamp: Some(""2024-02-01 21:11:32.760155"") }'], 'col_end': [40], 'value': [''], 'metadata_idx': 77}>"
"<Node id=8044 labels={'Literal'} properties={'name': 'Literal', 'order_att': 0, 'value': {'gromet_type': 'LiteralValue', 'value': '""b""', 'value_type': 'List'}, 'order_box': 30}>","<Relationship id=12631 start_node_id=8044 end_node_id=8114 nodes=(8044, 8114) type=Metadata properties={}>","<Node id=8114 labels={'Metadata'} properties={'gromet_version': ['', ''], 'source_language_version': ['3.8', ''], 'variable_definition': ['', ''], 'files': ['', ''], 'source_language': ['Python', ''], 'global_reference_id': ['', ''], 'data_type': [""<class 'str'>"", ''], 'name': ['', ''], 'line_end': [0, 27], 'code_file_reference_uid': ['', 'cd0ebae6-e5dd-f308-c7d3-727b408c0e37'], 'line_begin': [0, 27], 'metadata_type': ['', ''], 'text_extraction': ['', ''], 'col_begin': [0, 15], 'grounding': ['', ''], 'variable_identifier': ['', ''], 'provenance': ['Provenance { method: Some(""skema_code2fn_program_analysis""), timestamp: Some(""2024-02-01 21:11:32.760277"") }', 'Provenance { method: Some(""skema_code2fn_program_analysis""), timestamp: Some(""2024-02-01 21:11:32.760269"") }'], 'col_end': [0, 18], 'value': ['', ''], 'metadata_idx': 78}>"
"<Node id=8045 labels={'Expression'} properties={'name': 'Expression99', 'order_att': 25, 'value': '', 'order_box': 31}>","<Relationship id=12632 start_node_id=8045 end_node_id=8115 nodes=(8045, 8115) type=Metadata properties={}>","<Node id=8115 labels={'Metadata'} properties={'gromet_version': [''], 'source_language_version': [''], 'variable_definition': [''], 'files': [''], 'source_language': [''], 'global_reference_id': [''], 'data_type': [''], 'name': [''], 'line_end': [27], 'code_file_reference_uid': ['cd0ebae6-e5dd-f308-c7d3-727b408c0e37'], 'line_begin': [27], 'metadata_type': [''], 'text_extraction': [''], 'col_begin': [0], 'grounding': [''], 'variable_identifier': [''], 'provenance': ['Provenance { method: Some(""skema_code2fn_program_analysis""), timestamp: Some(""2024-02-01 21:11:32.760319"") }'], 'col_end': [40], 'value': [''], 'metadata_idx': 80}>"
"<Node id=8047 labels={'Literal'} properties={'name': 'Literal', 'order_att': 25, 'value': {'gromet_type': 'LiteralValue', 'value': '""Susceptible""', 'value_type': 'List'}, 'order_box': 31}>","<Relationship id=12538 start_node_id=8047 end_node_id=8116 nodes=(8047, 8116) type=Metadata properties={}>","<Node id=8116 labels={'Metadata'} properties={'gromet_version': ['', ''], 'source_language_version': ['3.8', ''], 'variable_definition': ['', ''], 'files': ['', ''], 'source_language': ['Python', ''], 'global_reference_id': ['', ''], 'data_type': [""<class 'str'>"", ''], 'name': ['', ''], 'line_end': [0, 27], 'code_file_reference_uid': ['', 'cd0ebae6-e5dd-f308-c7d3-727b408c0e37'], 'line_begin': [0, 27], 'metadata_type': ['', ''], 'text_extraction': ['', ''], 'col_begin': [0, 26], 'grounding': ['', ''], 'variable_identifier': ['', ''], 'provenance': ['Provenance { method: Some(""skema_code2fn_program_analysis""), timestamp: Some(""2024-02-01 21:11:32.760351"") }', 'Provenance { method: Some(""skema_code2fn_program_analysis""), timestamp: Some(""2024-02-01 21:11:32.760339"") }'], 'col_end': [0, 39], 'value': ['', ''], 'metadata_idx': 79}>"
"<Node id=8048 labels={'Primitive'} properties={'name': 'module.plot_1', 'order_att': 0, 'value': '', 'order_box': 32}>","<Relationship id=12539 start_node_id=8048 end_node_id=8117 nodes=(8048, 8117) type=Metadata properties={}>","<Node id=8117 labels={'Metadata'} properties={'gromet_version': [''], 'source_language_version': [''], 'variable_definition': [''], 'files': [''], 'source_language': [''], 'global_reference_id': [''], 'data_type': [''], 'name': [''], 'line_end': [28], 'code_file_reference_uid': ['cd0ebae6-e5dd-f308-c7d3-727b408c0e37'], 'line_begin': [28], 'metadata_type': [''], 'text_extraction': [''], 'col_begin': [0], 'grounding': [''], 'variable_identifier': [''], 'provenance': ['Provenance { method: Some(""skema_code2fn_program_analysis""), timestamp: Some(""2024-02-01 21:11:32.760412"") }'], 'col_end': [36], 'value': [''], 'metadata_idx': 81}>"
"<Node id=8049 labels={'Literal'} properties={'name': 'Literal', 'order_att': 0, 'value': {'gromet_type': 'LiteralValue', 'value': '""y""', 'value_type': 'List'}, 'order_box': 33}>","<Relationship id=12540 start_node_id=8049 end_node_id=8118 nodes=(8049, 8118) type=Metadata properties={}>","<Node id=8118 labels={'Metadata'} properties={'gromet_version': ['', ''], 'source_language_version': ['3.8', ''], 'variable_definition': ['', ''], 'files': ['', ''], 'source_language': ['Python', ''], 'global_reference_id': ['', ''], 'data_type': [""<class 'str'>"", ''], 'name': ['', ''], 'line_end': [0, 28], 'code_file_reference_uid': ['', 'cd0ebae6-e5dd-f308-c7d3-727b408c0e37'], 'line_begin': [0, 28], 'metadata_type': ['', ''], 'text_extraction': ['', ''], 'col_begin': [0, 15], 'grounding': ['', ''], 'variable_identifier': ['', ''], 'provenance': ['Provenance { method: Some(""skema_code2fn_program_analysis""), timestamp: Some(""2024-02-01 21:11:32.760514"") }', 'Provenance { method: Some(""skema_code2fn_program_analysis""), timestamp: Some(""2024-02-01 21:11:32.760507"") }'], 'col_end': [0, 18], 'value': ['', ''], 'metadata_idx': 82}>"
"<Node id=8050 labels={'Expression'} properties={'name': 'Expression108', 'order_att': 27, 'value': '', 'order_box': 34}>","<Relationship id=12541 start_node_id=8050 end_node_id=8119 nodes=(8050, 8119) type=Metadata properties={}>","<Node id=8119 labels={'Metadata'} properties={'gromet_version': [''], 'source_language_version': [''], 'variable_definition': [''], 'files': [''], 'source_language': [''], 'global_reference_id': [''], 'data_type': [''], 'name': [''], 'line_end': [28], 'code_file_reference_uid': ['cd0ebae6-e5dd-f308-c7d3-727b408c0e37'], 'line_begin': [28], 'metadata_type': [''], 'text_extraction': [''], 'col_begin': [0], 'grounding': [''], 'variable_identifier': [''], 'provenance': ['Provenance { method: Some(""skema_code2fn_program_analysis""), timestamp: Some(""2024-02-01 21:11:32.760555"") }'], 'col_end': [36], 'value': [''], 'metadata_idx': 84}>"
"<Node id=8052 labels={'Literal'} properties={'name': 'Literal', 'order_att': 27, 'value': {'gromet_type': 'LiteralValue', 'value': '""Exposed""', 'value_type': 'List'}, 'order_box': 34}>","<Relationship id=12544 start_node_id=8052 end_node_id=8120 nodes=(8052, 8120) type=Metadata properties={}>","<Node id=8120 labels={'Metadata'} properties={'gromet_version': ['', ''], 'source_language_version': ['3.8', ''], 'variable_definition': ['', ''], 'files': ['', ''], 'source_language': ['Python', ''], 'global_reference_id': ['', ''], 'data_type': [""<class 'str'>"", ''], 'name': ['', ''], 'line_end': [0, 28], 'code_file_reference_uid': ['', 'cd0ebae6-e5dd-f308-c7d3-727b408c0e37'], 'line_begin': [0, 28], 'metadata_type': ['', ''], 'text_extraction': ['', ''], 'col_begin': [0, 26], 'grounding': ['', ''], 'variable_identifier': ['', ''], 'provenance': ['Provenance { method: Some(""skema_code2fn_program_analysis""), timestamp: Some(""2024-02-01 21:11:32.761301"") }', 'Provenance { method: Some(""skema_code2fn_program_analysis""), timestamp: Some(""2024-02-01 21:11:32.761284"") }'], 'col_end': [0, 35], 'value': ['', ''], 'metadata_idx': 83}>"
"<Node id=8053 labels={'Primitive'} properties={'name': 'module.plot_2', 'order_att': 0, 'value': '', 'order_box': 35}>","<Relationship id=12545 start_node_id=8053 end_node_id=8121 nodes=(8053, 8121) type=Metadata properties={}>","<Node id=8121 labels={'Metadata'} properties={'gromet_version': [''], 'source_language_version': [''], 'variable_definition': [''], 'files': [''], 'source_language': [''], 'global_reference_id': [''], 'data_type': [''], 'name': [''], 'line_end': [29], 'code_file_reference_uid': ['cd0ebae6-e5dd-f308-c7d3-727b408c0e37'], 'line_begin': [29], 'metadata_type': [''], 'text_extraction': [''], 'col_begin': [0], 'grounding': [''], 'variable_identifier': [''], 'provenance': ['Provenance { method: Some(""skema_code2fn_program_analysis""), timestamp: Some(""2024-02-01 21:11:32.761378"") }'], 'col_end': [37], 'value': [''], 'metadata_idx': 85}>"
"<Node id=8054 labels={'Literal'} properties={'name': 'Literal', 'order_att': 0, 'value': {'gromet_type': 'LiteralValue', 'value': '""r""', 'value_type': 'List'}, 'order_box': 36}>","<Relationship id=12546 start_node_id=8054 end_node_id=8122 nodes=(8054, 8122) type=Metadata properties={}>","<Node id=8122 labels={'Metadata'} properties={'gromet_version': ['', ''], 'source_language_version': ['3.8', ''], 'variable_definition': ['', ''], 'files': ['', ''], 'source_language': ['Python', ''], 'global_reference_id': ['', ''], 'data_type': [""<class 'str'>"", ''], 'name': ['', ''], 'line_end': [0, 29], 'code_file_reference_uid': ['', 'cd0ebae6-e5dd-f308-c7d3-727b408c0e37'], 'line_begin': [0, 29], 'metadata_type': ['', ''], 'text_extraction': ['', ''], 'col_begin': [0, 15], 'grounding': ['', ''], 'variable_identifier': ['', ''], 'provenance': ['Provenance { method: Some(""skema_code2fn_program_analysis""), timestamp: Some(""2024-02-01 21:11:32.761499"") }', 'Provenance { method: Some(""skema_code2fn_program_analysis""), timestamp: Some(""2024-02-01 21:11:32.761490"") }'], 'col_end': [0, 18], 'value': ['', ''], 'metadata_idx': 86}>"
"<Node id=8055 labels={'Expression'} properties={'name': 'Expression117', 'order_att': 29, 'value': '', 'order_box': 37}>","<Relationship id=12547 start_node_id=8055 end_node_id=8123 nodes=(8055, 8123) type=Metadata properties={}>","<Node id=8123 labels={'Metadata'} properties={'gromet_version': [''], 'source_language_version': [''], 'variable_definition': [''], 'files': [''], 'source_language': [''], 'global_reference_id': [''], 'data_type': [''], 'name': [''], 'line_end': [29], 'code_file_reference_uid': ['cd0ebae6-e5dd-f308-c7d3-727b408c0e37'], 'line_begin': [29], 'metadata_type': [''], 'text_extraction': [''], 'col_begin': [0], 'grounding': [''], 'variable_identifier': [''], 'provenance': ['Provenance { method: Some(""skema_code2fn_program_analysis""), timestamp: Some(""2024-02-01 21:11:32.761542"") }'], 'col_end': [37], 'value': [''], 'metadata_idx': 88}>"
"<Node id=8057 labels={'Literal'} properties={'name': 'Literal', 'order_att': 29, 'value': {'gromet_type': 'LiteralValue', 'value': '""Infected""', 'value_type': 'List'}, 'order_box': 37}>","<Relationship id=12550 start_node_id=8057 end_node_id=8124 nodes=(8057, 8124) type=Metadata properties={}>","<Node id=8124 labels={'Metadata'} properties={'gromet_version': ['', ''], 'source_language_version': ['3.8', ''], 'variable_definition': ['', ''], 'files': ['', ''], 'source_language': ['Python', ''], 'global_reference_id': ['', ''], 'data_type': [""<class 'str'>"", ''], 'name': ['', ''], 'line_end': [0, 29], 'code_file_reference_uid': ['', 'cd0ebae6-e5dd-f308-c7d3-727b408c0e37'], 'line_begin': [0, 29], 'metadata_type': ['', ''], 'text_extraction': ['', ''], 'col_begin': [0, 26], 'grounding': ['', ''], 'variable_identifier': ['', ''], 'provenance': ['Provenance { method: Some(""skema_code2fn_program_analysis""), timestamp: Some(""2024-02-01 21:11:32.761572"") }', 'Provenance { method: Some(""skema_code2fn_program_analysis""), timestamp: Some(""2024-02-01 21:11:32.761563"") }'], 'col_end': [0, 36], 'value': ['', ''], 'metadata_idx': 87}>"
"<Node id=8058 labels={'Primitive'} properties={'name': 'module.plot_3', 'order_att': 0, 'value': '', 'order_box': 38}>","<Relationship id=12553 start_node_id=8058 end_node_id=8125 nodes=(8058, 8125) type=Metadata properties={}>","<Node id=8125 labels={'Metadata'} properties={'gromet_version': [''], 'source_language_version': [''], 'variable_definition': [''], 'files': [''], 'source_language': [''], 'global_reference_id': [''], 'data_type': [''], 'name': [''], 'line_end': [30], 'code_file_reference_uid': ['cd0ebae6-e5dd-f308-c7d3-727b408c0e37'], 'line_begin': [30], 'metadata_type': [''], 'text_extraction': [''], 'col_begin': [0], 'grounding': [''], 'variable_identifier': [''], 'provenance': ['Provenance { method: Some(""skema_code2fn_program_analysis""), timestamp: Some(""2024-02-01 21:11:32.761630"") }'], 'col_end': [38], 'value': [''], 'metadata_idx': 89}>"
"<Node id=8059 labels={'Literal'} properties={'name': 'Literal', 'order_att': 0, 'value': {'gromet_type': 'LiteralValue', 'value': '""g""', 'value_type': 'List'}, 'order_box': 39}>","<Relationship id=12554 start_node_id=8059 end_node_id=8126 nodes=(8059, 8126) type=Metadata properties={}>","<Node id=8126 labels={'Metadata'} properties={'gromet_version': ['', ''], 'source_language_version': ['3.8', ''], 'variable_definition': ['', ''], 'files': ['', ''], 'source_language': ['Python', ''], 'global_reference_id': ['', ''], 'data_type': [""<class 'str'>"", ''], 'name': ['', ''], 'line_end': [0, 30], 'code_file_reference_uid': ['', 'cd0ebae6-e5dd-f308-c7d3-727b408c0e37'], 'line_begin': [0, 30], 'metadata_type': ['', ''], 'text_extraction': ['', ''], 'col_begin': [0, 15], 'grounding': ['', ''], 'variable_identifier': ['', ''], 'provenance': ['Provenance { method: Some(""skema_code2fn_program_analysis""), timestamp: Some(""2024-02-01 21:11:32.761731"") }', 'Provenance { method: Some(""skema_code2fn_program_analysis""), timestamp: Some(""2024-02-01 21:11:32.761724"") }'], 'col_end': [0, 18], 'value': ['', ''], 'metadata_idx': 90}>"
"<Node id=8060 labels={'Expression'} properties={'name': 'Expression126', 'order_att': 31, 'value': '', 'order_box': 40}>","<Relationship id=12555 start_node_id=8060 end_node_id=8127 nodes=(8060, 8127) type=Metadata properties={}>","<Node id=8127 labels={'Metadata'} properties={'gromet_version': [''], 'source_language_version': [''], 'variable_definition': [''], 'files': [''], 'source_language': [''], 'global_reference_id': [''], 'data_type': [''], 'name': [''], 'line_end': [30], 'code_file_reference_uid': ['cd0ebae6-e5dd-f308-c7d3-727b408c0e37'], 'line_begin': [30], 'metadata_type': [''], 'text_extraction': [''], 'col_begin': [0], 'grounding': [''], 'variable_identifier': [''], 'provenance': ['Provenance { method: Some(""skema_code2fn_program_analysis""), timestamp: Some(""2024-02-01 21:11:32.761775"") }'], 'col_end': [38], 'value': [''], 'metadata_idx': 92}>"
"<Node id=8062 labels={'Literal'} properties={'name': 'Literal', 'order_att': 31, 'value': {'gromet_type': 'LiteralValue', 'value': '""Recovered""', 'value_type': 'List'}, 'order_box': 40}>","<Relationship id=12558 start_node_id=8062 end_node_id=8128 nodes=(8062, 8128) type=Metadata properties={}>","<Node id=8128 labels={'Metadata'} properties={'gromet_version': ['', ''], 'source_language_version': ['3.8', ''], 'variable_definition': ['', ''], 'files': ['', ''], 'source_language': ['Python', ''], 'global_reference_id': ['', ''], 'data_type': [""<class 'str'>"", ''], 'name': ['', ''], 'line_end': [0, 30], 'code_file_reference_uid': ['', 'cd0ebae6-e5dd-f308-c7d3-727b408c0e37'], 'line_begin': [0, 30], 'metadata_type': ['', ''], 'text_extraction': ['', ''], 'col_begin': [0, 26], 'grounding': ['', ''], 'variable_identifier': ['', ''], 'provenance': ['Provenance { method: Some(""skema_code2fn_program_analysis""), timestamp: Some(""2024-02-01 21:11:32.761805"") }', 'Provenance { method: Some(""skema_code2fn_program_analysis""), timestamp: Some(""2024-02-01 21:11:32.761798"") }'], 'col_end': [0, 37], 'value': ['', ''], 'metadata_idx': 91}>"
"<Node id=8063 labels={'Primitive'} properties={'name': 'module.plot_4', 'order_att': 0, 'value': '', 'order_box': 41}>","<Relationship id=12560 start_node_id=8063 end_node_id=8129 nodes=(8063, 8129) type=Metadata properties={}>","<Node id=8129 labels={'Metadata'} properties={'gromet_version': [''], 'source_language_version': [''], 'variable_definition': [''], 'files': [''], 'source_language': [''], 'global_reference_id': [''], 'data_type': [''], 'name': [''], 'line_end': [31], 'code_file_reference_uid': ['cd0ebae6-e5dd-f308-c7d3-727b408c0e37'], 'line_begin': [31], 'metadata_type': [''], 'text_extraction': [''], 'col_begin': [0], 'grounding': [''], 'variable_identifier': [''], 'provenance': ['Provenance { method: Some(""skema_code2fn_program_analysis""), timestamp: Some(""2024-02-01 21:11:32.761867"") }'], 'col_end': [33], 'value': [''], 'metadata_idx': 93}>"
"<Node id=8064 labels={'Literal'} properties={'name': 'Literal', 'order_att': 0, 'value': {'gromet_type': 'LiteralValue', 'value': '""k""', 'value_type': 'List'}, 'order_box': 42}>","<Relationship id=12561 start_node_id=8064 end_node_id=8130 nodes=(8064, 8130) type=Metadata properties={}>","<Node id=8130 labels={'Metadata'} properties={'gromet_version': ['', ''], 'source_language_version': ['3.8', ''], 'variable_definition': ['', ''], 'files': ['', ''], 'source_language': ['Python', ''], 'global_reference_id': ['', ''], 'data_type': [""<class 'str'>"", ''], 'name': ['', ''], 'line_end': [0, 31], 'code_file_reference_uid': ['', 'cd0ebae6-e5dd-f308-c7d3-727b408c0e37'], 'line_begin': [0, 31], 'metadata_type': ['', ''], 'text_extraction': ['', ''], 'col_begin': [0, 15], 'grounding': ['', ''], 'variable_identifier': ['', ''], 'provenance': ['Provenance { method: Some(""skema_code2fn_program_analysis""), timestamp: Some(""2024-02-01 21:11:32.761968"") }', 'Provenance { method: Some(""skema_code2fn_program_analysis""), timestamp: Some(""2024-02-01 21:11:32.761960"") }'], 'col_end': [0, 18], 'value': ['', ''], 'metadata_idx': 94}>"
"<Node id=8065 labels={'Expression'} properties={'name': 'Expression135', 'order_att': 33, 'value': '', 'order_box': 43}>","<Relationship id=12562 start_node_id=8065 end_node_id=8131 nodes=(8065, 8131) type=Metadata properties={}>","<Node id=8131 labels={'Metadata'} properties={'gromet_version': [''], 'source_language_version': [''], 'variable_definition': [''], 'files': [''], 'source_language': [''], 'global_reference_id': [''], 'data_type': [''], 'name': [''], 'line_end': [31], 'code_file_reference_uid': ['cd0ebae6-e5dd-f308-c7d3-727b408c0e37'], 'line_begin': [31], 'metadata_type': [''], 'text_extraction': [''], 'col_begin': [0], 'grounding': [''], 'variable_identifier': [''], 'provenance': ['Provenance { method: Some(""skema_code2fn_program_analysis""), timestamp: Some(""2024-02-01 21:11:32.762009"") }'], 'col_end': [33], 'value': [''], 'metadata_idx': 96}>"
"<Node id=8067 labels={'Literal'} properties={'name': 'Literal', 'order_att': 33, 'value': {'gromet_type': 'LiteralValue', 'value': '""Dead""', 'value_type': 'List'}, 'order_box': 43}>","<Relationship id=12565 start_node_id=8067 end_node_id=8132 nodes=(8067, 8132) type=Metadata properties={}>","<Node id=8132 labels={'Metadata'} properties={'gromet_version': ['', ''], 'source_language_version': ['3.8', ''], 'variable_definition': ['', ''], 'files': ['', ''], 'source_language': ['Python', ''], 'global_reference_id': ['', ''], 'data_type': [""<class 'str'>"", ''], 'name': ['', ''], 'line_end': [0, 31], 'code_file_reference_uid': ['', 'cd0ebae6-e5dd-f308-c7d3-727b408c0e37'], 'line_begin': [0, 31], 'metadata_type': ['', ''], 'text_extraction': ['', ''], 'col_begin': [0, 26], 'grounding': ['', ''], 'variable_identifier': ['', ''], 'provenance': ['Provenance { method: Some(""skema_code2fn_program_analysis""), timestamp: Some(""2024-02-01 21:11:32.762044"") }', 'Provenance { method: Some(""skema_code2fn_program_analysis""), timestamp: Some(""2024-02-01 21:11:32.762033"") }'], 'col_end': [0, 32], 'value': ['', ''], 'metadata_idx': 95}>"
"<Node id=8069 labels={'Primitive'} properties={'name': 'module.xlabel_0', 'order_att': 0, 'value': '', 'order_box': 45}>","<Relationship id=12567 start_node_id=8069 end_node_id=8133 nodes=(8069, 8133) type=Metadata properties={}>","<Node id=8133 labels={'Metadata'} properties={'gromet_version': [''], 'source_language_version': [''], 'variable_definition': [''], 'files': [''], 'source_language': [''], 'global_reference_id': [''], 'data_type': [''], 'name': [''], 'line_end': [32], 'code_file_reference_uid': ['cd0ebae6-e5dd-f308-c7d3-727b408c0e37'], 'line_begin': [32], 'metadata_type': [''], 'text_extraction': [''], 'col_begin': [0], 'grounding': [''], 'variable_identifier': [''], 'provenance': ['Provenance { method: Some(""skema_code2fn_program_analysis""), timestamp: Some(""2024-02-01 21:11:32.762103"") }'], 'col_end': [18], 'value': [''], 'metadata_idx': 97}>"
"<Node id=8070 labels={'Literal'} properties={'name': 'Literal', 'order_att': 0, 'value': {'gromet_type': 'LiteralValue', 'value': '""Time""', 'value_type': 'List'}, 'order_box': 46}>","<Relationship id=12568 start_node_id=8070 end_node_id=8134 nodes=(8070, 8134) type=Metadata properties={}>","<Node id=8134 labels={'Metadata'} properties={'gromet_version': ['', ''], 'source_language_version': ['3.8', ''], 'variable_definition': ['', ''], 'files': ['', ''], 'source_language': ['Python', ''], 'global_reference_id': ['', ''], 'data_type': [""<class 'str'>"", ''], 'name': ['', ''], 'line_end': [0, 32], 'code_file_reference_uid': ['', 'cd0ebae6-e5dd-f308-c7d3-727b408c0e37'], 'line_begin': [0, 32], 'metadata_type': ['', ''], 'text_extraction': ['', ''], 'col_begin': [0, 11], 'grounding': ['', ''], 'variable_identifier': ['', ''], 'provenance': ['Provenance { method: Some(""skema_code2fn_program_analysis""), timestamp: Some(""2024-02-01 21:11:32.762202"") }', 'Provenance { method: Some(""skema_code2fn_program_analysis""), timestamp: Some(""2024-02-01 21:11:32.762194"") }'], 'col_end': [0, 17], 'value': ['', ''], 'metadata_idx': 98}>"
"<Node id=8072 labels={'Primitive'} properties={'name': 'module.ylabel_0', 'order_att': 0, 'value': '', 'order_box': 48}>","<Relationship id=12569 start_node_id=8072 end_node_id=8135 nodes=(8072, 8135) type=Metadata properties={}>","<Node id=8135 labels={'Metadata'} properties={'gromet_version': [''], 'source_language_version': [''], 'variable_definition': [''], 'files': [''], 'source_language': [''], 'global_reference_id': [''], 'data_type': [''], 'name': [''], 'line_end': [33], 'code_file_reference_uid': ['cd0ebae6-e5dd-f308-c7d3-727b408c0e37'], 'line_begin': [33], 'metadata_type': [''], 'text_extraction': [''], 'col_begin': [0], 'grounding': [''], 'variable_identifier': [''], 'provenance': ['Provenance { method: Some(""skema_code2fn_program_analysis""), timestamp: Some(""2024-02-01 21:11:32.762254"") }'], 'col_end': [24], 'value': [''], 'metadata_idx': 99}>"
"<Node id=8073 labels={'Literal'} properties={'name': 'Literal', 'order_att': 0, 'value': {'gromet_type': 'LiteralValue', 'value': '""Population""', 'value_type': 'List'}, 'order_box': 49}>","<Relationship id=12570 start_node_id=8073 end_node_id=8136 nodes=(8073, 8136) type=Metadata properties={}>","<Node id=8136 labels={'Metadata'} properties={'gromet_version': ['', ''], 'source_language_version': ['3.8', ''], 'variable_definition': ['', ''], 'files': ['', ''], 'source_language': ['Python', ''], 'global_reference_id': ['', ''], 'data_type': [""<class 'str'>"", ''], 'name': ['', ''], 'line_end': [0, 33], 'code_file_reference_uid': ['', 'cd0ebae6-e5dd-f308-c7d3-727b408c0e37'], 'line_begin': [0, 33], 'metadata_type': ['', ''], 'text_extraction': ['', ''], 'col_begin': [0, 11], 'grounding': ['', ''], 'variable_identifier': ['', ''], 'provenance': ['Provenance { method: Some(""skema_code2fn_program_analysis""), timestamp: Some(""2024-02-01 21:11:32.762356"") }', 'Provenance { method: Some(""skema_code2fn_program_analysis""), timestamp: Some(""2024-02-01 21:11:32.762346"") }'], 'col_end': [0, 23], 'value': ['', ''], 'metadata_idx': 100}>"
"<Node id=8075 labels={'Primitive'} properties={'name': 'module.legend_0', 'order_att': 0, 'value': '', 'order_box': 51}>","<Relationship id=12571 start_node_id=8075 end_node_id=8137 nodes=(8075, 8137) type=Metadata properties={}>","<Node id=8137 labels={'Metadata'} properties={'gromet_version': [''], 'source_language_version': [''], 'variable_definition': [''], 'files': [''], 'source_language': [''], 'global_reference_id': [''], 'data_type': [''], 'name': [''], 'line_end': [34], 'code_file_reference_uid': ['cd0ebae6-e5dd-f308-c7d3-727b408c0e37'], 'line_begin': [34], 'metadata_type': [''], 'text_extraction': [''], 'col_begin': [0], 'grounding': [''], 'variable_identifier': [''], 'provenance': ['Provenance { method: Some(""skema_code2fn_program_analysis""), timestamp: Some(""2024-02-01 21:11:32.762408"") }'], 'col_end': [12], 'value': [''], 'metadata_idx': 101}>"
"<Node id=8077 labels={'Primitive'} properties={'name': 'module.grid_0', 'order_att': 0, 'value': '', 'order_box': 53}>","<Relationship id=12572 start_node_id=8077 end_node_id=8138 nodes=(8077, 8138) type=Metadata properties={}>","<Node id=8138 labels={'Metadata'} properties={'gromet_version': [''], 'source_language_version': [''], 'variable_definition': [''], 'files': [''], 'source_language': [''], 'global_reference_id': [''], 'data_type': [''], 'name': [''], 'line_end': [35], 'code_file_reference_uid': ['cd0ebae6-e5dd-f308-c7d3-727b408c0e37'], 'line_begin': [35], 'metadata_type': [''], 'text_extraction': [''], 'col_begin': [0], 'grounding': [''], 'variable_identifier': [''], 'provenance': ['Provenance { method: Some(""skema_code2fn_program_analysis""), timestamp: Some(""2024-02-01 21:11:32.762500"") }'], 'col_end': [14], 'value': [''], 'metadata_idx': 102}>"
"<Node id=8078 labels={'Literal'} properties={'name': 'Literal', 'order_att': 0, 'value': {'gromet_type': 'LiteralValue', 'value': '""True""', 'value_type': 'Boolean'}, 'order_box': 54}>","<Relationship id=12573 start_node_id=8078 end_node_id=8139 nodes=(8078, 8139) type=Metadata properties={}>","<Node id=8139 labels={'Metadata'} properties={'gromet_version': ['', ''], 'source_language_version': ['3.8', ''], 'variable_definition': ['', ''], 'files': ['', ''], 'source_language': ['Python', ''], 'global_reference_id': ['', ''], 'data_type': [""<class 'bool'>"", ''], 'name': ['', ''], 'line_end': [0, 35], 'code_file_reference_uid': ['', 'cd0ebae6-e5dd-f308-c7d3-727b408c0e37'], 'line_begin': [0, 35], 'metadata_type': ['', ''], 'text_extraction': ['', ''], 'col_begin': [0, 9], 'grounding': ['', ''], 'variable_identifier': ['', ''], 'provenance': ['Provenance { method: Some(""skema_code2fn_program_analysis""), timestamp: Some(""2024-02-01 21:11:32.762603"") }', 'Provenance { method: Some(""skema_code2fn_program_analysis""), timestamp: Some(""2024-02-01 21:11:32.762593"") }'], 'col_end': [0, 13], 'value': ['', ''], 'metadata_idx': 103}>"
"<Node id=8080 labels={'Primitive'} properties={'name': 'module.show_0', 'order_att': 0, 'value': '', 'order_box': 56}>","<Relationship id=12574 start_node_id=8080 end_node_id=8140 nodes=(8080, 8140) type=Metadata properties={}>","<Node id=8140 labels={'Metadata'} properties={'gromet_version': [''], 'source_language_version': [''], 'variable_definition': [''], 'files': [''], 'source_language': [''], 'global_reference_id': [''], 'data_type': [''], 'name': [''], 'line_end': [36], 'code_file_reference_uid': ['cd0ebae6-e5dd-f308-c7d3-727b408c0e37'], 'line_begin': [36], 'metadata_type': [''], 'text_extraction': [''], 'col_begin': [0], 'grounding': [''], 'variable_identifier': [''], 'provenance': ['Provenance { method: Some(""skema_code2fn_program_analysis""), timestamp: Some(""2024-02-01 21:11:32.762660"") }'], 'col_end': [10], 'value': [''], 'metadata_idx': 104}>"
