c,r,m
"<Node id=9090 labels={'Module'} properties={'name': 'module', 'schema': 'FN', 'filename': 'output-code-46', 'schema_version': '0.1.9'}>","<Relationship id=13901 start_node_id=9090 end_node_id=9091 nodes=(9090, 9091) type=Metadata properties={}>","<Node id=9091 labels={'Metadata'} properties={'gromet_version': [''], 'source_language_version': [''], 'variable_definition': [''], 'files': [''], 'source_language': [''], 'global_reference_id': [''], 'data_type': [''], 'name': [''], 'line_end': [59], 'code_file_reference_uid': ['24b153c7-7ee2-b332-c3ca-5becc031ed64'], 'line_begin': [1], 'metadata_type': [''], 'text_extraction': [''], 'col_begin': [0], 'grounding': [''], 'variable_identifier': [''], 'provenance': ['Provenance { method: Some(""skema_code2fn_program_analysis""), timestamp: Some(""2024-02-01 21:12:35.807731"") }'], 'col_end': [0], 'value': [''], 'metadata_idx': 3}>"
"<Node id=9090 labels={'Module'} properties={'name': 'module', 'schema': 'FN', 'filename': 'output-code-46', 'schema_version': '0.1.9'}>","<Relationship id=13902 start_node_id=9090 end_node_id=9092 nodes=(9090, 9092) type=Contains properties={}>","<Node id=9092 labels={'Primitive'} properties={'name': 'odeint', 'order_att': 0, 'value': '', 'order_box': 1}>"
"<Node id=9090 labels={'Module'} properties={'name': 'module', 'schema': 'FN', 'filename': 'output-code-46', 'schema_version': '0.1.9'}>","<Relationship id=13947 start_node_id=9090 end_node_id=9093 nodes=(9090, 9093) type=Contains properties={'index': 9}>","<Node id=9093 labels={'Expression'} properties={'name': 'Expression2', 'order_att': 9, 'value': '', 'order_box': 2}>"
"<Node id=9093 labels={'Expression'} properties={'name': 'Expression2', 'order_att': 9, 'value': '', 'order_box': 2}>","<Relationship id=14037 start_node_id=9093 end_node_id=9094 nodes=(9093, 9094) type=Port_Of properties={}>","<Node id=9094 labels={'Opo'} properties={'name': 'N', 'order_att': 9, 'value': '', 'order_box': 2}>"
"<Node id=9113 labels={'Opi'} properties={'name': 'un-named', 'order_att': 15, 'value': '', 'order_box': 8}>","<Relationship id=14056 start_node_id=9113 end_node_id=9094 nodes=(9113, 9094) type=Wire properties={}>","<Node id=9094 labels={'Opo'} properties={'name': 'N', 'order_att': 9, 'value': '', 'order_box': 2}>"
"<Node id=9090 labels={'Module'} properties={'name': 'module', 'schema': 'FN', 'filename': 'output-code-46', 'schema_version': '0.1.9'}>","<Relationship id=13953 start_node_id=9090 end_node_id=9095 nodes=(9090, 9095) type=Contains properties={}>","<Node id=9095 labels={'Literal'} properties={'name': 'Literal', 'order_att': 9, 'value': {'gromet_type': 'LiteralValue', 'value': '1000000', 'value_type': 'Integer'}, 'order_box': 2}>"
"<Node id=9094 labels={'Opo'} properties={'name': 'N', 'order_att': 9, 'value': '', 'order_box': 2}>","<Relationship id=14046 start_node_id=9094 end_node_id=9095 nodes=(9094, 9095) type=Wire properties={}>","<Node id=9095 labels={'Literal'} properties={'name': 'Literal', 'order_att': 9, 'value': {'gromet_type': 'LiteralValue', 'value': '1000000', 'value_type': 'Integer'}, 'order_box': 2}>"
"<Node id=9090 labels={'Module'} properties={'name': 'module', 'schema': 'FN', 'filename': 'output-code-46', 'schema_version': '0.1.9'}>","<Relationship id=13968 start_node_id=9090 end_node_id=9096 nodes=(9090, 9096) type=Contains properties={'index': 10}>","<Node id=9096 labels={'Expression'} properties={'name': 'Expression7', 'order_att': 10, 'value': '', 'order_box': 3}>"
"<Node id=9114 labels={'Opi'} properties={'name': 'un-named', 'order_att': 15, 'value': '', 'order_box': 8}>","<Relationship id=14057 start_node_id=9114 end_node_id=9097 nodes=(9114, 9097) type=Wire properties={}>","<Node id=9097 labels={'Opo'} properties={'name': 'E0', 'order_att': 10, 'value': '', 'order_box': 3}>"
"<Node id=9096 labels={'Expression'} properties={'name': 'Expression7', 'order_att': 10, 'value': '', 'order_box': 3}>","<Relationship id=14096 start_node_id=9096 end_node_id=9097 nodes=(9096, 9097) type=Port_Of properties={}>","<Node id=9097 labels={'Opo'} properties={'name': 'E0', 'order_att': 10, 'value': '', 'order_box': 3}>"
"<Node id=9090 labels={'Module'} properties={'name': 'module', 'schema': 'FN', 'filename': 'output-code-46', 'schema_version': '0.1.9'}>","<Relationship id=13978 start_node_id=9090 end_node_id=9098 nodes=(9090, 9098) type=Contains properties={}>","<Node id=9098 labels={'Literal'} properties={'name': 'Literal', 'order_att': 10, 'value': {'gromet_type': 'LiteralValue', 'value': '10', 'value_type': 'Integer'}, 'order_box': 3}>"
"<Node id=9097 labels={'Opo'} properties={'name': 'E0', 'order_att': 10, 'value': '', 'order_box': 3}>","<Relationship id=14105 start_node_id=9097 end_node_id=9098 nodes=(9097, 9098) type=Wire properties={}>","<Node id=9098 labels={'Literal'} properties={'name': 'Literal', 'order_att': 10, 'value': {'gromet_type': 'LiteralValue', 'value': '10', 'value_type': 'Integer'}, 'order_box': 3}>"
"<Node id=9090 labels={'Module'} properties={'name': 'module', 'schema': 'FN', 'filename': 'output-code-46', 'schema_version': '0.1.9'}>","<Relationship id=13910 start_node_id=9090 end_node_id=9099 nodes=(9090, 9099) type=Contains properties={'index': 11}>","<Node id=9099 labels={'Expression'} properties={'name': 'Expression12', 'order_att': 11, 'value': '', 'order_box': 4}>"
"<Node id=9099 labels={'Expression'} properties={'name': 'Expression12', 'order_att': 11, 'value': '', 'order_box': 4}>","<Relationship id=13990 start_node_id=9099 end_node_id=9100 nodes=(9099, 9100) type=Port_Of properties={}>","<Node id=9100 labels={'Opo'} properties={'name': 'I0', 'order_att': 11, 'value': '', 'order_box': 4}>"
"<Node id=9115 labels={'Opi'} properties={'name': 'un-named', 'order_att': 15, 'value': '', 'order_box': 8}>","<Relationship id=14058 start_node_id=9115 end_node_id=9100 nodes=(9115, 9100) type=Wire properties={}>","<Node id=9100 labels={'Opo'} properties={'name': 'I0', 'order_att': 11, 'value': '', 'order_box': 4}>"
"<Node id=9090 labels={'Module'} properties={'name': 'module', 'schema': 'FN', 'filename': 'output-code-46', 'schema_version': '0.1.9'}>","<Relationship id=13920 start_node_id=9090 end_node_id=9101 nodes=(9090, 9101) type=Contains properties={}>","<Node id=9101 labels={'Literal'} properties={'name': 'Literal', 'order_att': 11, 'value': {'gromet_type': 'LiteralValue', 'value': '1', 'value_type': 'Integer'}, 'order_box': 4}>"
"<Node id=9100 labels={'Opo'} properties={'name': 'I0', 'order_att': 11, 'value': '', 'order_box': 4}>","<Relationship id=14000 start_node_id=9100 end_node_id=9101 nodes=(9100, 9101) type=Wire properties={}>","<Node id=9101 labels={'Literal'} properties={'name': 'Literal', 'order_att': 11, 'value': {'gromet_type': 'LiteralValue', 'value': '1', 'value_type': 'Integer'}, 'order_box': 4}>"
"<Node id=9090 labels={'Module'} properties={'name': 'module', 'schema': 'FN', 'filename': 'output-code-46', 'schema_version': '0.1.9'}>","<Relationship id=13934 start_node_id=9090 end_node_id=9102 nodes=(9090, 9102) type=Contains properties={'index': 12}>","<Node id=9102 labels={'Expression'} properties={'name': 'Expression17', 'order_att': 12, 'value': '', 'order_box': 5}>"
"<Node id=9102 labels={'Expression'} properties={'name': 'Expression17', 'order_att': 12, 'value': '', 'order_box': 5}>","<Relationship id=14026 start_node_id=9102 end_node_id=9103 nodes=(9102, 9103) type=Port_Of properties={}>","<Node id=9103 labels={'Opo'} properties={'name': 'R0', 'order_att': 12, 'value': '', 'order_box': 5}>"
"<Node id=9116 labels={'Opi'} properties={'name': 'un-named', 'order_att': 15, 'value': '', 'order_box': 8}>","<Relationship id=14059 start_node_id=9116 end_node_id=9103 nodes=(9116, 9103) type=Wire properties={}>","<Node id=9103 labels={'Opo'} properties={'name': 'R0', 'order_att': 12, 'value': '', 'order_box': 5}>"
"<Node id=9090 labels={'Module'} properties={'name': 'module', 'schema': 'FN', 'filename': 'output-code-46', 'schema_version': '0.1.9'}>","<Relationship id=13945 start_node_id=9090 end_node_id=9104 nodes=(9090, 9104) type=Contains properties={}>","<Node id=9104 labels={'Literal'} properties={'name': 'Literal', 'order_att': 12, 'value': {'gromet_type': 'LiteralValue', 'value': '0', 'value_type': 'Integer'}, 'order_box': 5}>"
"<Node id=9103 labels={'Opo'} properties={'name': 'R0', 'order_att': 12, 'value': '', 'order_box': 5}>","<Relationship id=14030 start_node_id=9103 end_node_id=9104 nodes=(9103, 9104) type=Wire properties={}>","<Node id=9104 labels={'Literal'} properties={'name': 'Literal', 'order_att': 12, 'value': {'gromet_type': 'LiteralValue', 'value': '0', 'value_type': 'Integer'}, 'order_box': 5}>"
"<Node id=9090 labels={'Module'} properties={'name': 'module', 'schema': 'FN', 'filename': 'output-code-46', 'schema_version': '0.1.9'}>","<Relationship id=13948 start_node_id=9090 end_node_id=9105 nodes=(9090, 9105) type=Contains properties={'index': 13}>","<Node id=9105 labels={'Expression'} properties={'name': 'Expression22', 'order_att': 13, 'value': '', 'order_box': 6}>"
"<Node id=9105 labels={'Expression'} properties={'name': 'Expression22', 'order_att': 13, 'value': '', 'order_box': 6}>","<Relationship id=14039 start_node_id=9105 end_node_id=9106 nodes=(9105, 9106) type=Port_Of properties={}>","<Node id=9106 labels={'Opo'} properties={'name': 'H0', 'order_att': 13, 'value': '', 'order_box': 6}>"
"<Node id=9117 labels={'Opi'} properties={'name': 'un-named', 'order_att': 15, 'value': '', 'order_box': 8}>","<Relationship id=14060 start_node_id=9117 end_node_id=9106 nodes=(9117, 9106) type=Wire properties={}>","<Node id=9106 labels={'Opo'} properties={'name': 'H0', 'order_att': 13, 'value': '', 'order_box': 6}>"
"<Node id=9090 labels={'Module'} properties={'name': 'module', 'schema': 'FN', 'filename': 'output-code-46', 'schema_version': '0.1.9'}>","<Relationship id=13949 start_node_id=9090 end_node_id=9107 nodes=(9090, 9107) type=Contains properties={}>","<Node id=9107 labels={'Literal'} properties={'name': 'Literal', 'order_att': 13, 'value': {'gromet_type': 'LiteralValue', 'value': '0', 'value_type': 'Integer'}, 'order_box': 6}>"
"<Node id=9106 labels={'Opo'} properties={'name': 'H0', 'order_att': 13, 'value': '', 'order_box': 6}>","<Relationship id=14040 start_node_id=9106 end_node_id=9107 nodes=(9106, 9107) type=Wire properties={}>","<Node id=9107 labels={'Literal'} properties={'name': 'Literal', 'order_att': 13, 'value': {'gromet_type': 'LiteralValue', 'value': '0', 'value_type': 'Integer'}, 'order_box': 6}>"
"<Node id=9090 labels={'Module'} properties={'name': 'module', 'schema': 'FN', 'filename': 'output-code-46', 'schema_version': '0.1.9'}>","<Relationship id=13950 start_node_id=9090 end_node_id=9108 nodes=(9090, 9108) type=Contains properties={'index': 14}>","<Node id=9108 labels={'Expression'} properties={'name': 'Expression27', 'order_att': 14, 'value': '', 'order_box': 7}>"
"<Node id=9108 labels={'Expression'} properties={'name': 'Expression27', 'order_att': 14, 'value': '', 'order_box': 7}>","<Relationship id=14043 start_node_id=9108 end_node_id=9109 nodes=(9108, 9109) type=Port_Of properties={}>","<Node id=9109 labels={'Opo'} properties={'name': 'D0', 'order_att': 14, 'value': '', 'order_box': 7}>"
"<Node id=9118 labels={'Opi'} properties={'name': 'un-named', 'order_att': 15, 'value': '', 'order_box': 8}>","<Relationship id=14061 start_node_id=9118 end_node_id=9109 nodes=(9118, 9109) type=Wire properties={}>","<Node id=9109 labels={'Opo'} properties={'name': 'D0', 'order_att': 14, 'value': '', 'order_box': 7}>"
"<Node id=9090 labels={'Module'} properties={'name': 'module', 'schema': 'FN', 'filename': 'output-code-46', 'schema_version': '0.1.9'}>","<Relationship id=13951 start_node_id=9090 end_node_id=9110 nodes=(9090, 9110) type=Contains properties={}>","<Node id=9110 labels={'Literal'} properties={'name': 'Literal', 'order_att': 14, 'value': {'gromet_type': 'LiteralValue', 'value': '0', 'value_type': 'Integer'}, 'order_box': 7}>"
"<Node id=9109 labels={'Opo'} properties={'name': 'D0', 'order_att': 14, 'value': '', 'order_box': 7}>","<Relationship id=14044 start_node_id=9109 end_node_id=9110 nodes=(9109, 9110) type=Wire properties={}>","<Node id=9110 labels={'Literal'} properties={'name': 'Literal', 'order_att': 14, 'value': {'gromet_type': 'LiteralValue', 'value': '0', 'value_type': 'Integer'}, 'order_box': 7}>"
"<Node id=9090 labels={'Module'} properties={'name': 'module', 'schema': 'FN', 'filename': 'output-code-46', 'schema_version': '0.1.9'}>","<Relationship id=13952 start_node_id=9090 end_node_id=9111 nodes=(9090, 9111) type=Contains properties={'index': 15}>","<Node id=9111 labels={'Expression'} properties={'name': 'Expression32', 'order_att': 15, 'value': '', 'order_box': 8}>"
"<Node id=9111 labels={'Expression'} properties={'name': 'Expression32', 'order_att': 15, 'value': '', 'order_box': 8}>","<Relationship id=14048 start_node_id=9111 end_node_id=9112 nodes=(9111, 9112) type=Port_Of properties={}>","<Node id=9112 labels={'Opo'} properties={'name': 'S0', 'order_att': 15, 'value': '', 'order_box': 8}>"
"<Node id=9111 labels={'Expression'} properties={'name': 'Expression32', 'order_att': 15, 'value': '', 'order_box': 8}>","<Relationship id=14049 start_node_id=9111 end_node_id=9113 nodes=(9111, 9113) type=Port_Of properties={}>","<Node id=9113 labels={'Opi'} properties={'name': 'un-named', 'order_att': 15, 'value': '', 'order_box': 8}>"
"<Node id=9119 labels={'Primitive'} properties={'name': 'ast.Sub', 'order_att': 15, 'value': '', 'order_box': 8}>","<Relationship id=14064 start_node_id=9119 end_node_id=9113 nodes=(9119, 9113) type=Wire properties={'index': 0}>","<Node id=9113 labels={'Opi'} properties={'name': 'un-named', 'order_att': 15, 'value': '', 'order_box': 8}>"
"<Node id=9111 labels={'Expression'} properties={'name': 'Expression32', 'order_att': 15, 'value': '', 'order_box': 8}>","<Relationship id=14050 start_node_id=9111 end_node_id=9114 nodes=(9111, 9114) type=Port_Of properties={}>","<Node id=9114 labels={'Opi'} properties={'name': 'un-named', 'order_att': 15, 'value': '', 'order_box': 8}>"
"<Node id=9119 labels={'Primitive'} properties={'name': 'ast.Sub', 'order_att': 15, 'value': '', 'order_box': 8}>","<Relationship id=14065 start_node_id=9119 end_node_id=9114 nodes=(9119, 9114) type=Wire properties={'index': 1}>","<Node id=9114 labels={'Opi'} properties={'name': 'un-named', 'order_att': 15, 'value': '', 'order_box': 8}>"
"<Node id=9111 labels={'Expression'} properties={'name': 'Expression32', 'order_att': 15, 'value': '', 'order_box': 8}>","<Relationship id=14051 start_node_id=9111 end_node_id=9115 nodes=(9111, 9115) type=Port_Of properties={}>","<Node id=9115 labels={'Opi'} properties={'name': 'un-named', 'order_att': 15, 'value': '', 'order_box': 8}>"
"<Node id=9120 labels={'Primitive'} properties={'name': 'ast.Sub', 'order_att': 15, 'value': '', 'order_box': 8}>","<Relationship id=14067 start_node_id=9120 end_node_id=9115 nodes=(9120, 9115) type=Wire properties={'index': 1}>","<Node id=9115 labels={'Opi'} properties={'name': 'un-named', 'order_att': 15, 'value': '', 'order_box': 8}>"
"<Node id=9111 labels={'Expression'} properties={'name': 'Expression32', 'order_att': 15, 'value': '', 'order_box': 8}>","<Relationship id=14052 start_node_id=9111 end_node_id=9116 nodes=(9111, 9116) type=Port_Of properties={}>","<Node id=9116 labels={'Opi'} properties={'name': 'un-named', 'order_att': 15, 'value': '', 'order_box': 8}>"
"<Node id=9121 labels={'Primitive'} properties={'name': 'ast.Sub', 'order_att': 15, 'value': '', 'order_box': 8}>","<Relationship id=14070 start_node_id=9121 end_node_id=9116 nodes=(9121, 9116) type=Wire properties={'index': 1}>","<Node id=9116 labels={'Opi'} properties={'name': 'un-named', 'order_att': 15, 'value': '', 'order_box': 8}>"
"<Node id=9111 labels={'Expression'} properties={'name': 'Expression32', 'order_att': 15, 'value': '', 'order_box': 8}>","<Relationship id=14053 start_node_id=9111 end_node_id=9117 nodes=(9111, 9117) type=Port_Of properties={}>","<Node id=9117 labels={'Opi'} properties={'name': 'un-named', 'order_att': 15, 'value': '', 'order_box': 8}>"
"<Node id=9122 labels={'Primitive'} properties={'name': 'ast.Sub', 'order_att': 15, 'value': '', 'order_box': 8}>","<Relationship id=14073 start_node_id=9122 end_node_id=9117 nodes=(9122, 9117) type=Wire properties={'index': 1}>","<Node id=9117 labels={'Opi'} properties={'name': 'un-named', 'order_att': 15, 'value': '', 'order_box': 8}>"
"<Node id=9111 labels={'Expression'} properties={'name': 'Expression32', 'order_att': 15, 'value': '', 'order_box': 8}>","<Relationship id=14054 start_node_id=9111 end_node_id=9118 nodes=(9111, 9118) type=Port_Of properties={}>","<Node id=9118 labels={'Opi'} properties={'name': 'un-named', 'order_att': 15, 'value': '', 'order_box': 8}>"
"<Node id=9123 labels={'Primitive'} properties={'name': 'ast.Sub', 'order_att': 15, 'value': '', 'order_box': 8}>","<Relationship id=14076 start_node_id=9123 end_node_id=9118 nodes=(9123, 9118) type=Wire properties={'index': 1}>","<Node id=9118 labels={'Opi'} properties={'name': 'un-named', 'order_att': 15, 'value': '', 'order_box': 8}>"
"<Node id=9090 labels={'Module'} properties={'name': 'module', 'schema': 'FN', 'filename': 'output-code-46', 'schema_version': '0.1.9'}>","<Relationship id=13954 start_node_id=9090 end_node_id=9119 nodes=(9090, 9119) type=Contains properties={}>","<Node id=9119 labels={'Primitive'} properties={'name': 'ast.Sub', 'order_att': 15, 'value': '', 'order_box': 8}>"
"<Node id=9120 labels={'Primitive'} properties={'name': 'ast.Sub', 'order_att': 15, 'value': '', 'order_box': 8}>","<Relationship id=14068 start_node_id=9120 end_node_id=9119 nodes=(9120, 9119) type=Wire properties={'index': 0}>","<Node id=9119 labels={'Primitive'} properties={'name': 'ast.Sub', 'order_att': 15, 'value': '', 'order_box': 8}>"
"<Node id=9090 labels={'Module'} properties={'name': 'module', 'schema': 'FN', 'filename': 'output-code-46', 'schema_version': '0.1.9'}>","<Relationship id=13955 start_node_id=9090 end_node_id=9120 nodes=(9090, 9120) type=Contains properties={}>","<Node id=9120 labels={'Primitive'} properties={'name': 'ast.Sub', 'order_att': 15, 'value': '', 'order_box': 8}>"
"<Node id=9121 labels={'Primitive'} properties={'name': 'ast.Sub', 'order_att': 15, 'value': '', 'order_box': 8}>","<Relationship id=14071 start_node_id=9121 end_node_id=9120 nodes=(9121, 9120) type=Wire properties={'index': 0}>","<Node id=9120 labels={'Primitive'} properties={'name': 'ast.Sub', 'order_att': 15, 'value': '', 'order_box': 8}>"
"<Node id=9090 labels={'Module'} properties={'name': 'module', 'schema': 'FN', 'filename': 'output-code-46', 'schema_version': '0.1.9'}>","<Relationship id=13956 start_node_id=9090 end_node_id=9121 nodes=(9090, 9121) type=Contains properties={}>","<Node id=9121 labels={'Primitive'} properties={'name': 'ast.Sub', 'order_att': 15, 'value': '', 'order_box': 8}>"
"<Node id=9122 labels={'Primitive'} properties={'name': 'ast.Sub', 'order_att': 15, 'value': '', 'order_box': 8}>","<Relationship id=14074 start_node_id=9122 end_node_id=9121 nodes=(9122, 9121) type=Wire properties={'index': 0}>","<Node id=9121 labels={'Primitive'} properties={'name': 'ast.Sub', 'order_att': 15, 'value': '', 'order_box': 8}>"
"<Node id=9090 labels={'Module'} properties={'name': 'module', 'schema': 'FN', 'filename': 'output-code-46', 'schema_version': '0.1.9'}>","<Relationship id=13957 start_node_id=9090 end_node_id=9122 nodes=(9090, 9122) type=Contains properties={}>","<Node id=9122 labels={'Primitive'} properties={'name': 'ast.Sub', 'order_att': 15, 'value': '', 'order_box': 8}>"
"<Node id=9123 labels={'Primitive'} properties={'name': 'ast.Sub', 'order_att': 15, 'value': '', 'order_box': 8}>","<Relationship id=14077 start_node_id=9123 end_node_id=9122 nodes=(9123, 9122) type=Wire properties={'index': 0}>","<Node id=9122 labels={'Primitive'} properties={'name': 'ast.Sub', 'order_att': 15, 'value': '', 'order_box': 8}>"
"<Node id=9090 labels={'Module'} properties={'name': 'module', 'schema': 'FN', 'filename': 'output-code-46', 'schema_version': '0.1.9'}>","<Relationship id=13958 start_node_id=9090 end_node_id=9123 nodes=(9090, 9123) type=Contains properties={}>","<Node id=9123 labels={'Primitive'} properties={'name': 'ast.Sub', 'order_att': 15, 'value': '', 'order_box': 8}>"
"<Node id=9112 labels={'Opo'} properties={'name': 'S0', 'order_att': 15, 'value': '', 'order_box': 8}>","<Relationship id=14055 start_node_id=9112 end_node_id=9123 nodes=(9112, 9123) type=Wire properties={}>","<Node id=9123 labels={'Primitive'} properties={'name': 'ast.Sub', 'order_att': 15, 'value': '', 'order_box': 8}>"
"<Node id=9090 labels={'Module'} properties={'name': 'module', 'schema': 'FN', 'filename': 'output-code-46', 'schema_version': '0.1.9'}>","<Relationship id=13959 start_node_id=9090 end_node_id=9124 nodes=(9090, 9124) type=Contains properties={'index': 16}>","<Node id=9124 labels={'Expression'} properties={'name': 'Expression51', 'order_att': 16, 'value': '', 'order_box': 9}>"
"<Node id=9124 labels={'Expression'} properties={'name': 'Expression51', 'order_att': 16, 'value': '', 'order_box': 9}>","<Relationship id=14079 start_node_id=9124 end_node_id=9125 nodes=(9124, 9125) type=Port_Of properties={}>","<Node id=9125 labels={'Opo'} properties={'name': 'beta', 'order_att': 16, 'value': '', 'order_box': 9}>"
"<Node id=9090 labels={'Module'} properties={'name': 'module', 'schema': 'FN', 'filename': 'output-code-46', 'schema_version': '0.1.9'}>","<Relationship id=13960 start_node_id=9090 end_node_id=9126 nodes=(9090, 9126) type=Contains properties={}>","<Node id=9126 labels={'Literal'} properties={'name': 'Literal', 'order_att': 16, 'value': {'gromet_type': 'LiteralValue', 'value': '0.2', 'value_type': 'AbstractFloat'}, 'order_box': 9}>"
"<Node id=9125 labels={'Opo'} properties={'name': 'beta', 'order_att': 16, 'value': '', 'order_box': 9}>","<Relationship id=14080 start_node_id=9125 end_node_id=9126 nodes=(9125, 9126) type=Wire properties={}>","<Node id=9126 labels={'Literal'} properties={'name': 'Literal', 'order_att': 16, 'value': {'gromet_type': 'LiteralValue', 'value': '0.2', 'value_type': 'AbstractFloat'}, 'order_box': 9}>"
"<Node id=9090 labels={'Module'} properties={'name': 'module', 'schema': 'FN', 'filename': 'output-code-46', 'schema_version': '0.1.9'}>","<Relationship id=13961 start_node_id=9090 end_node_id=9127 nodes=(9090, 9127) type=Contains properties={'index': 17}>","<Node id=9127 labels={'Expression'} properties={'name': 'Expression56', 'order_att': 17, 'value': '', 'order_box': 10}>"
"<Node id=9127 labels={'Expression'} properties={'name': 'Expression56', 'order_att': 17, 'value': '', 'order_box': 10}>","<Relationship id=14083 start_node_id=9127 end_node_id=9128 nodes=(9127, 9128) type=Port_Of properties={}>","<Node id=9128 labels={'Opo'} properties={'name': 'sigma', 'order_att': 17, 'value': '', 'order_box': 10}>"
"<Node id=9090 labels={'Module'} properties={'name': 'module', 'schema': 'FN', 'filename': 'output-code-46', 'schema_version': '0.1.9'}>","<Relationship id=13962 start_node_id=9090 end_node_id=9129 nodes=(9090, 9129) type=Contains properties={}>","<Node id=9129 labels={'Literal'} properties={'name': 'Literal', 'order_att': 17, 'value': {'gromet_type': 'LiteralValue', 'value': '1', 'value_type': 'Integer'}, 'order_box': 10}>"
"<Node id=9131 labels={'Primitive'} properties={'name': 'ast.Div', 'order_att': 17, 'value': '', 'order_box': 10}>","<Relationship id=14088 start_node_id=9131 end_node_id=9129 nodes=(9131, 9129) type=Wire properties={'index': 0}>","<Node id=9129 labels={'Literal'} properties={'name': 'Literal', 'order_att': 17, 'value': {'gromet_type': 'LiteralValue', 'value': '1', 'value_type': 'Integer'}, 'order_box': 10}>"
"<Node id=9090 labels={'Module'} properties={'name': 'module', 'schema': 'FN', 'filename': 'output-code-46', 'schema_version': '0.1.9'}>","<Relationship id=13963 start_node_id=9090 end_node_id=9130 nodes=(9090, 9130) type=Contains properties={}>","<Node id=9130 labels={'Literal'} properties={'name': 'Literal', 'order_att': 17, 'value': {'gromet_type': 'LiteralValue', 'value': '5', 'value_type': 'Integer'}, 'order_box': 10}>"
"<Node id=9131 labels={'Primitive'} properties={'name': 'ast.Div', 'order_att': 17, 'value': '', 'order_box': 10}>","<Relationship id=14089 start_node_id=9131 end_node_id=9130 nodes=(9131, 9130) type=Wire properties={'index': 1}>","<Node id=9130 labels={'Literal'} properties={'name': 'Literal', 'order_att': 17, 'value': {'gromet_type': 'LiteralValue', 'value': '5', 'value_type': 'Integer'}, 'order_box': 10}>"
"<Node id=9090 labels={'Module'} properties={'name': 'module', 'schema': 'FN', 'filename': 'output-code-46', 'schema_version': '0.1.9'}>","<Relationship id=13964 start_node_id=9090 end_node_id=9131 nodes=(9090, 9131) type=Contains properties={}>","<Node id=9131 labels={'Primitive'} properties={'name': 'ast.Div', 'order_att': 17, 'value': '', 'order_box': 10}>"
"<Node id=9128 labels={'Opo'} properties={'name': 'sigma', 'order_att': 17, 'value': '', 'order_box': 10}>","<Relationship id=14084 start_node_id=9128 end_node_id=9131 nodes=(9128, 9131) type=Wire properties={}>","<Node id=9131 labels={'Primitive'} properties={'name': 'ast.Div', 'order_att': 17, 'value': '', 'order_box': 10}>"
"<Node id=9090 labels={'Module'} properties={'name': 'module', 'schema': 'FN', 'filename': 'output-code-46', 'schema_version': '0.1.9'}>","<Relationship id=13965 start_node_id=9090 end_node_id=9132 nodes=(9090, 9132) type=Contains properties={'index': 18}>","<Node id=9132 labels={'Expression'} properties={'name': 'Expression65', 'order_att': 18, 'value': '', 'order_box': 11}>"
"<Node id=9132 labels={'Expression'} properties={'name': 'Expression65', 'order_att': 18, 'value': '', 'order_box': 11}>","<Relationship id=14091 start_node_id=9132 end_node_id=9133 nodes=(9132, 9133) type=Port_Of properties={}>","<Node id=9133 labels={'Opo'} properties={'name': 'gamma', 'order_att': 18, 'value': '', 'order_box': 11}>"
"<Node id=9090 labels={'Module'} properties={'name': 'module', 'schema': 'FN', 'filename': 'output-code-46', 'schema_version': '0.1.9'}>","<Relationship id=13966 start_node_id=9090 end_node_id=9134 nodes=(9090, 9134) type=Contains properties={}>","<Node id=9134 labels={'Literal'} properties={'name': 'Literal', 'order_att': 18, 'value': {'gromet_type': 'LiteralValue', 'value': '1', 'value_type': 'Integer'}, 'order_box': 11}>"
"<Node id=9136 labels={'Primitive'} properties={'name': 'ast.Div', 'order_att': 18, 'value': '', 'order_box': 11}>","<Relationship id=14098 start_node_id=9136 end_node_id=9134 nodes=(9136, 9134) type=Wire properties={'index': 0}>","<Node id=9134 labels={'Literal'} properties={'name': 'Literal', 'order_att': 18, 'value': {'gromet_type': 'LiteralValue', 'value': '1', 'value_type': 'Integer'}, 'order_box': 11}>"
"<Node id=9090 labels={'Module'} properties={'name': 'module', 'schema': 'FN', 'filename': 'output-code-46', 'schema_version': '0.1.9'}>","<Relationship id=13967 start_node_id=9090 end_node_id=9135 nodes=(9090, 9135) type=Contains properties={}>","<Node id=9135 labels={'Literal'} properties={'name': 'Literal', 'order_att': 18, 'value': {'gromet_type': 'LiteralValue', 'value': '10', 'value_type': 'Integer'}, 'order_box': 11}>"
"<Node id=9136 labels={'Primitive'} properties={'name': 'ast.Div', 'order_att': 18, 'value': '', 'order_box': 11}>","<Relationship id=14099 start_node_id=9136 end_node_id=9135 nodes=(9136, 9135) type=Wire properties={'index': 1}>","<Node id=9135 labels={'Literal'} properties={'name': 'Literal', 'order_att': 18, 'value': {'gromet_type': 'LiteralValue', 'value': '10', 'value_type': 'Integer'}, 'order_box': 11}>"
"<Node id=9090 labels={'Module'} properties={'name': 'module', 'schema': 'FN', 'filename': 'output-code-46', 'schema_version': '0.1.9'}>","<Relationship id=13969 start_node_id=9090 end_node_id=9136 nodes=(9090, 9136) type=Contains properties={}>","<Node id=9136 labels={'Primitive'} properties={'name': 'ast.Div', 'order_att': 18, 'value': '', 'order_box': 11}>"
"<Node id=9133 labels={'Opo'} properties={'name': 'gamma', 'order_att': 18, 'value': '', 'order_box': 11}>","<Relationship id=14092 start_node_id=9133 end_node_id=9136 nodes=(9133, 9136) type=Wire properties={}>","<Node id=9136 labels={'Primitive'} properties={'name': 'ast.Div', 'order_att': 18, 'value': '', 'order_box': 11}>"
"<Node id=9090 labels={'Module'} properties={'name': 'module', 'schema': 'FN', 'filename': 'output-code-46', 'schema_version': '0.1.9'}>","<Relationship id=13970 start_node_id=9090 end_node_id=9137 nodes=(9090, 9137) type=Contains properties={'index': 19}>","<Node id=9137 labels={'Expression'} properties={'name': 'Expression74', 'order_att': 19, 'value': '', 'order_box': 12}>"
"<Node id=9137 labels={'Expression'} properties={'name': 'Expression74', 'order_att': 19, 'value': '', 'order_box': 12}>","<Relationship id=14101 start_node_id=9137 end_node_id=9138 nodes=(9137, 9138) type=Port_Of properties={}>","<Node id=9138 labels={'Opo'} properties={'name': 'delta', 'order_att': 19, 'value': '', 'order_box': 12}>"
"<Node id=9090 labels={'Module'} properties={'name': 'module', 'schema': 'FN', 'filename': 'output-code-46', 'schema_version': '0.1.9'}>","<Relationship id=13971 start_node_id=9090 end_node_id=9139 nodes=(9090, 9139) type=Contains properties={}>","<Node id=9139 labels={'Literal'} properties={'name': 'Literal', 'order_att': 19, 'value': {'gromet_type': 'LiteralValue', 'value': '1', 'value_type': 'Integer'}, 'order_box': 12}>"
"<Node id=9141 labels={'Primitive'} properties={'name': 'ast.Div', 'order_att': 19, 'value': '', 'order_box': 12}>","<Relationship id=14107 start_node_id=9141 end_node_id=9139 nodes=(9141, 9139) type=Wire properties={'index': 0}>","<Node id=9139 labels={'Literal'} properties={'name': 'Literal', 'order_att': 19, 'value': {'gromet_type': 'LiteralValue', 'value': '1', 'value_type': 'Integer'}, 'order_box': 12}>"
"<Node id=9090 labels={'Module'} properties={'name': 'module', 'schema': 'FN', 'filename': 'output-code-46', 'schema_version': '0.1.9'}>","<Relationship id=13972 start_node_id=9090 end_node_id=9140 nodes=(9090, 9140) type=Contains properties={}>","<Node id=9140 labels={'Literal'} properties={'name': 'Literal', 'order_att': 19, 'value': {'gromet_type': 'LiteralValue', 'value': '2', 'value_type': 'Integer'}, 'order_box': 12}>"
"<Node id=9141 labels={'Primitive'} properties={'name': 'ast.Div', 'order_att': 19, 'value': '', 'order_box': 12}>","<Relationship id=14108 start_node_id=9141 end_node_id=9140 nodes=(9141, 9140) type=Wire properties={'index': 1}>","<Node id=9140 labels={'Literal'} properties={'name': 'Literal', 'order_att': 19, 'value': {'gromet_type': 'LiteralValue', 'value': '2', 'value_type': 'Integer'}, 'order_box': 12}>"
"<Node id=9090 labels={'Module'} properties={'name': 'module', 'schema': 'FN', 'filename': 'output-code-46', 'schema_version': '0.1.9'}>","<Relationship id=13973 start_node_id=9090 end_node_id=9141 nodes=(9090, 9141) type=Contains properties={}>","<Node id=9141 labels={'Primitive'} properties={'name': 'ast.Div', 'order_att': 19, 'value': '', 'order_box': 12}>"
"<Node id=9138 labels={'Opo'} properties={'name': 'delta', 'order_att': 19, 'value': '', 'order_box': 12}>","<Relationship id=14102 start_node_id=9138 end_node_id=9141 nodes=(9138, 9141) type=Wire properties={}>","<Node id=9141 labels={'Primitive'} properties={'name': 'ast.Div', 'order_att': 19, 'value': '', 'order_box': 12}>"
"<Node id=9090 labels={'Module'} properties={'name': 'module', 'schema': 'FN', 'filename': 'output-code-46', 'schema_version': '0.1.9'}>","<Relationship id=13974 start_node_id=9090 end_node_id=9142 nodes=(9090, 9142) type=Contains properties={'index': 20}>","<Node id=9142 labels={'Expression'} properties={'name': 'Expression83', 'order_att': 20, 'value': '', 'order_box': 13}>"
"<Node id=9142 labels={'Expression'} properties={'name': 'Expression83', 'order_att': 20, 'value': '', 'order_box': 13}>","<Relationship id=14110 start_node_id=9142 end_node_id=9143 nodes=(9142, 9143) type=Port_Of properties={}>","<Node id=9143 labels={'Opo'} properties={'name': 'mu', 'order_att': 20, 'value': '', 'order_box': 13}>"
"<Node id=9090 labels={'Module'} properties={'name': 'module', 'schema': 'FN', 'filename': 'output-code-46', 'schema_version': '0.1.9'}>","<Relationship id=13975 start_node_id=9090 end_node_id=9144 nodes=(9090, 9144) type=Contains properties={}>","<Node id=9144 labels={'Literal'} properties={'name': 'Literal', 'order_att': 20, 'value': {'gromet_type': 'LiteralValue', 'value': '1', 'value_type': 'Integer'}, 'order_box': 13}>"
"<Node id=9146 labels={'Primitive'} properties={'name': 'ast.Div', 'order_att': 20, 'value': '', 'order_box': 13}>","<Relationship id=14115 start_node_id=9146 end_node_id=9144 nodes=(9146, 9144) type=Wire properties={'index': 0}>","<Node id=9144 labels={'Literal'} properties={'name': 'Literal', 'order_att': 20, 'value': {'gromet_type': 'LiteralValue', 'value': '1', 'value_type': 'Integer'}, 'order_box': 13}>"
"<Node id=9090 labels={'Module'} properties={'name': 'module', 'schema': 'FN', 'filename': 'output-code-46', 'schema_version': '0.1.9'}>","<Relationship id=13976 start_node_id=9090 end_node_id=9145 nodes=(9090, 9145) type=Contains properties={}>","<Node id=9145 labels={'Literal'} properties={'name': 'Literal', 'order_att': 20, 'value': {'gromet_type': 'LiteralValue', 'value': '20', 'value_type': 'Integer'}, 'order_box': 13}>"
"<Node id=9146 labels={'Primitive'} properties={'name': 'ast.Div', 'order_att': 20, 'value': '', 'order_box': 13}>","<Relationship id=14116 start_node_id=9146 end_node_id=9145 nodes=(9146, 9145) type=Wire properties={'index': 1}>","<Node id=9145 labels={'Literal'} properties={'name': 'Literal', 'order_att': 20, 'value': {'gromet_type': 'LiteralValue', 'value': '20', 'value_type': 'Integer'}, 'order_box': 13}>"
"<Node id=9090 labels={'Module'} properties={'name': 'module', 'schema': 'FN', 'filename': 'output-code-46', 'schema_version': '0.1.9'}>","<Relationship id=13977 start_node_id=9090 end_node_id=9146 nodes=(9090, 9146) type=Contains properties={}>","<Node id=9146 labels={'Primitive'} properties={'name': 'ast.Div', 'order_att': 20, 'value': '', 'order_box': 13}>"
"<Node id=9143 labels={'Opo'} properties={'name': 'mu', 'order_att': 20, 'value': '', 'order_box': 13}>","<Relationship id=14111 start_node_id=9143 end_node_id=9146 nodes=(9143, 9146) type=Wire properties={}>","<Node id=9146 labels={'Primitive'} properties={'name': 'ast.Div', 'order_att': 20, 'value': '', 'order_box': 13}>"
"<Node id=9090 labels={'Module'} properties={'name': 'module', 'schema': 'FN', 'filename': 'output-code-46', 'schema_version': '0.1.9'}>","<Relationship id=13979 start_node_id=9090 end_node_id=9147 nodes=(9090, 9147) type=Contains properties={}>","<Node id=9147 labels={'Primitive'} properties={'name': 'linspace', 'order_att': 0, 'value': '', 'order_box': 14}>"
"<Node id=9090 labels={'Module'} properties={'name': 'module', 'schema': 'FN', 'filename': 'output-code-46', 'schema_version': '0.1.9'}>","<Relationship id=13980 start_node_id=9090 end_node_id=9148 nodes=(9090, 9148) type=Contains properties={}>","<Node id=9148 labels={'Primitive'} properties={'name': 'module.linspace_0', 'order_att': 0, 'value': '', 'order_box': 15}>"
"<Node id=9090 labels={'Module'} properties={'name': 'module', 'schema': 'FN', 'filename': 'output-code-46', 'schema_version': '0.1.9'}>","<Relationship id=13981 start_node_id=9090 end_node_id=9149 nodes=(9090, 9149) type=Contains properties={}>","<Node id=9149 labels={'Literal'} properties={'name': 'Literal', 'order_att': 0, 'value': {'gromet_type': 'LiteralValue', 'value': '0', 'value_type': 'Integer'}, 'order_box': 16}>"
"<Node id=9090 labels={'Module'} properties={'name': 'module', 'schema': 'FN', 'filename': 'output-code-46', 'schema_version': '0.1.9'}>","<Relationship id=13982 start_node_id=9090 end_node_id=9150 nodes=(9090, 9150) type=Contains properties={}>","<Node id=9150 labels={'Literal'} properties={'name': 'Literal', 'order_att': 0, 'value': {'gromet_type': 'LiteralValue', 'value': '365', 'value_type': 'Integer'}, 'order_box': 17}>"
"<Node id=9090 labels={'Module'} properties={'name': 'module', 'schema': 'FN', 'filename': 'output-code-46', 'schema_version': '0.1.9'}>","<Relationship id=13903 start_node_id=9090 end_node_id=9151 nodes=(9090, 9151) type=Contains properties={}>","<Node id=9151 labels={'Literal'} properties={'name': 'Literal', 'order_att': 0, 'value': {'gromet_type': 'LiteralValue', 'value': '365', 'value_type': 'Integer'}, 'order_box': 18}>"
"<Node id=9090 labels={'Module'} properties={'name': 'module', 'schema': 'FN', 'filename': 'output-code-46', 'schema_version': '0.1.9'}>","<Relationship id=13904 start_node_id=9090 end_node_id=9152 nodes=(9090, 9152) type=Contains properties={}>","<Node id=9152 labels={'Primitive'} properties={'name': 'scipy.integrate.odeint_id29', 'order_att': 0, 'value': '', 'order_box': 20}>"
"<Node id=9090 labels={'Module'} properties={'name': 'module', 'schema': 'FN', 'filename': 'output-code-46', 'schema_version': '0.1.9'}>","<Relationship id=13905 start_node_id=9090 end_node_id=9153 nodes=(9090, 9153) type=Contains properties={}>","<Node id=9153 labels={'Literal'} properties={'name': 'Literal', 'order_att': 0, 'value': {'gromet_type': 'LiteralValue', 'value': '""seirhd_model""', 'value_type': 'string'}, 'order_box': 21}>"
"<Node id=9090 labels={'Module'} properties={'name': 'module', 'schema': 'FN', 'filename': 'output-code-46', 'schema_version': '0.1.9'}>","<Relationship id=13906 start_node_id=9090 end_node_id=9154 nodes=(9090, 9154) type=Contains properties={'index': 23}>","<Node id=9154 labels={'Expression'} properties={'name': 'Expression108', 'order_att': 23, 'value': '', 'order_box': 23}>"
"<Node id=9154 labels={'Expression'} properties={'name': 'Expression108', 'order_att': 23, 'value': '', 'order_box': 23}>","<Relationship id=13986 start_node_id=9154 end_node_id=9155 nodes=(9154, 9155) type=Port_Of properties={}>","<Node id=9155 labels={'Opo'} properties={'name': 'un-named', 'order_att': 23, 'value': '', 'order_box': 23}>"
"<Node id=9154 labels={'Expression'} properties={'name': 'Expression108', 'order_att': 23, 'value': '', 'order_box': 23}>","<Relationship id=13987 start_node_id=9154 end_node_id=9156 nodes=(9154, 9156) type=Port_Of properties={}>","<Node id=9156 labels={'Opi'} properties={'name': 'result', 'order_att': 23, 'value': '', 'order_box': 23}>"
"<Node id=9090 labels={'Module'} properties={'name': 'module', 'schema': 'FN', 'filename': 'output-code-46', 'schema_version': '0.1.9'}>","<Relationship id=13907 start_node_id=9090 end_node_id=9157 nodes=(9090, 9157) type=Contains properties={}>","<Node id=9157 labels={'Literal'} properties={'name': 'Literal', 'order_att': 23, 'value': {'gromet_type': 'LiteralValue', 'value': '""T""', 'value_type': 'string'}, 'order_box': 23}>"
"<Node id=9090 labels={'Module'} properties={'name': 'module', 'schema': 'FN', 'filename': 'output-code-46', 'schema_version': '0.1.9'}>","<Relationship id=13908 start_node_id=9090 end_node_id=9158 nodes=(9090, 9158) type=Contains properties={}>","<Node id=9158 labels={'Primitive'} properties={'name': 'plot', 'order_att': 0, 'value': '', 'order_box': 25}>"
"<Node id=9090 labels={'Module'} properties={'name': 'module', 'schema': 'FN', 'filename': 'output-code-46', 'schema_version': '0.1.9'}>","<Relationship id=13909 start_node_id=9090 end_node_id=9159 nodes=(9090, 9159) type=Contains properties={}>","<Node id=9159 labels={'Primitive'} properties={'name': 'module.plot_0', 'order_att': 0, 'value': '', 'order_box': 26}>"
"<Node id=9090 labels={'Module'} properties={'name': 'module', 'schema': 'FN', 'filename': 'output-code-46', 'schema_version': '0.1.9'}>","<Relationship id=13911 start_node_id=9090 end_node_id=9160 nodes=(9090, 9160) type=Contains properties={'index': 25}>","<Node id=9160 labels={'Expression'} properties={'name': 'Expression120', 'order_att': 25, 'value': '', 'order_box': 27}>"
"<Node id=9160 labels={'Expression'} properties={'name': 'Expression120', 'order_att': 25, 'value': '', 'order_box': 27}>","<Relationship id=13992 start_node_id=9160 end_node_id=9161 nodes=(9160, 9161) type=Port_Of properties={}>","<Node id=9161 labels={'Opo'} properties={'name': 'label', 'order_att': 25, 'value': '', 'order_box': 27}>"
"<Node id=9090 labels={'Module'} properties={'name': 'module', 'schema': 'FN', 'filename': 'output-code-46', 'schema_version': '0.1.9'}>","<Relationship id=13912 start_node_id=9090 end_node_id=9162 nodes=(9090, 9162) type=Contains properties={}>","<Node id=9162 labels={'Literal'} properties={'name': 'Literal', 'order_att': 25, 'value': {'gromet_type': 'LiteralValue', 'value': '""Susceptible""', 'value_type': 'List'}, 'order_box': 27}>"
"<Node id=9161 labels={'Opo'} properties={'name': 'label', 'order_att': 25, 'value': '', 'order_box': 27}>","<Relationship id=13993 start_node_id=9161 end_node_id=9162 nodes=(9161, 9162) type=Wire properties={}>","<Node id=9162 labels={'Literal'} properties={'name': 'Literal', 'order_att': 25, 'value': {'gromet_type': 'LiteralValue', 'value': '""Susceptible""', 'value_type': 'List'}, 'order_box': 27}>"
"<Node id=9090 labels={'Module'} properties={'name': 'module', 'schema': 'FN', 'filename': 'output-code-46', 'schema_version': '0.1.9'}>","<Relationship id=13913 start_node_id=9090 end_node_id=9163 nodes=(9090, 9163) type=Contains properties={}>","<Node id=9163 labels={'Primitive'} properties={'name': 'module.plot_1', 'order_att': 0, 'value': '', 'order_box': 28}>"
"<Node id=9090 labels={'Module'} properties={'name': 'module', 'schema': 'FN', 'filename': 'output-code-46', 'schema_version': '0.1.9'}>","<Relationship id=13914 start_node_id=9090 end_node_id=9164 nodes=(9090, 9164) type=Contains properties={'index': 27}>","<Node id=9164 labels={'Expression'} properties={'name': 'Expression127', 'order_att': 27, 'value': '', 'order_box': 29}>"
"<Node id=9164 labels={'Expression'} properties={'name': 'Expression127', 'order_att': 27, 'value': '', 'order_box': 29}>","<Relationship id=13997 start_node_id=9164 end_node_id=9165 nodes=(9164, 9165) type=Port_Of properties={}>","<Node id=9165 labels={'Opo'} properties={'name': 'label', 'order_att': 27, 'value': '', 'order_box': 29}>"
"<Node id=9090 labels={'Module'} properties={'name': 'module', 'schema': 'FN', 'filename': 'output-code-46', 'schema_version': '0.1.9'}>","<Relationship id=13915 start_node_id=9090 end_node_id=9166 nodes=(9090, 9166) type=Contains properties={}>","<Node id=9166 labels={'Literal'} properties={'name': 'Literal', 'order_att': 27, 'value': {'gromet_type': 'LiteralValue', 'value': '""Exposed""', 'value_type': 'List'}, 'order_box': 29}>"
"<Node id=9165 labels={'Opo'} properties={'name': 'label', 'order_att': 27, 'value': '', 'order_box': 29}>","<Relationship id=13998 start_node_id=9165 end_node_id=9166 nodes=(9165, 9166) type=Wire properties={}>","<Node id=9166 labels={'Literal'} properties={'name': 'Literal', 'order_att': 27, 'value': {'gromet_type': 'LiteralValue', 'value': '""Exposed""', 'value_type': 'List'}, 'order_box': 29}>"
"<Node id=9090 labels={'Module'} properties={'name': 'module', 'schema': 'FN', 'filename': 'output-code-46', 'schema_version': '0.1.9'}>","<Relationship id=13916 start_node_id=9090 end_node_id=9167 nodes=(9090, 9167) type=Contains properties={}>","<Node id=9167 labels={'Primitive'} properties={'name': 'module.plot_2', 'order_att': 0, 'value': '', 'order_box': 30}>"
"<Node id=9090 labels={'Module'} properties={'name': 'module', 'schema': 'FN', 'filename': 'output-code-46', 'schema_version': '0.1.9'}>","<Relationship id=13917 start_node_id=9090 end_node_id=9168 nodes=(9090, 9168) type=Contains properties={'index': 29}>","<Node id=9168 labels={'Expression'} properties={'name': 'Expression134', 'order_att': 29, 'value': '', 'order_box': 31}>"
"<Node id=9168 labels={'Expression'} properties={'name': 'Expression134', 'order_att': 29, 'value': '', 'order_box': 31}>","<Relationship id=14003 start_node_id=9168 end_node_id=9169 nodes=(9168, 9169) type=Port_Of properties={}>","<Node id=9169 labels={'Opo'} properties={'name': 'label', 'order_att': 29, 'value': '', 'order_box': 31}>"
"<Node id=9090 labels={'Module'} properties={'name': 'module', 'schema': 'FN', 'filename': 'output-code-46', 'schema_version': '0.1.9'}>","<Relationship id=13918 start_node_id=9090 end_node_id=9170 nodes=(9090, 9170) type=Contains properties={}>","<Node id=9170 labels={'Literal'} properties={'name': 'Literal', 'order_att': 29, 'value': {'gromet_type': 'LiteralValue', 'value': '""Infected""', 'value_type': 'List'}, 'order_box': 31}>"
"<Node id=9169 labels={'Opo'} properties={'name': 'label', 'order_att': 29, 'value': '', 'order_box': 31}>","<Relationship id=14004 start_node_id=9169 end_node_id=9170 nodes=(9169, 9170) type=Wire properties={}>","<Node id=9170 labels={'Literal'} properties={'name': 'Literal', 'order_att': 29, 'value': {'gromet_type': 'LiteralValue', 'value': '""Infected""', 'value_type': 'List'}, 'order_box': 31}>"
"<Node id=9090 labels={'Module'} properties={'name': 'module', 'schema': 'FN', 'filename': 'output-code-46', 'schema_version': '0.1.9'}>","<Relationship id=13919 start_node_id=9090 end_node_id=9171 nodes=(9090, 9171) type=Contains properties={}>","<Node id=9171 labels={'Primitive'} properties={'name': 'module.plot_3', 'order_att': 0, 'value': '', 'order_box': 32}>"
"<Node id=9090 labels={'Module'} properties={'name': 'module', 'schema': 'FN', 'filename': 'output-code-46', 'schema_version': '0.1.9'}>","<Relationship id=13921 start_node_id=9090 end_node_id=9172 nodes=(9090, 9172) type=Contains properties={'index': 31}>","<Node id=9172 labels={'Expression'} properties={'name': 'Expression141', 'order_att': 31, 'value': '', 'order_box': 33}>"
"<Node id=9172 labels={'Expression'} properties={'name': 'Expression141', 'order_att': 31, 'value': '', 'order_box': 33}>","<Relationship id=14009 start_node_id=9172 end_node_id=9173 nodes=(9172, 9173) type=Port_Of properties={}>","<Node id=9173 labels={'Opo'} properties={'name': 'label', 'order_att': 31, 'value': '', 'order_box': 33}>"
"<Node id=9090 labels={'Module'} properties={'name': 'module', 'schema': 'FN', 'filename': 'output-code-46', 'schema_version': '0.1.9'}>","<Relationship id=13922 start_node_id=9090 end_node_id=9174 nodes=(9090, 9174) type=Contains properties={}>","<Node id=9174 labels={'Literal'} properties={'name': 'Literal', 'order_att': 31, 'value': {'gromet_type': 'LiteralValue', 'value': '""Recovered""', 'value_type': 'List'}, 'order_box': 33}>"
"<Node id=9173 labels={'Opo'} properties={'name': 'label', 'order_att': 31, 'value': '', 'order_box': 33}>","<Relationship id=14010 start_node_id=9173 end_node_id=9174 nodes=(9173, 9174) type=Wire properties={}>","<Node id=9174 labels={'Literal'} properties={'name': 'Literal', 'order_att': 31, 'value': {'gromet_type': 'LiteralValue', 'value': '""Recovered""', 'value_type': 'List'}, 'order_box': 33}>"
"<Node id=9090 labels={'Module'} properties={'name': 'module', 'schema': 'FN', 'filename': 'output-code-46', 'schema_version': '0.1.9'}>","<Relationship id=13923 start_node_id=9090 end_node_id=9175 nodes=(9090, 9175) type=Contains properties={}>","<Node id=9175 labels={'Primitive'} properties={'name': 'module.plot_4', 'order_att': 0, 'value': '', 'order_box': 34}>"
"<Node id=9090 labels={'Module'} properties={'name': 'module', 'schema': 'FN', 'filename': 'output-code-46', 'schema_version': '0.1.9'}>","<Relationship id=13924 start_node_id=9090 end_node_id=9176 nodes=(9090, 9176) type=Contains properties={'index': 33}>","<Node id=9176 labels={'Expression'} properties={'name': 'Expression148', 'order_att': 33, 'value': '', 'order_box': 35}>"
"<Node id=9176 labels={'Expression'} properties={'name': 'Expression148', 'order_att': 33, 'value': '', 'order_box': 35}>","<Relationship id=14014 start_node_id=9176 end_node_id=9177 nodes=(9176, 9177) type=Port_Of properties={}>","<Node id=9177 labels={'Opo'} properties={'name': 'label', 'order_att': 33, 'value': '', 'order_box': 35}>"
"<Node id=9090 labels={'Module'} properties={'name': 'module', 'schema': 'FN', 'filename': 'output-code-46', 'schema_version': '0.1.9'}>","<Relationship id=13925 start_node_id=9090 end_node_id=9178 nodes=(9090, 9178) type=Contains properties={}>","<Node id=9178 labels={'Literal'} properties={'name': 'Literal', 'order_att': 33, 'value': {'gromet_type': 'LiteralValue', 'value': '""Hospitalized""', 'value_type': 'List'}, 'order_box': 35}>"
"<Node id=9177 labels={'Opo'} properties={'name': 'label', 'order_att': 33, 'value': '', 'order_box': 35}>","<Relationship id=14015 start_node_id=9177 end_node_id=9178 nodes=(9177, 9178) type=Wire properties={}>","<Node id=9178 labels={'Literal'} properties={'name': 'Literal', 'order_att': 33, 'value': {'gromet_type': 'LiteralValue', 'value': '""Hospitalized""', 'value_type': 'List'}, 'order_box': 35}>"
"<Node id=9090 labels={'Module'} properties={'name': 'module', 'schema': 'FN', 'filename': 'output-code-46', 'schema_version': '0.1.9'}>","<Relationship id=13926 start_node_id=9090 end_node_id=9179 nodes=(9090, 9179) type=Contains properties={}>","<Node id=9179 labels={'Primitive'} properties={'name': 'module.plot_5', 'order_att': 0, 'value': '', 'order_box': 36}>"
"<Node id=9090 labels={'Module'} properties={'name': 'module', 'schema': 'FN', 'filename': 'output-code-46', 'schema_version': '0.1.9'}>","<Relationship id=13927 start_node_id=9090 end_node_id=9180 nodes=(9090, 9180) type=Contains properties={'index': 35}>","<Node id=9180 labels={'Expression'} properties={'name': 'Expression155', 'order_att': 35, 'value': '', 'order_box': 37}>"
"<Node id=9180 labels={'Expression'} properties={'name': 'Expression155', 'order_att': 35, 'value': '', 'order_box': 37}>","<Relationship id=14019 start_node_id=9180 end_node_id=9181 nodes=(9180, 9181) type=Port_Of properties={}>","<Node id=9181 labels={'Opo'} properties={'name': 'label', 'order_att': 35, 'value': '', 'order_box': 37}>"
"<Node id=9090 labels={'Module'} properties={'name': 'module', 'schema': 'FN', 'filename': 'output-code-46', 'schema_version': '0.1.9'}>","<Relationship id=13928 start_node_id=9090 end_node_id=9182 nodes=(9090, 9182) type=Contains properties={}>","<Node id=9182 labels={'Literal'} properties={'name': 'Literal', 'order_att': 35, 'value': {'gromet_type': 'LiteralValue', 'value': '""Deceased""', 'value_type': 'List'}, 'order_box': 37}>"
"<Node id=9181 labels={'Opo'} properties={'name': 'label', 'order_att': 35, 'value': '', 'order_box': 37}>","<Relationship id=14020 start_node_id=9181 end_node_id=9182 nodes=(9181, 9182) type=Wire properties={}>","<Node id=9182 labels={'Literal'} properties={'name': 'Literal', 'order_att': 35, 'value': {'gromet_type': 'LiteralValue', 'value': '""Deceased""', 'value_type': 'List'}, 'order_box': 37}>"
"<Node id=9090 labels={'Module'} properties={'name': 'module', 'schema': 'FN', 'filename': 'output-code-46', 'schema_version': '0.1.9'}>","<Relationship id=13929 start_node_id=9090 end_node_id=9183 nodes=(9090, 9183) type=Contains properties={}>","<Node id=9183 labels={'Primitive'} properties={'name': 'xlabel', 'order_att': 0, 'value': '', 'order_box': 38}>"
"<Node id=9090 labels={'Module'} properties={'name': 'module', 'schema': 'FN', 'filename': 'output-code-46', 'schema_version': '0.1.9'}>","<Relationship id=13930 start_node_id=9090 end_node_id=9184 nodes=(9090, 9184) type=Contains properties={}>","<Node id=9184 labels={'Primitive'} properties={'name': 'module.xlabel_0', 'order_att': 0, 'value': '', 'order_box': 39}>"
"<Node id=9090 labels={'Module'} properties={'name': 'module', 'schema': 'FN', 'filename': 'output-code-46', 'schema_version': '0.1.9'}>","<Relationship id=13931 start_node_id=9090 end_node_id=9185 nodes=(9090, 9185) type=Contains properties={}>","<Node id=9185 labels={'Literal'} properties={'name': 'Literal', 'order_att': 0, 'value': {'gromet_type': 'LiteralValue', 'value': '""Time (days)""', 'value_type': 'List'}, 'order_box': 40}>"
"<Node id=9090 labels={'Module'} properties={'name': 'module', 'schema': 'FN', 'filename': 'output-code-46', 'schema_version': '0.1.9'}>","<Relationship id=13932 start_node_id=9090 end_node_id=9186 nodes=(9090, 9186) type=Contains properties={}>","<Node id=9186 labels={'Primitive'} properties={'name': 'ylabel', 'order_att': 0, 'value': '', 'order_box': 41}>"
"<Node id=9090 labels={'Module'} properties={'name': 'module', 'schema': 'FN', 'filename': 'output-code-46', 'schema_version': '0.1.9'}>","<Relationship id=13933 start_node_id=9090 end_node_id=9187 nodes=(9090, 9187) type=Contains properties={}>","<Node id=9187 labels={'Primitive'} properties={'name': 'module.ylabel_0', 'order_att': 0, 'value': '', 'order_box': 42}>"
"<Node id=9090 labels={'Module'} properties={'name': 'module', 'schema': 'FN', 'filename': 'output-code-46', 'schema_version': '0.1.9'}>","<Relationship id=13935 start_node_id=9090 end_node_id=9188 nodes=(9090, 9188) type=Contains properties={}>","<Node id=9188 labels={'Literal'} properties={'name': 'Literal', 'order_att': 0, 'value': {'gromet_type': 'LiteralValue', 'value': '""Number of individuals""', 'value_type': 'List'}, 'order_box': 43}>"
"<Node id=9090 labels={'Module'} properties={'name': 'module', 'schema': 'FN', 'filename': 'output-code-46', 'schema_version': '0.1.9'}>","<Relationship id=13936 start_node_id=9090 end_node_id=9189 nodes=(9090, 9189) type=Contains properties={}>","<Node id=9189 labels={'Primitive'} properties={'name': 'title', 'order_att': 0, 'value': '', 'order_box': 44}>"
"<Node id=9090 labels={'Module'} properties={'name': 'module', 'schema': 'FN', 'filename': 'output-code-46', 'schema_version': '0.1.9'}>","<Relationship id=13937 start_node_id=9090 end_node_id=9190 nodes=(9090, 9190) type=Contains properties={}>","<Node id=9190 labels={'Primitive'} properties={'name': 'module.title_0', 'order_att': 0, 'value': '', 'order_box': 45}>"
"<Node id=9090 labels={'Module'} properties={'name': 'module', 'schema': 'FN', 'filename': 'output-code-46', 'schema_version': '0.1.9'}>","<Relationship id=13938 start_node_id=9090 end_node_id=9191 nodes=(9090, 9191) type=Contains properties={}>","<Node id=9191 labels={'Literal'} properties={'name': 'Literal', 'order_att': 0, 'value': {'gromet_type': 'LiteralValue', 'value': '""SEIRHD Model""', 'value_type': 'List'}, 'order_box': 46}>"
"<Node id=9090 labels={'Module'} properties={'name': 'module', 'schema': 'FN', 'filename': 'output-code-46', 'schema_version': '0.1.9'}>","<Relationship id=13939 start_node_id=9090 end_node_id=9192 nodes=(9090, 9192) type=Contains properties={}>","<Node id=9192 labels={'Primitive'} properties={'name': 'legend', 'order_att': 0, 'value': '', 'order_box': 47}>"
"<Node id=9090 labels={'Module'} properties={'name': 'module', 'schema': 'FN', 'filename': 'output-code-46', 'schema_version': '0.1.9'}>","<Relationship id=13940 start_node_id=9090 end_node_id=9193 nodes=(9090, 9193) type=Contains properties={}>","<Node id=9193 labels={'Primitive'} properties={'name': 'module.legend_0', 'order_att': 0, 'value': '', 'order_box': 48}>"
"<Node id=9090 labels={'Module'} properties={'name': 'module', 'schema': 'FN', 'filename': 'output-code-46', 'schema_version': '0.1.9'}>","<Relationship id=13941 start_node_id=9090 end_node_id=9194 nodes=(9090, 9194) type=Contains properties={}>","<Node id=9194 labels={'Primitive'} properties={'name': 'grid', 'order_att': 0, 'value': '', 'order_box': 49}>"
"<Node id=9090 labels={'Module'} properties={'name': 'module', 'schema': 'FN', 'filename': 'output-code-46', 'schema_version': '0.1.9'}>","<Relationship id=13942 start_node_id=9090 end_node_id=9195 nodes=(9090, 9195) type=Contains properties={}>","<Node id=9195 labels={'Primitive'} properties={'name': 'module.grid_0', 'order_att': 0, 'value': '', 'order_box': 50}>"
"<Node id=9090 labels={'Module'} properties={'name': 'module', 'schema': 'FN', 'filename': 'output-code-46', 'schema_version': '0.1.9'}>","<Relationship id=13943 start_node_id=9090 end_node_id=9196 nodes=(9090, 9196) type=Contains properties={}>","<Node id=9196 labels={'Literal'} properties={'name': 'Literal', 'order_att': 0, 'value': {'gromet_type': 'LiteralValue', 'value': '""True""', 'value_type': 'Boolean'}, 'order_box': 51}>"
"<Node id=9090 labels={'Module'} properties={'name': 'module', 'schema': 'FN', 'filename': 'output-code-46', 'schema_version': '0.1.9'}>","<Relationship id=13944 start_node_id=9090 end_node_id=9197 nodes=(9090, 9197) type=Contains properties={}>","<Node id=9197 labels={'Primitive'} properties={'name': 'show', 'order_att': 0, 'value': '', 'order_box': 52}>"
"<Node id=9090 labels={'Module'} properties={'name': 'module', 'schema': 'FN', 'filename': 'output-code-46', 'schema_version': '0.1.9'}>","<Relationship id=13946 start_node_id=9090 end_node_id=9198 nodes=(9090, 9198) type=Contains properties={}>","<Node id=9198 labels={'Primitive'} properties={'name': 'module.show_0', 'order_att': 0, 'value': '', 'order_box': 53}>"
"<Node id=9093 labels={'Expression'} properties={'name': 'Expression2', 'order_att': 9, 'value': '', 'order_box': 2}>","<Relationship id=14036 start_node_id=9093 end_node_id=9199 nodes=(9093, 9199) type=Metadata properties={}>","<Node id=9199 labels={'Metadata'} properties={'gromet_version': [''], 'source_language_version': [''], 'variable_definition': [''], 'files': [''], 'source_language': [''], 'global_reference_id': [''], 'data_type': [''], 'name': [''], 'line_end': [18], 'code_file_reference_uid': ['24b153c7-7ee2-b332-c3ca-5becc031ed64'], 'line_begin': [18], 'metadata_type': [''], 'text_extraction': [''], 'col_begin': [0], 'grounding': [''], 'variable_identifier': [''], 'provenance': ['Provenance { method: Some(""skema_code2fn_program_analysis""), timestamp: Some(""2024-02-01 21:12:35.810737"") }'], 'col_end': [11], 'value': [''], 'metadata_idx': 45}>"
"<Node id=9095 labels={'Literal'} properties={'name': 'Literal', 'order_att': 9, 'value': {'gromet_type': 'LiteralValue', 'value': '1000000', 'value_type': 'Integer'}, 'order_box': 2}>","<Relationship id=14062 start_node_id=9095 end_node_id=9200 nodes=(9095, 9200) type=Metadata properties={}>","<Node id=9200 labels={'Metadata'} properties={'gromet_version': ['', ''], 'source_language_version': ['3.8', ''], 'variable_definition': ['', ''], 'files': ['', ''], 'source_language': ['Python', ''], 'global_reference_id': ['', ''], 'data_type': [""<class 'int'>"", ''], 'name': ['', ''], 'line_end': [0, 18], 'code_file_reference_uid': ['', '24b153c7-7ee2-b332-c3ca-5becc031ed64'], 'line_begin': [0, 18], 'metadata_type': ['', ''], 'text_extraction': ['', ''], 'col_begin': [0, 4], 'grounding': ['', ''], 'variable_identifier': ['', ''], 'provenance': ['Provenance { method: Some(""skema_code2fn_program_analysis""), timestamp: Some(""2024-02-01 21:12:35.810774"") }', 'Provenance { method: Some(""skema_code2fn_program_analysis""), timestamp: Some(""2024-02-01 21:12:35.810765"") }'], 'col_end': [0, 11], 'value': ['', ''], 'metadata_idx': 44}>"
"<Node id=9096 labels={'Expression'} properties={'name': 'Expression7', 'order_att': 10, 'value': '', 'order_box': 3}>","<Relationship id=14095 start_node_id=9096 end_node_id=9201 nodes=(9096, 9201) type=Metadata properties={}>","<Node id=9201 labels={'Metadata'} properties={'gromet_version': [''], 'source_language_version': [''], 'variable_definition': [''], 'files': [''], 'source_language': [''], 'global_reference_id': [''], 'data_type': [''], 'name': [''], 'line_end': [19], 'code_file_reference_uid': ['24b153c7-7ee2-b332-c3ca-5becc031ed64'], 'line_begin': [19], 'metadata_type': [''], 'text_extraction': [''], 'col_begin': [0], 'grounding': [''], 'variable_identifier': [''], 'provenance': ['Provenance { method: Some(""skema_code2fn_program_analysis""), timestamp: Some(""2024-02-01 21:12:35.810854"") }'], 'col_end': [7], 'value': [''], 'metadata_idx': 47}>"
"<Node id=9098 labels={'Literal'} properties={'name': 'Literal', 'order_att': 10, 'value': {'gromet_type': 'LiteralValue', 'value': '10', 'value_type': 'Integer'}, 'order_box': 3}>","<Relationship id=14117 start_node_id=9098 end_node_id=9202 nodes=(9098, 9202) type=Metadata properties={}>","<Node id=9202 labels={'Metadata'} properties={'gromet_version': ['', ''], 'source_language_version': ['3.8', ''], 'variable_definition': ['', ''], 'files': ['', ''], 'source_language': ['Python', ''], 'global_reference_id': ['', ''], 'data_type': [""<class 'int'>"", ''], 'name': ['', ''], 'line_end': [0, 19], 'code_file_reference_uid': ['', '24b153c7-7ee2-b332-c3ca-5becc031ed64'], 'line_begin': [0, 19], 'metadata_type': ['', ''], 'text_extraction': ['', ''], 'col_begin': [0, 5], 'grounding': ['', ''], 'variable_identifier': ['', ''], 'provenance': ['Provenance { method: Some(""skema_code2fn_program_analysis""), timestamp: Some(""2024-02-01 21:12:35.810884"") }', 'Provenance { method: Some(""skema_code2fn_program_analysis""), timestamp: Some(""2024-02-01 21:12:35.810874"") }'], 'col_end': [0, 7], 'value': ['', ''], 'metadata_idx': 46}>"
"<Node id=9099 labels={'Expression'} properties={'name': 'Expression12', 'order_att': 11, 'value': '', 'order_box': 4}>","<Relationship id=13989 start_node_id=9099 end_node_id=9203 nodes=(9099, 9203) type=Metadata properties={}>","<Node id=9203 labels={'Metadata'} properties={'gromet_version': [''], 'source_language_version': [''], 'variable_definition': [''], 'files': [''], 'source_language': [''], 'global_reference_id': [''], 'data_type': [''], 'name': [''], 'line_end': [20], 'code_file_reference_uid': ['24b153c7-7ee2-b332-c3ca-5becc031ed64'], 'line_begin': [20], 'metadata_type': [''], 'text_extraction': [''], 'col_begin': [0], 'grounding': [''], 'variable_identifier': [''], 'provenance': ['Provenance { method: Some(""skema_code2fn_program_analysis""), timestamp: Some(""2024-02-01 21:12:35.810930"") }'], 'col_end': [6], 'value': [''], 'metadata_idx': 49}>"
"<Node id=9101 labels={'Literal'} properties={'name': 'Literal', 'order_att': 11, 'value': {'gromet_type': 'LiteralValue', 'value': '1', 'value_type': 'Integer'}, 'order_box': 4}>","<Relationship id=14007 start_node_id=9101 end_node_id=9204 nodes=(9101, 9204) type=Metadata properties={}>","<Node id=9204 labels={'Metadata'} properties={'gromet_version': ['', ''], 'source_language_version': ['3.8', ''], 'variable_definition': ['', ''], 'files': ['', ''], 'source_language': ['Python', ''], 'global_reference_id': ['', ''], 'data_type': [""<class 'int'>"", ''], 'name': ['', ''], 'line_end': [0, 20], 'code_file_reference_uid': ['', '24b153c7-7ee2-b332-c3ca-5becc031ed64'], 'line_begin': [0, 20], 'metadata_type': ['', ''], 'text_extraction': ['', ''], 'col_begin': [0, 5], 'grounding': ['', ''], 'variable_identifier': ['', ''], 'provenance': ['Provenance { method: Some(""skema_code2fn_program_analysis""), timestamp: Some(""2024-02-01 21:12:35.810958"") }', 'Provenance { method: Some(""skema_code2fn_program_analysis""), timestamp: Some(""2024-02-01 21:12:35.810951"") }'], 'col_end': [0, 6], 'value': ['', ''], 'metadata_idx': 48}>"
"<Node id=9102 labels={'Expression'} properties={'name': 'Expression17', 'order_att': 12, 'value': '', 'order_box': 5}>","<Relationship id=14025 start_node_id=9102 end_node_id=9205 nodes=(9102, 9205) type=Metadata properties={}>","<Node id=9205 labels={'Metadata'} properties={'gromet_version': [''], 'source_language_version': [''], 'variable_definition': [''], 'files': [''], 'source_language': [''], 'global_reference_id': [''], 'data_type': [''], 'name': [''], 'line_end': [21], 'code_file_reference_uid': ['24b153c7-7ee2-b332-c3ca-5becc031ed64'], 'line_begin': [21], 'metadata_type': [''], 'text_extraction': [''], 'col_begin': [0], 'grounding': [''], 'variable_identifier': [''], 'provenance': ['Provenance { method: Some(""skema_code2fn_program_analysis""), timestamp: Some(""2024-02-01 21:12:35.811007"") }'], 'col_end': [6], 'value': [''], 'metadata_idx': 51}>"
"<Node id=9104 labels={'Literal'} properties={'name': 'Literal', 'order_att': 12, 'value': {'gromet_type': 'LiteralValue', 'value': '0', 'value_type': 'Integer'}, 'order_box': 5}>","<Relationship id=14034 start_node_id=9104 end_node_id=9206 nodes=(9104, 9206) type=Metadata properties={}>","<Node id=9206 labels={'Metadata'} properties={'gromet_version': ['', ''], 'source_language_version': ['3.8', ''], 'variable_definition': ['', ''], 'files': ['', ''], 'source_language': ['Python', ''], 'global_reference_id': ['', ''], 'data_type': [""<class 'int'>"", ''], 'name': ['', ''], 'line_end': [0, 21], 'code_file_reference_uid': ['', '24b153c7-7ee2-b332-c3ca-5becc031ed64'], 'line_begin': [0, 21], 'metadata_type': ['', ''], 'text_extraction': ['', ''], 'col_begin': [0, 5], 'grounding': ['', ''], 'variable_identifier': ['', ''], 'provenance': ['Provenance { method: Some(""skema_code2fn_program_analysis""), timestamp: Some(""2024-02-01 21:12:35.811038"") }', 'Provenance { method: Some(""skema_code2fn_program_analysis""), timestamp: Some(""2024-02-01 21:12:35.811030"") }'], 'col_end': [0, 6], 'value': ['', ''], 'metadata_idx': 50}>"
"<Node id=9105 labels={'Expression'} properties={'name': 'Expression22', 'order_att': 13, 'value': '', 'order_box': 6}>","<Relationship id=14038 start_node_id=9105 end_node_id=9207 nodes=(9105, 9207) type=Metadata properties={}>","<Node id=9207 labels={'Metadata'} properties={'gromet_version': [''], 'source_language_version': [''], 'variable_definition': [''], 'files': [''], 'source_language': [''], 'global_reference_id': [''], 'data_type': [''], 'name': [''], 'line_end': [22], 'code_file_reference_uid': ['24b153c7-7ee2-b332-c3ca-5becc031ed64'], 'line_begin': [22], 'metadata_type': [''], 'text_extraction': [''], 'col_begin': [0], 'grounding': [''], 'variable_identifier': [''], 'provenance': ['Provenance { method: Some(""skema_code2fn_program_analysis""), timestamp: Some(""2024-02-01 21:12:35.811118"") }'], 'col_end': [6], 'value': [''], 'metadata_idx': 53}>"
"<Node id=9107 labels={'Literal'} properties={'name': 'Literal', 'order_att': 13, 'value': {'gromet_type': 'LiteralValue', 'value': '0', 'value_type': 'Integer'}, 'order_box': 6}>","<Relationship id=14041 start_node_id=9107 end_node_id=9208 nodes=(9107, 9208) type=Metadata properties={}>","<Node id=9208 labels={'Metadata'} properties={'gromet_version': ['', ''], 'source_language_version': ['3.8', ''], 'variable_definition': ['', ''], 'files': ['', ''], 'source_language': ['Python', ''], 'global_reference_id': ['', ''], 'data_type': [""<class 'int'>"", ''], 'name': ['', ''], 'line_end': [0, 22], 'code_file_reference_uid': ['', '24b153c7-7ee2-b332-c3ca-5becc031ed64'], 'line_begin': [0, 22], 'metadata_type': ['', ''], 'text_extraction': ['', ''], 'col_begin': [0, 5], 'grounding': ['', ''], 'variable_identifier': ['', ''], 'provenance': ['Provenance { method: Some(""skema_code2fn_program_analysis""), timestamp: Some(""2024-02-01 21:12:35.811147"") }', 'Provenance { method: Some(""skema_code2fn_program_analysis""), timestamp: Some(""2024-02-01 21:12:35.811138"") }'], 'col_end': [0, 6], 'value': ['', ''], 'metadata_idx': 52}>"
"<Node id=9108 labels={'Expression'} properties={'name': 'Expression27', 'order_att': 14, 'value': '', 'order_box': 7}>","<Relationship id=14042 start_node_id=9108 end_node_id=9209 nodes=(9108, 9209) type=Metadata properties={}>","<Node id=9209 labels={'Metadata'} properties={'gromet_version': [''], 'source_language_version': [''], 'variable_definition': [''], 'files': [''], 'source_language': [''], 'global_reference_id': [''], 'data_type': [''], 'name': [''], 'line_end': [23], 'code_file_reference_uid': ['24b153c7-7ee2-b332-c3ca-5becc031ed64'], 'line_begin': [23], 'metadata_type': [''], 'text_extraction': [''], 'col_begin': [0], 'grounding': [''], 'variable_identifier': [''], 'provenance': ['Provenance { method: Some(""skema_code2fn_program_analysis""), timestamp: Some(""2024-02-01 21:12:35.811192"") }'], 'col_end': [6], 'value': [''], 'metadata_idx': 55}>"
"<Node id=9110 labels={'Literal'} properties={'name': 'Literal', 'order_att': 14, 'value': {'gromet_type': 'LiteralValue', 'value': '0', 'value_type': 'Integer'}, 'order_box': 7}>","<Relationship id=14045 start_node_id=9110 end_node_id=9210 nodes=(9110, 9210) type=Metadata properties={}>","<Node id=9210 labels={'Metadata'} properties={'gromet_version': ['', ''], 'source_language_version': ['3.8', ''], 'variable_definition': ['', ''], 'files': ['', ''], 'source_language': ['Python', ''], 'global_reference_id': ['', ''], 'data_type': [""<class 'int'>"", ''], 'name': ['', ''], 'line_end': [0, 23], 'code_file_reference_uid': ['', '24b153c7-7ee2-b332-c3ca-5becc031ed64'], 'line_begin': [0, 23], 'metadata_type': ['', ''], 'text_extraction': ['', ''], 'col_begin': [0, 5], 'grounding': ['', ''], 'variable_identifier': ['', ''], 'provenance': ['Provenance { method: Some(""skema_code2fn_program_analysis""), timestamp: Some(""2024-02-01 21:12:35.811221"") }', 'Provenance { method: Some(""skema_code2fn_program_analysis""), timestamp: Some(""2024-02-01 21:12:35.811212"") }'], 'col_end': [0, 6], 'value': ['', ''], 'metadata_idx': 54}>"
"<Node id=9111 labels={'Expression'} properties={'name': 'Expression32', 'order_att': 15, 'value': '', 'order_box': 8}>","<Relationship id=14047 start_node_id=9111 end_node_id=9211 nodes=(9111, 9211) type=Metadata properties={}>","<Node id=9211 labels={'Metadata'} properties={'gromet_version': [''], 'source_language_version': [''], 'variable_definition': [''], 'files': [''], 'source_language': [''], 'global_reference_id': [''], 'data_type': [''], 'name': [''], 'line_end': [24], 'code_file_reference_uid': ['24b153c7-7ee2-b332-c3ca-5becc031ed64'], 'line_begin': [24], 'metadata_type': [''], 'text_extraction': [''], 'col_begin': [0], 'grounding': [''], 'variable_identifier': [''], 'provenance': ['Provenance { method: Some(""skema_code2fn_program_analysis""), timestamp: Some(""2024-02-01 21:12:35.811262"") }'], 'col_end': [31], 'value': [''], 'metadata_idx': 61}>"
"<Node id=9119 labels={'Primitive'} properties={'name': 'ast.Sub', 'order_att': 15, 'value': '', 'order_box': 8}>","<Relationship id=14063 start_node_id=9119 end_node_id=9212 nodes=(9119, 9212) type=Metadata properties={}>","<Node id=9212 labels={'Metadata'} properties={'gromet_version': [''], 'source_language_version': [''], 'variable_definition': [''], 'files': [''], 'source_language': [''], 'global_reference_id': [''], 'data_type': [''], 'name': [''], 'line_end': [24], 'code_file_reference_uid': ['24b153c7-7ee2-b332-c3ca-5becc031ed64'], 'line_begin': [24], 'metadata_type': [''], 'text_extraction': [''], 'col_begin': [5], 'grounding': [''], 'variable_identifier': [''], 'provenance': ['Provenance { method: Some(""skema_code2fn_program_analysis""), timestamp: Some(""2024-02-01 21:12:35.811312"") }'], 'col_end': [11], 'value': [''], 'metadata_idx': 56}>"
"<Node id=9120 labels={'Primitive'} properties={'name': 'ast.Sub', 'order_att': 15, 'value': '', 'order_box': 8}>","<Relationship id=14066 start_node_id=9120 end_node_id=9213 nodes=(9120, 9213) type=Metadata properties={}>","<Node id=9213 labels={'Metadata'} properties={'gromet_version': [''], 'source_language_version': [''], 'variable_definition': [''], 'files': [''], 'source_language': [''], 'global_reference_id': [''], 'data_type': [''], 'name': [''], 'line_end': [24], 'code_file_reference_uid': ['24b153c7-7ee2-b332-c3ca-5becc031ed64'], 'line_begin': [24], 'metadata_type': [''], 'text_extraction': [''], 'col_begin': [5], 'grounding': [''], 'variable_identifier': [''], 'provenance': ['Provenance { method: Some(""skema_code2fn_program_analysis""), timestamp: Some(""2024-02-01 21:12:35.811368"") }'], 'col_end': [16], 'value': [''], 'metadata_idx': 57}>"
"<Node id=9121 labels={'Primitive'} properties={'name': 'ast.Sub', 'order_att': 15, 'value': '', 'order_box': 8}>","<Relationship id=14069 start_node_id=9121 end_node_id=9214 nodes=(9121, 9214) type=Metadata properties={}>","<Node id=9214 labels={'Metadata'} properties={'gromet_version': [''], 'source_language_version': [''], 'variable_definition': [''], 'files': [''], 'source_language': [''], 'global_reference_id': [''], 'data_type': [''], 'name': [''], 'line_end': [24], 'code_file_reference_uid': ['24b153c7-7ee2-b332-c3ca-5becc031ed64'], 'line_begin': [24], 'metadata_type': [''], 'text_extraction': [''], 'col_begin': [5], 'grounding': [''], 'variable_identifier': [''], 'provenance': ['Provenance { method: Some(""skema_code2fn_program_analysis""), timestamp: Some(""2024-02-01 21:12:35.811413"") }'], 'col_end': [21], 'value': [''], 'metadata_idx': 58}>"
"<Node id=9122 labels={'Primitive'} properties={'name': 'ast.Sub', 'order_att': 15, 'value': '', 'order_box': 8}>","<Relationship id=14072 start_node_id=9122 end_node_id=9215 nodes=(9122, 9215) type=Metadata properties={}>","<Node id=9215 labels={'Metadata'} properties={'gromet_version': [''], 'source_language_version': [''], 'variable_definition': [''], 'files': [''], 'source_language': [''], 'global_reference_id': [''], 'data_type': [''], 'name': [''], 'line_end': [24], 'code_file_reference_uid': ['24b153c7-7ee2-b332-c3ca-5becc031ed64'], 'line_begin': [24], 'metadata_type': [''], 'text_extraction': [''], 'col_begin': [5], 'grounding': [''], 'variable_identifier': [''], 'provenance': ['Provenance { method: Some(""skema_code2fn_program_analysis""), timestamp: Some(""2024-02-01 21:12:35.811460"") }'], 'col_end': [26], 'value': [''], 'metadata_idx': 59}>"
"<Node id=9123 labels={'Primitive'} properties={'name': 'ast.Sub', 'order_att': 15, 'value': '', 'order_box': 8}>","<Relationship id=14075 start_node_id=9123 end_node_id=9216 nodes=(9123, 9216) type=Metadata properties={}>","<Node id=9216 labels={'Metadata'} properties={'gromet_version': [''], 'source_language_version': [''], 'variable_definition': [''], 'files': [''], 'source_language': [''], 'global_reference_id': [''], 'data_type': [''], 'name': [''], 'line_end': [24], 'code_file_reference_uid': ['24b153c7-7ee2-b332-c3ca-5becc031ed64'], 'line_begin': [24], 'metadata_type': [''], 'text_extraction': [''], 'col_begin': [5], 'grounding': [''], 'variable_identifier': [''], 'provenance': ['Provenance { method: Some(""skema_code2fn_program_analysis""), timestamp: Some(""2024-02-01 21:12:35.811506"") }'], 'col_end': [31], 'value': [''], 'metadata_idx': 60}>"
"<Node id=9124 labels={'Expression'} properties={'name': 'Expression51', 'order_att': 16, 'value': '', 'order_box': 9}>","<Relationship id=14078 start_node_id=9124 end_node_id=9217 nodes=(9124, 9217) type=Metadata properties={}>","<Node id=9217 labels={'Metadata'} properties={'gromet_version': [''], 'source_language_version': [''], 'variable_definition': [''], 'files': [''], 'source_language': [''], 'global_reference_id': [''], 'data_type': [''], 'name': [''], 'line_end': [28], 'code_file_reference_uid': ['24b153c7-7ee2-b332-c3ca-5becc031ed64'], 'line_begin': [28], 'metadata_type': [''], 'text_extraction': [''], 'col_begin': [0], 'grounding': [''], 'variable_identifier': [''], 'provenance': ['Provenance { method: Some(""skema_code2fn_program_analysis""), timestamp: Some(""2024-02-01 21:12:35.811616"") }'], 'col_end': [10], 'value': [''], 'metadata_idx': 63}>"
"<Node id=9126 labels={'Literal'} properties={'name': 'Literal', 'order_att': 16, 'value': {'gromet_type': 'LiteralValue', 'value': '0.2', 'value_type': 'AbstractFloat'}, 'order_box': 9}>","<Relationship id=14081 start_node_id=9126 end_node_id=9218 nodes=(9126, 9218) type=Metadata properties={}>","<Node id=9218 labels={'Metadata'} properties={'gromet_version': ['', ''], 'source_language_version': ['3.8', ''], 'variable_definition': ['', ''], 'files': ['', ''], 'source_language': ['Python', ''], 'global_reference_id': ['', ''], 'data_type': [""<class 'float'>"", ''], 'name': ['', ''], 'line_end': [0, 28], 'code_file_reference_uid': ['', '24b153c7-7ee2-b332-c3ca-5becc031ed64'], 'line_begin': [0, 28], 'metadata_type': ['', ''], 'text_extraction': ['', ''], 'col_begin': [0, 7], 'grounding': ['', ''], 'variable_identifier': ['', ''], 'provenance': ['Provenance { method: Some(""skema_code2fn_program_analysis""), timestamp: Some(""2024-02-01 21:12:35.811645"") }', 'Provenance { method: Some(""skema_code2fn_program_analysis""), timestamp: Some(""2024-02-01 21:12:35.811638"") }'], 'col_end': [0, 10], 'value': ['', ''], 'metadata_idx': 62}>"
"<Node id=9127 labels={'Expression'} properties={'name': 'Expression56', 'order_att': 17, 'value': '', 'order_box': 10}>","<Relationship id=14082 start_node_id=9127 end_node_id=9219 nodes=(9127, 9219) type=Metadata properties={}>","<Node id=9219 labels={'Metadata'} properties={'gromet_version': [''], 'source_language_version': [''], 'variable_definition': [''], 'files': [''], 'source_language': [''], 'global_reference_id': [''], 'data_type': [''], 'name': [''], 'line_end': [29], 'code_file_reference_uid': ['24b153c7-7ee2-b332-c3ca-5becc031ed64'], 'line_begin': [29], 'metadata_type': [''], 'text_extraction': [''], 'col_begin': [0], 'grounding': [''], 'variable_identifier': [''], 'provenance': ['Provenance { method: Some(""skema_code2fn_program_analysis""), timestamp: Some(""2024-02-01 21:12:35.811688"") }'], 'col_end': [11], 'value': [''], 'metadata_idx': 67}>"
"<Node id=9129 labels={'Literal'} properties={'name': 'Literal', 'order_att': 17, 'value': {'gromet_type': 'LiteralValue', 'value': '1', 'value_type': 'Integer'}, 'order_box': 10}>","<Relationship id=14085 start_node_id=9129 end_node_id=9220 nodes=(9129, 9220) type=Metadata properties={}>","<Node id=9220 labels={'Metadata'} properties={'gromet_version': ['', ''], 'source_language_version': ['3.8', ''], 'variable_definition': ['', ''], 'files': ['', ''], 'source_language': ['Python', ''], 'global_reference_id': ['', ''], 'data_type': [""<class 'int'>"", ''], 'name': ['', ''], 'line_end': [0, 29], 'code_file_reference_uid': ['', '24b153c7-7ee2-b332-c3ca-5becc031ed64'], 'line_begin': [0, 29], 'metadata_type': ['', ''], 'text_extraction': ['', ''], 'col_begin': [0, 8], 'grounding': ['', ''], 'variable_identifier': ['', ''], 'provenance': ['Provenance { method: Some(""skema_code2fn_program_analysis""), timestamp: Some(""2024-02-01 21:12:35.811719"") }', 'Provenance { method: Some(""skema_code2fn_program_analysis""), timestamp: Some(""2024-02-01 21:12:35.811713"") }'], 'col_end': [0, 9], 'value': ['', ''], 'metadata_idx': 64}>"
"<Node id=9130 labels={'Literal'} properties={'name': 'Literal', 'order_att': 17, 'value': {'gromet_type': 'LiteralValue', 'value': '5', 'value_type': 'Integer'}, 'order_box': 10}>","<Relationship id=14086 start_node_id=9130 end_node_id=9221 nodes=(9130, 9221) type=Metadata properties={}>","<Node id=9221 labels={'Metadata'} properties={'gromet_version': ['', ''], 'source_language_version': ['3.8', ''], 'variable_definition': ['', ''], 'files': ['', ''], 'source_language': ['Python', ''], 'global_reference_id': ['', ''], 'data_type': [""<class 'int'>"", ''], 'name': ['', ''], 'line_end': [0, 29], 'code_file_reference_uid': ['', '24b153c7-7ee2-b332-c3ca-5becc031ed64'], 'line_begin': [0, 29], 'metadata_type': ['', ''], 'text_extraction': ['', ''], 'col_begin': [0, 10], 'grounding': ['', ''], 'variable_identifier': ['', ''], 'provenance': ['Provenance { method: Some(""skema_code2fn_program_analysis""), timestamp: Some(""2024-02-01 21:12:35.811785"") }', 'Provenance { method: Some(""skema_code2fn_program_analysis""), timestamp: Some(""2024-02-01 21:12:35.811746"") }'], 'col_end': [0, 11], 'value': ['', ''], 'metadata_idx': 65}>"
"<Node id=9131 labels={'Primitive'} properties={'name': 'ast.Div', 'order_att': 17, 'value': '', 'order_box': 10}>","<Relationship id=14087 start_node_id=9131 end_node_id=9222 nodes=(9131, 9222) type=Metadata properties={}>","<Node id=9222 labels={'Metadata'} properties={'gromet_version': [''], 'source_language_version': [''], 'variable_definition': [''], 'files': [''], 'source_language': [''], 'global_reference_id': [''], 'data_type': [''], 'name': [''], 'line_end': [29], 'code_file_reference_uid': ['24b153c7-7ee2-b332-c3ca-5becc031ed64'], 'line_begin': [29], 'metadata_type': [''], 'text_extraction': [''], 'col_begin': [8], 'grounding': [''], 'variable_identifier': [''], 'provenance': ['Provenance { method: Some(""skema_code2fn_program_analysis""), timestamp: Some(""2024-02-01 21:12:35.811810"") }'], 'col_end': [11], 'value': [''], 'metadata_idx': 66}>"
"<Node id=9132 labels={'Expression'} properties={'name': 'Expression65', 'order_att': 18, 'value': '', 'order_box': 11}>","<Relationship id=14090 start_node_id=9132 end_node_id=9223 nodes=(9132, 9223) type=Metadata properties={}>","<Node id=9223 labels={'Metadata'} properties={'gromet_version': [''], 'source_language_version': [''], 'variable_definition': [''], 'files': [''], 'source_language': [''], 'global_reference_id': [''], 'data_type': [''], 'name': [''], 'line_end': [30], 'code_file_reference_uid': ['24b153c7-7ee2-b332-c3ca-5becc031ed64'], 'line_begin': [30], 'metadata_type': [''], 'text_extraction': [''], 'col_begin': [0], 'grounding': [''], 'variable_identifier': [''], 'provenance': ['Provenance { method: Some(""skema_code2fn_program_analysis""), timestamp: Some(""2024-02-01 21:12:35.811875"") }'], 'col_end': [12], 'value': [''], 'metadata_idx': 71}>"
"<Node id=9134 labels={'Literal'} properties={'name': 'Literal', 'order_att': 18, 'value': {'gromet_type': 'LiteralValue', 'value': '1', 'value_type': 'Integer'}, 'order_box': 11}>","<Relationship id=14093 start_node_id=9134 end_node_id=9224 nodes=(9134, 9224) type=Metadata properties={}>","<Node id=9224 labels={'Metadata'} properties={'gromet_version': ['', ''], 'source_language_version': ['3.8', ''], 'variable_definition': ['', ''], 'files': ['', ''], 'source_language': ['Python', ''], 'global_reference_id': ['', ''], 'data_type': [""<class 'int'>"", ''], 'name': ['', ''], 'line_end': [0, 30], 'code_file_reference_uid': ['', '24b153c7-7ee2-b332-c3ca-5becc031ed64'], 'line_begin': [0, 30], 'metadata_type': ['', ''], 'text_extraction': ['', ''], 'col_begin': [0, 8], 'grounding': ['', ''], 'variable_identifier': ['', ''], 'provenance': ['Provenance { method: Some(""skema_code2fn_program_analysis""), timestamp: Some(""2024-02-01 21:12:35.811906"") }', 'Provenance { method: Some(""skema_code2fn_program_analysis""), timestamp: Some(""2024-02-01 21:12:35.811899"") }'], 'col_end': [0, 9], 'value': ['', ''], 'metadata_idx': 68}>"
"<Node id=9135 labels={'Literal'} properties={'name': 'Literal', 'order_att': 18, 'value': {'gromet_type': 'LiteralValue', 'value': '10', 'value_type': 'Integer'}, 'order_box': 11}>","<Relationship id=14094 start_node_id=9135 end_node_id=9225 nodes=(9135, 9225) type=Metadata properties={}>","<Node id=9225 labels={'Metadata'} properties={'gromet_version': ['', ''], 'source_language_version': ['3.8', ''], 'variable_definition': ['', ''], 'files': ['', ''], 'source_language': ['Python', ''], 'global_reference_id': ['', ''], 'data_type': [""<class 'int'>"", ''], 'name': ['', ''], 'line_end': [0, 30], 'code_file_reference_uid': ['', '24b153c7-7ee2-b332-c3ca-5becc031ed64'], 'line_begin': [0, 30], 'metadata_type': ['', ''], 'text_extraction': ['', ''], 'col_begin': [0, 10], 'grounding': ['', ''], 'variable_identifier': ['', ''], 'provenance': ['Provenance { method: Some(""skema_code2fn_program_analysis""), timestamp: Some(""2024-02-01 21:12:35.811939"") }', 'Provenance { method: Some(""skema_code2fn_program_analysis""), timestamp: Some(""2024-02-01 21:12:35.811931"") }'], 'col_end': [0, 12], 'value': ['', ''], 'metadata_idx': 69}>"
"<Node id=9136 labels={'Primitive'} properties={'name': 'ast.Div', 'order_att': 18, 'value': '', 'order_box': 11}>","<Relationship id=14097 start_node_id=9136 end_node_id=9226 nodes=(9136, 9226) type=Metadata properties={}>","<Node id=9226 labels={'Metadata'} properties={'gromet_version': [''], 'source_language_version': [''], 'variable_definition': [''], 'files': [''], 'source_language': [''], 'global_reference_id': [''], 'data_type': [''], 'name': [''], 'line_end': [30], 'code_file_reference_uid': ['24b153c7-7ee2-b332-c3ca-5becc031ed64'], 'line_begin': [30], 'metadata_type': [''], 'text_extraction': [''], 'col_begin': [8], 'grounding': [''], 'variable_identifier': [''], 'provenance': ['Provenance { method: Some(""skema_code2fn_program_analysis""), timestamp: Some(""2024-02-01 21:12:35.811959"") }'], 'col_end': [12], 'value': [''], 'metadata_idx': 70}>"
"<Node id=9137 labels={'Expression'} properties={'name': 'Expression74', 'order_att': 19, 'value': '', 'order_box': 12}>","<Relationship id=14100 start_node_id=9137 end_node_id=9227 nodes=(9137, 9227) type=Metadata properties={}>","<Node id=9227 labels={'Metadata'} properties={'gromet_version': [''], 'source_language_version': [''], 'variable_definition': [''], 'files': [''], 'source_language': [''], 'global_reference_id': [''], 'data_type': [''], 'name': [''], 'line_end': [31], 'code_file_reference_uid': ['24b153c7-7ee2-b332-c3ca-5becc031ed64'], 'line_begin': [31], 'metadata_type': [''], 'text_extraction': [''], 'col_begin': [0], 'grounding': [''], 'variable_identifier': [''], 'provenance': ['Provenance { method: Some(""skema_code2fn_program_analysis""), timestamp: Some(""2024-02-01 21:12:35.812018"") }'], 'col_end': [11], 'value': [''], 'metadata_idx': 75}>"
"<Node id=9139 labels={'Literal'} properties={'name': 'Literal', 'order_att': 19, 'value': {'gromet_type': 'LiteralValue', 'value': '1', 'value_type': 'Integer'}, 'order_box': 12}>","<Relationship id=14103 start_node_id=9139 end_node_id=9228 nodes=(9139, 9228) type=Metadata properties={}>","<Node id=9228 labels={'Metadata'} properties={'gromet_version': ['', ''], 'source_language_version': ['3.8', ''], 'variable_definition': ['', ''], 'files': ['', ''], 'source_language': ['Python', ''], 'global_reference_id': ['', ''], 'data_type': [""<class 'int'>"", ''], 'name': ['', ''], 'line_end': [0, 31], 'code_file_reference_uid': ['', '24b153c7-7ee2-b332-c3ca-5becc031ed64'], 'line_begin': [0, 31], 'metadata_type': ['', ''], 'text_extraction': ['', ''], 'col_begin': [0, 8], 'grounding': ['', ''], 'variable_identifier': ['', ''], 'provenance': ['Provenance { method: Some(""skema_code2fn_program_analysis""), timestamp: Some(""2024-02-01 21:12:35.812060"") }', 'Provenance { method: Some(""skema_code2fn_program_analysis""), timestamp: Some(""2024-02-01 21:12:35.812052"") }'], 'col_end': [0, 9], 'value': ['', ''], 'metadata_idx': 72}>"
"<Node id=9140 labels={'Literal'} properties={'name': 'Literal', 'order_att': 19, 'value': {'gromet_type': 'LiteralValue', 'value': '2', 'value_type': 'Integer'}, 'order_box': 12}>","<Relationship id=14104 start_node_id=9140 end_node_id=9229 nodes=(9140, 9229) type=Metadata properties={}>","<Node id=9229 labels={'Metadata'} properties={'gromet_version': ['', ''], 'source_language_version': ['3.8', ''], 'variable_definition': ['', ''], 'files': ['', ''], 'source_language': ['Python', ''], 'global_reference_id': ['', ''], 'data_type': [""<class 'int'>"", ''], 'name': ['', ''], 'line_end': [0, 31], 'code_file_reference_uid': ['', '24b153c7-7ee2-b332-c3ca-5becc031ed64'], 'line_begin': [0, 31], 'metadata_type': ['', ''], 'text_extraction': ['', ''], 'col_begin': [0, 10], 'grounding': ['', ''], 'variable_identifier': ['', ''], 'provenance': ['Provenance { method: Some(""skema_code2fn_program_analysis""), timestamp: Some(""2024-02-01 21:12:35.812090"") }', 'Provenance { method: Some(""skema_code2fn_program_analysis""), timestamp: Some(""2024-02-01 21:12:35.812083"") }'], 'col_end': [0, 11], 'value': ['', ''], 'metadata_idx': 73}>"
"<Node id=9141 labels={'Primitive'} properties={'name': 'ast.Div', 'order_att': 19, 'value': '', 'order_box': 12}>","<Relationship id=14106 start_node_id=9141 end_node_id=9230 nodes=(9141, 9230) type=Metadata properties={}>","<Node id=9230 labels={'Metadata'} properties={'gromet_version': [''], 'source_language_version': [''], 'variable_definition': [''], 'files': [''], 'source_language': [''], 'global_reference_id': [''], 'data_type': [''], 'name': [''], 'line_end': [31], 'code_file_reference_uid': ['24b153c7-7ee2-b332-c3ca-5becc031ed64'], 'line_begin': [31], 'metadata_type': [''], 'text_extraction': [''], 'col_begin': [8], 'grounding': [''], 'variable_identifier': [''], 'provenance': ['Provenance { method: Some(""skema_code2fn_program_analysis""), timestamp: Some(""2024-02-01 21:12:35.812111"") }'], 'col_end': [11], 'value': [''], 'metadata_idx': 74}>"
"<Node id=9142 labels={'Expression'} properties={'name': 'Expression83', 'order_att': 20, 'value': '', 'order_box': 13}>","<Relationship id=14109 start_node_id=9142 end_node_id=9231 nodes=(9142, 9231) type=Metadata properties={}>","<Node id=9231 labels={'Metadata'} properties={'gromet_version': [''], 'source_language_version': [''], 'variable_definition': [''], 'files': [''], 'source_language': [''], 'global_reference_id': [''], 'data_type': [''], 'name': [''], 'line_end': [32], 'code_file_reference_uid': ['24b153c7-7ee2-b332-c3ca-5becc031ed64'], 'line_begin': [32], 'metadata_type': [''], 'text_extraction': [''], 'col_begin': [0], 'grounding': [''], 'variable_identifier': [''], 'provenance': ['Provenance { method: Some(""skema_code2fn_program_analysis""), timestamp: Some(""2024-02-01 21:12:35.812170"") }'], 'col_end': [9], 'value': [''], 'metadata_idx': 79}>"
"<Node id=9144 labels={'Literal'} properties={'name': 'Literal', 'order_att': 20, 'value': {'gromet_type': 'LiteralValue', 'value': '1', 'value_type': 'Integer'}, 'order_box': 13}>","<Relationship id=14112 start_node_id=9144 end_node_id=9232 nodes=(9144, 9232) type=Metadata properties={}>","<Node id=9232 labels={'Metadata'} properties={'gromet_version': ['', ''], 'source_language_version': ['3.8', ''], 'variable_definition': ['', ''], 'files': ['', ''], 'source_language': ['Python', ''], 'global_reference_id': ['', ''], 'data_type': [""<class 'int'>"", ''], 'name': ['', ''], 'line_end': [0, 32], 'code_file_reference_uid': ['', '24b153c7-7ee2-b332-c3ca-5becc031ed64'], 'line_begin': [0, 32], 'metadata_type': ['', ''], 'text_extraction': ['', ''], 'col_begin': [0, 5], 'grounding': ['', ''], 'variable_identifier': ['', ''], 'provenance': ['Provenance { method: Some(""skema_code2fn_program_analysis""), timestamp: Some(""2024-02-01 21:12:35.812202"") }', 'Provenance { method: Some(""skema_code2fn_program_analysis""), timestamp: Some(""2024-02-01 21:12:35.812195"") }'], 'col_end': [0, 6], 'value': ['', ''], 'metadata_idx': 76}>"
"<Node id=9145 labels={'Literal'} properties={'name': 'Literal', 'order_att': 20, 'value': {'gromet_type': 'LiteralValue', 'value': '20', 'value_type': 'Integer'}, 'order_box': 13}>","<Relationship id=14113 start_node_id=9145 end_node_id=9233 nodes=(9145, 9233) type=Metadata properties={}>","<Node id=9233 labels={'Metadata'} properties={'gromet_version': ['', ''], 'source_language_version': ['3.8', ''], 'variable_definition': ['', ''], 'files': ['', ''], 'source_language': ['Python', ''], 'global_reference_id': ['', ''], 'data_type': [""<class 'int'>"", ''], 'name': ['', ''], 'line_end': [0, 32], 'code_file_reference_uid': ['', '24b153c7-7ee2-b332-c3ca-5becc031ed64'], 'line_begin': [0, 32], 'metadata_type': ['', ''], 'text_extraction': ['', ''], 'col_begin': [0, 7], 'grounding': ['', ''], 'variable_identifier': ['', ''], 'provenance': ['Provenance { method: Some(""skema_code2fn_program_analysis""), timestamp: Some(""2024-02-01 21:12:35.812232"") }', 'Provenance { method: Some(""skema_code2fn_program_analysis""), timestamp: Some(""2024-02-01 21:12:35.812226"") }'], 'col_end': [0, 9], 'value': ['', ''], 'metadata_idx': 77}>"
"<Node id=9146 labels={'Primitive'} properties={'name': 'ast.Div', 'order_att': 20, 'value': '', 'order_box': 13}>","<Relationship id=14114 start_node_id=9146 end_node_id=9234 nodes=(9146, 9234) type=Metadata properties={}>","<Node id=9234 labels={'Metadata'} properties={'gromet_version': [''], 'source_language_version': [''], 'variable_definition': [''], 'files': [''], 'source_language': [''], 'global_reference_id': [''], 'data_type': [''], 'name': [''], 'line_end': [32], 'code_file_reference_uid': ['24b153c7-7ee2-b332-c3ca-5becc031ed64'], 'line_begin': [32], 'metadata_type': [''], 'text_extraction': [''], 'col_begin': [5], 'grounding': [''], 'variable_identifier': [''], 'provenance': ['Provenance { method: Some(""skema_code2fn_program_analysis""), timestamp: Some(""2024-02-01 21:12:35.812253"") }'], 'col_end': [9], 'value': [''], 'metadata_idx': 78}>"
"<Node id=9148 labels={'Primitive'} properties={'name': 'module.linspace_0', 'order_att': 0, 'value': '', 'order_box': 15}>","<Relationship id=14118 start_node_id=9148 end_node_id=9235 nodes=(9148, 9235) type=Metadata properties={}>","<Node id=9235 labels={'Metadata'} properties={'gromet_version': [''], 'source_language_version': [''], 'variable_definition': [''], 'files': [''], 'source_language': [''], 'global_reference_id': [''], 'data_type': [''], 'name': [''], 'line_end': [36], 'code_file_reference_uid': ['24b153c7-7ee2-b332-c3ca-5becc031ed64'], 'line_begin': [36], 'metadata_type': [''], 'text_extraction': [''], 'col_begin': [4], 'grounding': [''], 'variable_identifier': [''], 'provenance': ['Provenance { method: Some(""skema_code2fn_program_analysis""), timestamp: Some(""2024-02-01 21:12:35.812319"") }'], 'col_end': [28], 'value': [''], 'metadata_idx': 80}>"
"<Node id=9149 labels={'Literal'} properties={'name': 'Literal', 'order_att': 0, 'value': {'gromet_type': 'LiteralValue', 'value': '0', 'value_type': 'Integer'}, 'order_box': 16}>","<Relationship id=14119 start_node_id=9149 end_node_id=9236 nodes=(9149, 9236) type=Metadata properties={}>","<Node id=9236 labels={'Metadata'} properties={'gromet_version': ['', ''], 'source_language_version': ['3.8', ''], 'variable_definition': ['', ''], 'files': ['', ''], 'source_language': ['Python', ''], 'global_reference_id': ['', ''], 'data_type': [""<class 'int'>"", ''], 'name': ['', ''], 'line_end': [0, 36], 'code_file_reference_uid': ['', '24b153c7-7ee2-b332-c3ca-5becc031ed64'], 'line_begin': [0, 36], 'metadata_type': ['', ''], 'text_extraction': ['', ''], 'col_begin': [0, 16], 'grounding': ['', ''], 'variable_identifier': ['', ''], 'provenance': ['Provenance { method: Some(""skema_code2fn_program_analysis""), timestamp: Some(""2024-02-01 21:12:35.812469"") }', 'Provenance { method: Some(""skema_code2fn_program_analysis""), timestamp: Some(""2024-02-01 21:12:35.812459"") }'], 'col_end': [0, 17], 'value': ['', ''], 'metadata_idx': 81}>"
"<Node id=9150 labels={'Literal'} properties={'name': 'Literal', 'order_att': 0, 'value': {'gromet_type': 'LiteralValue', 'value': '365', 'value_type': 'Integer'}, 'order_box': 17}>","<Relationship id=14120 start_node_id=9150 end_node_id=9237 nodes=(9150, 9237) type=Metadata properties={}>","<Node id=9237 labels={'Metadata'} properties={'gromet_version': ['', ''], 'source_language_version': ['3.8', ''], 'variable_definition': ['', ''], 'files': ['', ''], 'source_language': ['Python', ''], 'global_reference_id': ['', ''], 'data_type': [""<class 'int'>"", ''], 'name': ['', ''], 'line_end': [0, 36], 'code_file_reference_uid': ['', '24b153c7-7ee2-b332-c3ca-5becc031ed64'], 'line_begin': [0, 36], 'metadata_type': ['', ''], 'text_extraction': ['', ''], 'col_begin': [0, 19], 'grounding': ['', ''], 'variable_identifier': ['', ''], 'provenance': ['Provenance { method: Some(""skema_code2fn_program_analysis""), timestamp: Some(""2024-02-01 21:12:35.812514"") }', 'Provenance { method: Some(""skema_code2fn_program_analysis""), timestamp: Some(""2024-02-01 21:12:35.812507"") }'], 'col_end': [0, 22], 'value': ['', ''], 'metadata_idx': 82}>"
"<Node id=9151 labels={'Literal'} properties={'name': 'Literal', 'order_att': 0, 'value': {'gromet_type': 'LiteralValue', 'value': '365', 'value_type': 'Integer'}, 'order_box': 18}>","<Relationship id=13983 start_node_id=9151 end_node_id=9238 nodes=(9151, 9238) type=Metadata properties={}>","<Node id=9238 labels={'Metadata'} properties={'gromet_version': ['', ''], 'source_language_version': ['3.8', ''], 'variable_definition': ['', ''], 'files': ['', ''], 'source_language': ['Python', ''], 'global_reference_id': ['', ''], 'data_type': [""<class 'int'>"", ''], 'name': ['', ''], 'line_end': [0, 36], 'code_file_reference_uid': ['', '24b153c7-7ee2-b332-c3ca-5becc031ed64'], 'line_begin': [0, 36], 'metadata_type': ['', ''], 'text_extraction': ['', ''], 'col_begin': [0, 24], 'grounding': ['', ''], 'variable_identifier': ['', ''], 'provenance': ['Provenance { method: Some(""skema_code2fn_program_analysis""), timestamp: Some(""2024-02-01 21:12:35.812558"") }', 'Provenance { method: Some(""skema_code2fn_program_analysis""), timestamp: Some(""2024-02-01 21:12:35.812551"") }'], 'col_end': [0, 27], 'value': ['', ''], 'metadata_idx': 83}>"
"<Node id=9152 labels={'Primitive'} properties={'name': 'scipy.integrate.odeint_id29', 'order_att': 0, 'value': '', 'order_box': 20}>","<Relationship id=13984 start_node_id=9152 end_node_id=9239 nodes=(9152, 9239) type=Metadata properties={}>","<Node id=9239 labels={'Metadata'} properties={'gromet_version': [''], 'source_language_version': [''], 'variable_definition': [''], 'files': [''], 'source_language': [''], 'global_reference_id': [''], 'data_type': [''], 'name': [''], 'line_end': [41], 'code_file_reference_uid': ['24b153c7-7ee2-b332-c3ca-5becc031ed64'], 'line_begin': [41], 'metadata_type': [''], 'text_extraction': [''], 'col_begin': [9], 'grounding': [''], 'variable_identifier': [''], 'provenance': ['Provenance { method: Some(""skema_code2fn_program_analysis""), timestamp: Some(""2024-02-01 21:12:35.812692"") }'], 'col_end': [76], 'value': [''], 'metadata_idx': 84}>"
"<Node id=9154 labels={'Expression'} properties={'name': 'Expression108', 'order_att': 23, 'value': '', 'order_box': 23}>","<Relationship id=13985 start_node_id=9154 end_node_id=9240 nodes=(9154, 9240) type=Metadata properties={}>","<Node id=9240 labels={'Metadata'} properties={'gromet_version': [''], 'source_language_version': [''], 'variable_definition': [''], 'files': [''], 'source_language': [''], 'global_reference_id': [''], 'data_type': [''], 'name': [''], 'line_end': [42], 'code_file_reference_uid': ['24b153c7-7ee2-b332-c3ca-5becc031ed64'], 'line_begin': [42], 'metadata_type': [''], 'text_extraction': [''], 'col_begin': [0], 'grounding': [''], 'variable_identifier': [''], 'provenance': ['Provenance { method: Some(""skema_code2fn_program_analysis""), timestamp: Some(""2024-02-01 21:12:35.812961"") }'], 'col_end': [27], 'value': [''], 'metadata_idx': 85}>"
"<Node id=9159 labels={'Primitive'} properties={'name': 'module.plot_0', 'order_att': 0, 'value': '', 'order_box': 26}>","<Relationship id=13988 start_node_id=9159 end_node_id=9241 nodes=(9159, 9241) type=Metadata properties={}>","<Node id=9241 labels={'Metadata'} properties={'gromet_version': [''], 'source_language_version': [''], 'variable_definition': [''], 'files': [''], 'source_language': [''], 'global_reference_id': [''], 'data_type': [''], 'name': [''], 'line_end': [48], 'code_file_reference_uid': ['24b153c7-7ee2-b332-c3ca-5becc031ed64'], 'line_begin': [48], 'metadata_type': [''], 'text_extraction': [''], 'col_begin': [0], 'grounding': [''], 'variable_identifier': [''], 'provenance': ['Provenance { method: Some(""skema_code2fn_program_analysis""), timestamp: Some(""2024-02-01 21:12:35.813188"") }'], 'col_end': [35], 'value': [''], 'metadata_idx': 92}>"
"<Node id=9160 labels={'Expression'} properties={'name': 'Expression120', 'order_att': 25, 'value': '', 'order_box': 27}>","<Relationship id=13991 start_node_id=9160 end_node_id=9242 nodes=(9160, 9242) type=Metadata properties={}>","<Node id=9242 labels={'Metadata'} properties={'gromet_version': [''], 'source_language_version': [''], 'variable_definition': [''], 'files': [''], 'source_language': [''], 'global_reference_id': [''], 'data_type': [''], 'name': [''], 'line_end': [48], 'code_file_reference_uid': ['24b153c7-7ee2-b332-c3ca-5becc031ed64'], 'line_begin': [48], 'metadata_type': [''], 'text_extraction': [''], 'col_begin': [0], 'grounding': [''], 'variable_identifier': [''], 'provenance': ['Provenance { method: Some(""skema_code2fn_program_analysis""), timestamp: Some(""2024-02-01 21:12:35.813303"") }'], 'col_end': [35], 'value': [''], 'metadata_idx': 94}>"
"<Node id=9162 labels={'Literal'} properties={'name': 'Literal', 'order_att': 25, 'value': {'gromet_type': 'LiteralValue', 'value': '""Susceptible""', 'value_type': 'List'}, 'order_box': 27}>","<Relationship id=13994 start_node_id=9162 end_node_id=9243 nodes=(9162, 9243) type=Metadata properties={}>","<Node id=9243 labels={'Metadata'} properties={'gromet_version': ['', ''], 'source_language_version': ['3.8', ''], 'variable_definition': ['', ''], 'files': ['', ''], 'source_language': ['Python', ''], 'global_reference_id': ['', ''], 'data_type': [""<class 'str'>"", ''], 'name': ['', ''], 'line_end': [0, 48], 'code_file_reference_uid': ['', '24b153c7-7ee2-b332-c3ca-5becc031ed64'], 'line_begin': [0, 48], 'metadata_type': ['', ''], 'text_extraction': ['', ''], 'col_begin': [0, 21], 'grounding': ['', ''], 'variable_identifier': ['', ''], 'provenance': ['Provenance { method: Some(""skema_code2fn_program_analysis""), timestamp: Some(""2024-02-01 21:12:35.813333"") }', 'Provenance { method: Some(""skema_code2fn_program_analysis""), timestamp: Some(""2024-02-01 21:12:35.813326"") }'], 'col_end': [0, 34], 'value': ['', ''], 'metadata_idx': 93}>"
"<Node id=9163 labels={'Primitive'} properties={'name': 'module.plot_1', 'order_att': 0, 'value': '', 'order_box': 28}>","<Relationship id=13995 start_node_id=9163 end_node_id=9244 nodes=(9163, 9244) type=Metadata properties={}>","<Node id=9244 labels={'Metadata'} properties={'gromet_version': [''], 'source_language_version': [''], 'variable_definition': [''], 'files': [''], 'source_language': [''], 'global_reference_id': [''], 'data_type': [''], 'name': [''], 'line_end': [49], 'code_file_reference_uid': ['24b153c7-7ee2-b332-c3ca-5becc031ed64'], 'line_begin': [49], 'metadata_type': [''], 'text_extraction': [''], 'col_begin': [0], 'grounding': [''], 'variable_identifier': [''], 'provenance': ['Provenance { method: Some(""skema_code2fn_program_analysis""), timestamp: Some(""2024-02-01 21:12:35.813426"") }'], 'col_end': [31], 'value': [''], 'metadata_idx': 95}>"
"<Node id=9164 labels={'Expression'} properties={'name': 'Expression127', 'order_att': 27, 'value': '', 'order_box': 29}>","<Relationship id=13996 start_node_id=9164 end_node_id=9245 nodes=(9164, 9245) type=Metadata properties={}>","<Node id=9245 labels={'Metadata'} properties={'gromet_version': [''], 'source_language_version': [''], 'variable_definition': [''], 'files': [''], 'source_language': [''], 'global_reference_id': [''], 'data_type': [''], 'name': [''], 'line_end': [49], 'code_file_reference_uid': ['24b153c7-7ee2-b332-c3ca-5becc031ed64'], 'line_begin': [49], 'metadata_type': [''], 'text_extraction': [''], 'col_begin': [0], 'grounding': [''], 'variable_identifier': [''], 'provenance': ['Provenance { method: Some(""skema_code2fn_program_analysis""), timestamp: Some(""2024-02-01 21:12:35.813534"") }'], 'col_end': [31], 'value': [''], 'metadata_idx': 97}>"
"<Node id=9166 labels={'Literal'} properties={'name': 'Literal', 'order_att': 27, 'value': {'gromet_type': 'LiteralValue', 'value': '""Exposed""', 'value_type': 'List'}, 'order_box': 29}>","<Relationship id=13999 start_node_id=9166 end_node_id=9246 nodes=(9166, 9246) type=Metadata properties={}>","<Node id=9246 labels={'Metadata'} properties={'gromet_version': ['', ''], 'source_language_version': ['3.8', ''], 'variable_definition': ['', ''], 'files': ['', ''], 'source_language': ['Python', ''], 'global_reference_id': ['', ''], 'data_type': [""<class 'str'>"", ''], 'name': ['', ''], 'line_end': [0, 49], 'code_file_reference_uid': ['', '24b153c7-7ee2-b332-c3ca-5becc031ed64'], 'line_begin': [0, 49], 'metadata_type': ['', ''], 'text_extraction': ['', ''], 'col_begin': [0, 21], 'grounding': ['', ''], 'variable_identifier': ['', ''], 'provenance': ['Provenance { method: Some(""skema_code2fn_program_analysis""), timestamp: Some(""2024-02-01 21:12:35.813567"") }', 'Provenance { method: Some(""skema_code2fn_program_analysis""), timestamp: Some(""2024-02-01 21:12:35.813558"") }'], 'col_end': [0, 30], 'value': ['', ''], 'metadata_idx': 96}>"
"<Node id=9167 labels={'Primitive'} properties={'name': 'module.plot_2', 'order_att': 0, 'value': '', 'order_box': 30}>","<Relationship id=14001 start_node_id=9167 end_node_id=9247 nodes=(9167, 9247) type=Metadata properties={}>","<Node id=9247 labels={'Metadata'} properties={'gromet_version': [''], 'source_language_version': [''], 'variable_definition': [''], 'files': [''], 'source_language': [''], 'global_reference_id': [''], 'data_type': [''], 'name': [''], 'line_end': [50], 'code_file_reference_uid': ['24b153c7-7ee2-b332-c3ca-5becc031ed64'], 'line_begin': [50], 'metadata_type': [''], 'text_extraction': [''], 'col_begin': [0], 'grounding': [''], 'variable_identifier': [''], 'provenance': ['Provenance { method: Some(""skema_code2fn_program_analysis""), timestamp: Some(""2024-02-01 21:12:35.813635"") }'], 'col_end': [32], 'value': [''], 'metadata_idx': 98}>"
"<Node id=9168 labels={'Expression'} properties={'name': 'Expression134', 'order_att': 29, 'value': '', 'order_box': 31}>","<Relationship id=14002 start_node_id=9168 end_node_id=9248 nodes=(9168, 9248) type=Metadata properties={}>","<Node id=9248 labels={'Metadata'} properties={'gromet_version': [''], 'source_language_version': [''], 'variable_definition': [''], 'files': [''], 'source_language': [''], 'global_reference_id': [''], 'data_type': [''], 'name': [''], 'line_end': [50], 'code_file_reference_uid': ['24b153c7-7ee2-b332-c3ca-5becc031ed64'], 'line_begin': [50], 'metadata_type': [''], 'text_extraction': [''], 'col_begin': [0], 'grounding': [''], 'variable_identifier': [''], 'provenance': ['Provenance { method: Some(""skema_code2fn_program_analysis""), timestamp: Some(""2024-02-01 21:12:35.813730"") }'], 'col_end': [32], 'value': [''], 'metadata_idx': 100}>"
"<Node id=9170 labels={'Literal'} properties={'name': 'Literal', 'order_att': 29, 'value': {'gromet_type': 'LiteralValue', 'value': '""Infected""', 'value_type': 'List'}, 'order_box': 31}>","<Relationship id=14005 start_node_id=9170 end_node_id=9249 nodes=(9170, 9249) type=Metadata properties={}>","<Node id=9249 labels={'Metadata'} properties={'gromet_version': ['', ''], 'source_language_version': ['3.8', ''], 'variable_definition': ['', ''], 'files': ['', ''], 'source_language': ['Python', ''], 'global_reference_id': ['', ''], 'data_type': [""<class 'str'>"", ''], 'name': ['', ''], 'line_end': [0, 50], 'code_file_reference_uid': ['', '24b153c7-7ee2-b332-c3ca-5becc031ed64'], 'line_begin': [0, 50], 'metadata_type': ['', ''], 'text_extraction': ['', ''], 'col_begin': [0, 21], 'grounding': ['', ''], 'variable_identifier': ['', ''], 'provenance': ['Provenance { method: Some(""skema_code2fn_program_analysis""), timestamp: Some(""2024-02-01 21:12:35.813761"") }', 'Provenance { method: Some(""skema_code2fn_program_analysis""), timestamp: Some(""2024-02-01 21:12:35.813753"") }'], 'col_end': [0, 31], 'value': ['', ''], 'metadata_idx': 99}>"
"<Node id=9171 labels={'Primitive'} properties={'name': 'module.plot_3', 'order_att': 0, 'value': '', 'order_box': 32}>","<Relationship id=14006 start_node_id=9171 end_node_id=9250 nodes=(9171, 9250) type=Metadata properties={}>","<Node id=9250 labels={'Metadata'} properties={'gromet_version': [''], 'source_language_version': [''], 'variable_definition': [''], 'files': [''], 'source_language': [''], 'global_reference_id': [''], 'data_type': [''], 'name': [''], 'line_end': [51], 'code_file_reference_uid': ['24b153c7-7ee2-b332-c3ca-5becc031ed64'], 'line_begin': [51], 'metadata_type': [''], 'text_extraction': [''], 'col_begin': [0], 'grounding': [''], 'variable_identifier': [''], 'provenance': ['Provenance { method: Some(""skema_code2fn_program_analysis""), timestamp: Some(""2024-02-01 21:12:35.813820"") }'], 'col_end': [33], 'value': [''], 'metadata_idx': 101}>"
"<Node id=9172 labels={'Expression'} properties={'name': 'Expression141', 'order_att': 31, 'value': '', 'order_box': 33}>","<Relationship id=14008 start_node_id=9172 end_node_id=9251 nodes=(9172, 9251) type=Metadata properties={}>","<Node id=9251 labels={'Metadata'} properties={'gromet_version': [''], 'source_language_version': [''], 'variable_definition': [''], 'files': [''], 'source_language': [''], 'global_reference_id': [''], 'data_type': [''], 'name': [''], 'line_end': [51], 'code_file_reference_uid': ['24b153c7-7ee2-b332-c3ca-5becc031ed64'], 'line_begin': [51], 'metadata_type': [''], 'text_extraction': [''], 'col_begin': [0], 'grounding': [''], 'variable_identifier': [''], 'provenance': ['Provenance { method: Some(""skema_code2fn_program_analysis""), timestamp: Some(""2024-02-01 21:12:35.813917"") }'], 'col_end': [33], 'value': [''], 'metadata_idx': 103}>"
"<Node id=9174 labels={'Literal'} properties={'name': 'Literal', 'order_att': 31, 'value': {'gromet_type': 'LiteralValue', 'value': '""Recovered""', 'value_type': 'List'}, 'order_box': 33}>","<Relationship id=14011 start_node_id=9174 end_node_id=9252 nodes=(9174, 9252) type=Metadata properties={}>","<Node id=9252 labels={'Metadata'} properties={'gromet_version': ['', ''], 'source_language_version': ['3.8', ''], 'variable_definition': ['', ''], 'files': ['', ''], 'source_language': ['Python', ''], 'global_reference_id': ['', ''], 'data_type': [""<class 'str'>"", ''], 'name': ['', ''], 'line_end': [0, 51], 'code_file_reference_uid': ['', '24b153c7-7ee2-b332-c3ca-5becc031ed64'], 'line_begin': [0, 51], 'metadata_type': ['', ''], 'text_extraction': ['', ''], 'col_begin': [0, 21], 'grounding': ['', ''], 'variable_identifier': ['', ''], 'provenance': ['Provenance { method: Some(""skema_code2fn_program_analysis""), timestamp: Some(""2024-02-01 21:12:35.813944"") }', 'Provenance { method: Some(""skema_code2fn_program_analysis""), timestamp: Some(""2024-02-01 21:12:35.813937"") }'], 'col_end': [0, 32], 'value': ['', ''], 'metadata_idx': 102}>"
"<Node id=9175 labels={'Primitive'} properties={'name': 'module.plot_4', 'order_att': 0, 'value': '', 'order_box': 34}>","<Relationship id=14012 start_node_id=9175 end_node_id=9253 nodes=(9175, 9253) type=Metadata properties={}>","<Node id=9253 labels={'Metadata'} properties={'gromet_version': [''], 'source_language_version': [''], 'variable_definition': [''], 'files': [''], 'source_language': [''], 'global_reference_id': [''], 'data_type': [''], 'name': [''], 'line_end': [52], 'code_file_reference_uid': ['24b153c7-7ee2-b332-c3ca-5becc031ed64'], 'line_begin': [52], 'metadata_type': [''], 'text_extraction': [''], 'col_begin': [0], 'grounding': [''], 'variable_identifier': [''], 'provenance': ['Provenance { method: Some(""skema_code2fn_program_analysis""), timestamp: Some(""2024-02-01 21:12:35.814005"") }'], 'col_end': [36], 'value': [''], 'metadata_idx': 104}>"
"<Node id=9176 labels={'Expression'} properties={'name': 'Expression148', 'order_att': 33, 'value': '', 'order_box': 35}>","<Relationship id=14013 start_node_id=9176 end_node_id=9254 nodes=(9176, 9254) type=Metadata properties={}>","<Node id=9254 labels={'Metadata'} properties={'gromet_version': [''], 'source_language_version': [''], 'variable_definition': [''], 'files': [''], 'source_language': [''], 'global_reference_id': [''], 'data_type': [''], 'name': [''], 'line_end': [52], 'code_file_reference_uid': ['24b153c7-7ee2-b332-c3ca-5becc031ed64'], 'line_begin': [52], 'metadata_type': [''], 'text_extraction': [''], 'col_begin': [0], 'grounding': [''], 'variable_identifier': [''], 'provenance': ['Provenance { method: Some(""skema_code2fn_program_analysis""), timestamp: Some(""2024-02-01 21:12:35.814145"") }'], 'col_end': [36], 'value': [''], 'metadata_idx': 106}>"
"<Node id=9178 labels={'Literal'} properties={'name': 'Literal', 'order_att': 33, 'value': {'gromet_type': 'LiteralValue', 'value': '""Hospitalized""', 'value_type': 'List'}, 'order_box': 35}>","<Relationship id=14016 start_node_id=9178 end_node_id=9255 nodes=(9178, 9255) type=Metadata properties={}>","<Node id=9255 labels={'Metadata'} properties={'gromet_version': ['', ''], 'source_language_version': ['3.8', ''], 'variable_definition': ['', ''], 'files': ['', ''], 'source_language': ['Python', ''], 'global_reference_id': ['', ''], 'data_type': [""<class 'str'>"", ''], 'name': ['', ''], 'line_end': [0, 52], 'code_file_reference_uid': ['', '24b153c7-7ee2-b332-c3ca-5becc031ed64'], 'line_begin': [0, 52], 'metadata_type': ['', ''], 'text_extraction': ['', ''], 'col_begin': [0, 21], 'grounding': ['', ''], 'variable_identifier': ['', ''], 'provenance': ['Provenance { method: Some(""skema_code2fn_program_analysis""), timestamp: Some(""2024-02-01 21:12:35.814177"") }', 'Provenance { method: Some(""skema_code2fn_program_analysis""), timestamp: Some(""2024-02-01 21:12:35.814170"") }'], 'col_end': [0, 35], 'value': ['', ''], 'metadata_idx': 105}>"
"<Node id=9179 labels={'Primitive'} properties={'name': 'module.plot_5', 'order_att': 0, 'value': '', 'order_box': 36}>","<Relationship id=14017 start_node_id=9179 end_node_id=9256 nodes=(9179, 9256) type=Metadata properties={}>","<Node id=9256 labels={'Metadata'} properties={'gromet_version': [''], 'source_language_version': [''], 'variable_definition': [''], 'files': [''], 'source_language': [''], 'global_reference_id': [''], 'data_type': [''], 'name': [''], 'line_end': [53], 'code_file_reference_uid': ['24b153c7-7ee2-b332-c3ca-5becc031ed64'], 'line_begin': [53], 'metadata_type': [''], 'text_extraction': [''], 'col_begin': [0], 'grounding': [''], 'variable_identifier': [''], 'provenance': ['Provenance { method: Some(""skema_code2fn_program_analysis""), timestamp: Some(""2024-02-01 21:12:35.814249"") }'], 'col_end': [32], 'value': [''], 'metadata_idx': 107}>"
"<Node id=9180 labels={'Expression'} properties={'name': 'Expression155', 'order_att': 35, 'value': '', 'order_box': 37}>","<Relationship id=14018 start_node_id=9180 end_node_id=9257 nodes=(9180, 9257) type=Metadata properties={}>","<Node id=9257 labels={'Metadata'} properties={'gromet_version': [''], 'source_language_version': [''], 'variable_definition': [''], 'files': [''], 'source_language': [''], 'global_reference_id': [''], 'data_type': [''], 'name': [''], 'line_end': [53], 'code_file_reference_uid': ['24b153c7-7ee2-b332-c3ca-5becc031ed64'], 'line_begin': [53], 'metadata_type': [''], 'text_extraction': [''], 'col_begin': [0], 'grounding': [''], 'variable_identifier': [''], 'provenance': ['Provenance { method: Some(""skema_code2fn_program_analysis""), timestamp: Some(""2024-02-01 21:12:35.814376"") }'], 'col_end': [32], 'value': [''], 'metadata_idx': 109}>"
"<Node id=9182 labels={'Literal'} properties={'name': 'Literal', 'order_att': 35, 'value': {'gromet_type': 'LiteralValue', 'value': '""Deceased""', 'value_type': 'List'}, 'order_box': 37}>","<Relationship id=14021 start_node_id=9182 end_node_id=9258 nodes=(9182, 9258) type=Metadata properties={}>","<Node id=9258 labels={'Metadata'} properties={'gromet_version': ['', ''], 'source_language_version': ['3.8', ''], 'variable_definition': ['', ''], 'files': ['', ''], 'source_language': ['Python', ''], 'global_reference_id': ['', ''], 'data_type': [""<class 'str'>"", ''], 'name': ['', ''], 'line_end': [0, 53], 'code_file_reference_uid': ['', '24b153c7-7ee2-b332-c3ca-5becc031ed64'], 'line_begin': [0, 53], 'metadata_type': ['', ''], 'text_extraction': ['', ''], 'col_begin': [0, 21], 'grounding': ['', ''], 'variable_identifier': ['', ''], 'provenance': ['Provenance { method: Some(""skema_code2fn_program_analysis""), timestamp: Some(""2024-02-01 21:12:35.814406"") }', 'Provenance { method: Some(""skema_code2fn_program_analysis""), timestamp: Some(""2024-02-01 21:12:35.814397"") }'], 'col_end': [0, 31], 'value': ['', ''], 'metadata_idx': 108}>"
"<Node id=9184 labels={'Primitive'} properties={'name': 'module.xlabel_0', 'order_att': 0, 'value': '', 'order_box': 39}>","<Relationship id=14022 start_node_id=9184 end_node_id=9259 nodes=(9184, 9259) type=Metadata properties={}>","<Node id=9259 labels={'Metadata'} properties={'gromet_version': [''], 'source_language_version': [''], 'variable_definition': [''], 'files': [''], 'source_language': [''], 'global_reference_id': [''], 'data_type': [''], 'name': [''], 'line_end': [54], 'code_file_reference_uid': ['24b153c7-7ee2-b332-c3ca-5becc031ed64'], 'line_begin': [54], 'metadata_type': [''], 'text_extraction': [''], 'col_begin': [0], 'grounding': [''], 'variable_identifier': [''], 'provenance': ['Provenance { method: Some(""skema_code2fn_program_analysis""), timestamp: Some(""2024-02-01 21:12:35.814494"") }'], 'col_end': [25], 'value': [''], 'metadata_idx': 110}>"
"<Node id=9185 labels={'Literal'} properties={'name': 'Literal', 'order_att': 0, 'value': {'gromet_type': 'LiteralValue', 'value': '""Time (days)""', 'value_type': 'List'}, 'order_box': 40}>","<Relationship id=14023 start_node_id=9185 end_node_id=9260 nodes=(9185, 9260) type=Metadata properties={}>","<Node id=9260 labels={'Metadata'} properties={'gromet_version': ['', ''], 'source_language_version': ['3.8', ''], 'variable_definition': ['', ''], 'files': ['', ''], 'source_language': ['Python', ''], 'global_reference_id': ['', ''], 'data_type': [""<class 'str'>"", ''], 'name': ['', ''], 'line_end': [0, 54], 'code_file_reference_uid': ['', '24b153c7-7ee2-b332-c3ca-5becc031ed64'], 'line_begin': [0, 54], 'metadata_type': ['', ''], 'text_extraction': ['', ''], 'col_begin': [0, 11], 'grounding': ['', ''], 'variable_identifier': ['', ''], 'provenance': ['Provenance { method: Some(""skema_code2fn_program_analysis""), timestamp: Some(""2024-02-01 21:12:35.814604"") }', 'Provenance { method: Some(""skema_code2fn_program_analysis""), timestamp: Some(""2024-02-01 21:12:35.814596"") }'], 'col_end': [0, 24], 'value': ['', ''], 'metadata_idx': 111}>"
"<Node id=9187 labels={'Primitive'} properties={'name': 'module.ylabel_0', 'order_att': 0, 'value': '', 'order_box': 42}>","<Relationship id=14024 start_node_id=9187 end_node_id=9261 nodes=(9187, 9261) type=Metadata properties={}>","<Node id=9261 labels={'Metadata'} properties={'gromet_version': [''], 'source_language_version': [''], 'variable_definition': [''], 'files': [''], 'source_language': [''], 'global_reference_id': [''], 'data_type': [''], 'name': [''], 'line_end': [55], 'code_file_reference_uid': ['24b153c7-7ee2-b332-c3ca-5becc031ed64'], 'line_begin': [55], 'metadata_type': [''], 'text_extraction': [''], 'col_begin': [0], 'grounding': [''], 'variable_identifier': [''], 'provenance': ['Provenance { method: Some(""skema_code2fn_program_analysis""), timestamp: Some(""2024-02-01 21:12:35.814657"") }'], 'col_end': [35], 'value': [''], 'metadata_idx': 112}>"
"<Node id=9188 labels={'Literal'} properties={'name': 'Literal', 'order_att': 0, 'value': {'gromet_type': 'LiteralValue', 'value': '""Number of individuals""', 'value_type': 'List'}, 'order_box': 43}>","<Relationship id=14027 start_node_id=9188 end_node_id=9262 nodes=(9188, 9262) type=Metadata properties={}>","<Node id=9262 labels={'Metadata'} properties={'gromet_version': ['', ''], 'source_language_version': ['3.8', ''], 'variable_definition': ['', ''], 'files': ['', ''], 'source_language': ['Python', ''], 'global_reference_id': ['', ''], 'data_type': [""<class 'str'>"", ''], 'name': ['', ''], 'line_end': [0, 55], 'code_file_reference_uid': ['', '24b153c7-7ee2-b332-c3ca-5becc031ed64'], 'line_begin': [0, 55], 'metadata_type': ['', ''], 'text_extraction': ['', ''], 'col_begin': [0, 11], 'grounding': ['', ''], 'variable_identifier': ['', ''], 'provenance': ['Provenance { method: Some(""skema_code2fn_program_analysis""), timestamp: Some(""2024-02-01 21:12:35.814767"") }', 'Provenance { method: Some(""skema_code2fn_program_analysis""), timestamp: Some(""2024-02-01 21:12:35.814757"") }'], 'col_end': [0, 34], 'value': ['', ''], 'metadata_idx': 113}>"
"<Node id=9190 labels={'Primitive'} properties={'name': 'module.title_0', 'order_att': 0, 'value': '', 'order_box': 45}>","<Relationship id=14028 start_node_id=9190 end_node_id=9263 nodes=(9190, 9263) type=Metadata properties={}>","<Node id=9263 labels={'Metadata'} properties={'gromet_version': [''], 'source_language_version': [''], 'variable_definition': [''], 'files': [''], 'source_language': [''], 'global_reference_id': [''], 'data_type': [''], 'name': [''], 'line_end': [56], 'code_file_reference_uid': ['24b153c7-7ee2-b332-c3ca-5becc031ed64'], 'line_begin': [56], 'metadata_type': [''], 'text_extraction': [''], 'col_begin': [0], 'grounding': [''], 'variable_identifier': [''], 'provenance': ['Provenance { method: Some(""skema_code2fn_program_analysis""), timestamp: Some(""2024-02-01 21:12:35.814823"") }'], 'col_end': [25], 'value': [''], 'metadata_idx': 114}>"
"<Node id=9191 labels={'Literal'} properties={'name': 'Literal', 'order_att': 0, 'value': {'gromet_type': 'LiteralValue', 'value': '""SEIRHD Model""', 'value_type': 'List'}, 'order_box': 46}>","<Relationship id=14029 start_node_id=9191 end_node_id=9264 nodes=(9191, 9264) type=Metadata properties={}>","<Node id=9264 labels={'Metadata'} properties={'gromet_version': ['', ''], 'source_language_version': ['3.8', ''], 'variable_definition': ['', ''], 'files': ['', ''], 'source_language': ['Python', ''], 'global_reference_id': ['', ''], 'data_type': [""<class 'str'>"", ''], 'name': ['', ''], 'line_end': [0, 56], 'code_file_reference_uid': ['', '24b153c7-7ee2-b332-c3ca-5becc031ed64'], 'line_begin': [0, 56], 'metadata_type': ['', ''], 'text_extraction': ['', ''], 'col_begin': [0, 10], 'grounding': ['', ''], 'variable_identifier': ['', ''], 'provenance': ['Provenance { method: Some(""skema_code2fn_program_analysis""), timestamp: Some(""2024-02-01 21:12:35.814924"") }', 'Provenance { method: Some(""skema_code2fn_program_analysis""), timestamp: Some(""2024-02-01 21:12:35.814916"") }'], 'col_end': [0, 24], 'value': ['', ''], 'metadata_idx': 115}>"
"<Node id=9193 labels={'Primitive'} properties={'name': 'module.legend_0', 'order_att': 0, 'value': '', 'order_box': 48}>","<Relationship id=14031 start_node_id=9193 end_node_id=9265 nodes=(9193, 9265) type=Metadata properties={}>","<Node id=9265 labels={'Metadata'} properties={'gromet_version': [''], 'source_language_version': [''], 'variable_definition': [''], 'files': [''], 'source_language': [''], 'global_reference_id': [''], 'data_type': [''], 'name': [''], 'line_end': [57], 'code_file_reference_uid': ['24b153c7-7ee2-b332-c3ca-5becc031ed64'], 'line_begin': [57], 'metadata_type': [''], 'text_extraction': [''], 'col_begin': [0], 'grounding': [''], 'variable_identifier': [''], 'provenance': ['Provenance { method: Some(""skema_code2fn_program_analysis""), timestamp: Some(""2024-02-01 21:12:35.814978"") }'], 'col_end': [12], 'value': [''], 'metadata_idx': 116}>"
"<Node id=9195 labels={'Primitive'} properties={'name': 'module.grid_0', 'order_att': 0, 'value': '', 'order_box': 50}>","<Relationship id=14032 start_node_id=9195 end_node_id=9266 nodes=(9195, 9266) type=Metadata properties={}>","<Node id=9266 labels={'Metadata'} properties={'gromet_version': [''], 'source_language_version': [''], 'variable_definition': [''], 'files': [''], 'source_language': [''], 'global_reference_id': [''], 'data_type': [''], 'name': [''], 'line_end': [58], 'code_file_reference_uid': ['24b153c7-7ee2-b332-c3ca-5becc031ed64'], 'line_begin': [58], 'metadata_type': [''], 'text_extraction': [''], 'col_begin': [0], 'grounding': [''], 'variable_identifier': [''], 'provenance': ['Provenance { method: Some(""skema_code2fn_program_analysis""), timestamp: Some(""2024-02-01 21:12:35.815074"") }'], 'col_end': [14], 'value': [''], 'metadata_idx': 117}>"
"<Node id=9196 labels={'Literal'} properties={'name': 'Literal', 'order_att': 0, 'value': {'gromet_type': 'LiteralValue', 'value': '""True""', 'value_type': 'Boolean'}, 'order_box': 51}>","<Relationship id=14033 start_node_id=9196 end_node_id=9267 nodes=(9196, 9267) type=Metadata properties={}>","<Node id=9267 labels={'Metadata'} properties={'gromet_version': ['', ''], 'source_language_version': ['3.8', ''], 'variable_definition': ['', ''], 'files': ['', ''], 'source_language': ['Python', ''], 'global_reference_id': ['', ''], 'data_type': [""<class 'bool'>"", ''], 'name': ['', ''], 'line_end': [0, 58], 'code_file_reference_uid': ['', '24b153c7-7ee2-b332-c3ca-5becc031ed64'], 'line_begin': [0, 58], 'metadata_type': ['', ''], 'text_extraction': ['', ''], 'col_begin': [0, 9], 'grounding': ['', ''], 'variable_identifier': ['', ''], 'provenance': ['Provenance { method: Some(""skema_code2fn_program_analysis""), timestamp: Some(""2024-02-01 21:12:35.815178"") }', 'Provenance { method: Some(""skema_code2fn_program_analysis""), timestamp: Some(""2024-02-01 21:12:35.815170"") }'], 'col_end': [0, 13], 'value': ['', ''], 'metadata_idx': 118}>"
"<Node id=9198 labels={'Primitive'} properties={'name': 'module.show_0', 'order_att': 0, 'value': '', 'order_box': 53}>","<Relationship id=14035 start_node_id=9198 end_node_id=9268 nodes=(9198, 9268) type=Metadata properties={}>","<Node id=9268 labels={'Metadata'} properties={'gromet_version': [''], 'source_language_version': [''], 'variable_definition': [''], 'files': [''], 'source_language': [''], 'global_reference_id': [''], 'data_type': [''], 'name': [''], 'line_end': [59], 'code_file_reference_uid': ['24b153c7-7ee2-b332-c3ca-5becc031ed64'], 'line_begin': [59], 'metadata_type': [''], 'text_extraction': [''], 'col_begin': [0], 'grounding': [''], 'variable_identifier': [''], 'provenance': ['Provenance { method: Some(""skema_code2fn_program_analysis""), timestamp: Some(""2024-02-01 21:12:35.815234"") }'], 'col_end': [10], 'value': [''], 'metadata_idx': 119}>"
