c,r,m
"<Node id=7834 labels={'Module'} properties={'name': 'module', 'schema': 'FN', 'filename': 'output-code-1', 'schema_version': '0.1.9'}>","<Relationship id=12286 start_node_id=7834 end_node_id=7835 nodes=(7834, 7835) type=Metadata properties={}>","<Node id=7835 labels={'Metadata'} properties={'gromet_version': [''], 'source_language_version': [''], 'variable_definition': [''], 'files': [''], 'source_language': [''], 'global_reference_id': [''], 'data_type': [''], 'name': [''], 'line_end': [42], 'code_file_reference_uid': ['83f9e66e-5a0b-f268-40bc-3feb7a5e225e'], 'line_begin': [1], 'metadata_type': [''], 'text_extraction': [''], 'col_begin': [0], 'grounding': [''], 'variable_identifier': [''], 'provenance': ['Provenance { method: Some(""skema_code2fn_program_analysis""), timestamp: Some(""2024-02-01 21:12:10.347366"") }'], 'col_end': [0], 'value': [''], 'metadata_idx': 3}>"
"<Node id=7834 labels={'Module'} properties={'name': 'module', 'schema': 'FN', 'filename': 'output-code-1', 'schema_version': '0.1.9'}>","<Relationship id=12287 start_node_id=7834 end_node_id=7836 nodes=(7834, 7836) type=Contains properties={}>","<Node id=7836 labels={'Primitive'} properties={'name': 'odeint', 'order_att': 0, 'value': '', 'order_box': 1}>"
"<Node id=7834 labels={'Module'} properties={'name': 'module', 'schema': 'FN', 'filename': 'output-code-1', 'schema_version': '0.1.9'}>","<Relationship id=12323 start_node_id=7834 end_node_id=7837 nodes=(7834, 7837) type=Contains properties={'index': 1}>","<Node id=7837 labels={'Expression'} properties={'name': 'Expression2', 'order_att': 1, 'value': '', 'order_box': 2}>"
"<Node id=7848 labels={'Opi'} properties={'name': 'un-named', 'order_att': 4, 'value': '', 'order_box': 5}>","<Relationship id=12407 start_node_id=7848 end_node_id=7838 nodes=(7848, 7838) type=Wire properties={}>","<Node id=7838 labels={'Opo'} properties={'name': 'N', 'order_att': 1, 'value': '', 'order_box': 2}>"
"<Node id=7837 labels={'Expression'} properties={'name': 'Expression2', 'order_att': 1, 'value': '', 'order_box': 2}>","<Relationship id=12409 start_node_id=7837 end_node_id=7838 nodes=(7837, 7838) type=Port_Of properties={}>","<Node id=7838 labels={'Opo'} properties={'name': 'N', 'order_att': 1, 'value': '', 'order_box': 2}>"
"<Node id=7834 labels={'Module'} properties={'name': 'module', 'schema': 'FN', 'filename': 'output-code-1', 'schema_version': '0.1.9'}>","<Relationship id=12332 start_node_id=7834 end_node_id=7839 nodes=(7834, 7839) type=Contains properties={}>","<Node id=7839 labels={'Literal'} properties={'name': 'Literal', 'order_att': 1, 'value': {'gromet_type': 'LiteralValue', 'value': '1000', 'value_type': 'Integer'}, 'order_box': 2}>"
"<Node id=7838 labels={'Opo'} properties={'name': 'N', 'order_att': 1, 'value': '', 'order_box': 2}>","<Relationship id=12422 start_node_id=7838 end_node_id=7839 nodes=(7838, 7839) type=Wire properties={}>","<Node id=7839 labels={'Literal'} properties={'name': 'Literal', 'order_att': 1, 'value': {'gromet_type': 'LiteralValue', 'value': '1000', 'value_type': 'Integer'}, 'order_box': 2}>"
"<Node id=7834 labels={'Module'} properties={'name': 'module', 'schema': 'FN', 'filename': 'output-code-1', 'schema_version': '0.1.9'}>","<Relationship id=12345 start_node_id=7834 end_node_id=7840 nodes=(7834, 7840) type=Contains properties={'index': 2}>","<Node id=7840 labels={'Expression'} properties={'name': 'Expression7', 'order_att': 2, 'value': '', 'order_box': 3}>"
"<Node id=7849 labels={'Opi'} properties={'name': 'un-named', 'order_att': 4, 'value': '', 'order_box': 5}>","<Relationship id=12410 start_node_id=7849 end_node_id=7841 nodes=(7849, 7841) type=Wire properties={}>","<Node id=7841 labels={'Opo'} properties={'name': 'I0', 'order_att': 2, 'value': '', 'order_box': 3}>"
"<Node id=7840 labels={'Expression'} properties={'name': 'Expression7', 'order_att': 2, 'value': '', 'order_box': 3}>","<Relationship id=12443 start_node_id=7840 end_node_id=7841 nodes=(7840, 7841) type=Port_Of properties={}>","<Node id=7841 labels={'Opo'} properties={'name': 'I0', 'order_att': 2, 'value': '', 'order_box': 3}>"
"<Node id=7834 labels={'Module'} properties={'name': 'module', 'schema': 'FN', 'filename': 'output-code-1', 'schema_version': '0.1.9'}>","<Relationship id=12354 start_node_id=7834 end_node_id=7842 nodes=(7834, 7842) type=Contains properties={}>","<Node id=7842 labels={'Literal'} properties={'name': 'Literal', 'order_att': 2, 'value': {'gromet_type': 'LiteralValue', 'value': '1', 'value_type': 'Integer'}, 'order_box': 3}>"
"<Node id=7841 labels={'Opo'} properties={'name': 'I0', 'order_att': 2, 'value': '', 'order_box': 3}>","<Relationship id=12449 start_node_id=7841 end_node_id=7842 nodes=(7841, 7842) type=Wire properties={}>","<Node id=7842 labels={'Literal'} properties={'name': 'Literal', 'order_att': 2, 'value': {'gromet_type': 'LiteralValue', 'value': '1', 'value_type': 'Integer'}, 'order_box': 3}>"
"<Node id=7834 labels={'Module'} properties={'name': 'module', 'schema': 'FN', 'filename': 'output-code-1', 'schema_version': '0.1.9'}>","<Relationship id=12297 start_node_id=7834 end_node_id=7843 nodes=(7834, 7843) type=Contains properties={'index': 3}>","<Node id=7843 labels={'Expression'} properties={'name': 'Expression12', 'order_att': 3, 'value': '', 'order_box': 4}>"
"<Node id=7843 labels={'Expression'} properties={'name': 'Expression12', 'order_att': 3, 'value': '', 'order_box': 4}>","<Relationship id=12375 start_node_id=7843 end_node_id=7844 nodes=(7843, 7844) type=Port_Of properties={}>","<Node id=7844 labels={'Opo'} properties={'name': 'R0', 'order_att': 3, 'value': '', 'order_box': 4}>"
"<Node id=7850 labels={'Opi'} properties={'name': 'un-named', 'order_att': 4, 'value': '', 'order_box': 5}>","<Relationship id=12411 start_node_id=7850 end_node_id=7844 nodes=(7850, 7844) type=Wire properties={}>","<Node id=7844 labels={'Opo'} properties={'name': 'R0', 'order_att': 3, 'value': '', 'order_box': 4}>"
"<Node id=7834 labels={'Module'} properties={'name': 'module', 'schema': 'FN', 'filename': 'output-code-1', 'schema_version': '0.1.9'}>","<Relationship id=12306 start_node_id=7834 end_node_id=7845 nodes=(7834, 7845) type=Contains properties={}>","<Node id=7845 labels={'Literal'} properties={'name': 'Literal', 'order_att': 3, 'value': {'gromet_type': 'LiteralValue', 'value': '0', 'value_type': 'Integer'}, 'order_box': 4}>"
"<Node id=7844 labels={'Opo'} properties={'name': 'R0', 'order_att': 3, 'value': '', 'order_box': 4}>","<Relationship id=12384 start_node_id=7844 end_node_id=7845 nodes=(7844, 7845) type=Wire properties={}>","<Node id=7845 labels={'Literal'} properties={'name': 'Literal', 'order_att': 3, 'value': {'gromet_type': 'LiteralValue', 'value': '0', 'value_type': 'Integer'}, 'order_box': 4}>"
"<Node id=7834 labels={'Module'} properties={'name': 'module', 'schema': 'FN', 'filename': 'output-code-1', 'schema_version': '0.1.9'}>","<Relationship id=12322 start_node_id=7834 end_node_id=7846 nodes=(7834, 7846) type=Contains properties={'index': 4}>","<Node id=7846 labels={'Expression'} properties={'name': 'Expression17', 'order_att': 4, 'value': '', 'order_box': 5}>"
"<Node id=7846 labels={'Expression'} properties={'name': 'Expression17', 'order_att': 4, 'value': '', 'order_box': 5}>","<Relationship id=12402 start_node_id=7846 end_node_id=7847 nodes=(7846, 7847) type=Port_Of properties={}>","<Node id=7847 labels={'Opo'} properties={'name': 'S0', 'order_att': 4, 'value': '', 'order_box': 5}>"
"<Node id=7846 labels={'Expression'} properties={'name': 'Expression17', 'order_att': 4, 'value': '', 'order_box': 5}>","<Relationship id=12403 start_node_id=7846 end_node_id=7848 nodes=(7846, 7848) type=Port_Of properties={}>","<Node id=7848 labels={'Opi'} properties={'name': 'un-named', 'order_att': 4, 'value': '', 'order_box': 5}>"
"<Node id=7851 labels={'Primitive'} properties={'name': 'ast.Sub', 'order_att': 4, 'value': '', 'order_box': 5}>","<Relationship id=12413 start_node_id=7851 end_node_id=7848 nodes=(7851, 7848) type=Wire properties={'index': 0}>","<Node id=7848 labels={'Opi'} properties={'name': 'un-named', 'order_att': 4, 'value': '', 'order_box': 5}>"
"<Node id=7846 labels={'Expression'} properties={'name': 'Expression17', 'order_att': 4, 'value': '', 'order_box': 5}>","<Relationship id=12404 start_node_id=7846 end_node_id=7849 nodes=(7846, 7849) type=Port_Of properties={}>","<Node id=7849 labels={'Opi'} properties={'name': 'un-named', 'order_att': 4, 'value': '', 'order_box': 5}>"
"<Node id=7851 labels={'Primitive'} properties={'name': 'ast.Sub', 'order_att': 4, 'value': '', 'order_box': 5}>","<Relationship id=12414 start_node_id=7851 end_node_id=7849 nodes=(7851, 7849) type=Wire properties={'index': 1}>","<Node id=7849 labels={'Opi'} properties={'name': 'un-named', 'order_att': 4, 'value': '', 'order_box': 5}>"
"<Node id=7846 labels={'Expression'} properties={'name': 'Expression17', 'order_att': 4, 'value': '', 'order_box': 5}>","<Relationship id=12405 start_node_id=7846 end_node_id=7850 nodes=(7846, 7850) type=Port_Of properties={}>","<Node id=7850 labels={'Opi'} properties={'name': 'un-named', 'order_att': 4, 'value': '', 'order_box': 5}>"
"<Node id=7852 labels={'Primitive'} properties={'name': 'ast.Sub', 'order_att': 4, 'value': '', 'order_box': 5}>","<Relationship id=12416 start_node_id=7852 end_node_id=7850 nodes=(7852, 7850) type=Wire properties={'index': 1}>","<Node id=7850 labels={'Opi'} properties={'name': 'un-named', 'order_att': 4, 'value': '', 'order_box': 5}>"
"<Node id=7834 labels={'Module'} properties={'name': 'module', 'schema': 'FN', 'filename': 'output-code-1', 'schema_version': '0.1.9'}>","<Relationship id=12324 start_node_id=7834 end_node_id=7851 nodes=(7834, 7851) type=Contains properties={}>","<Node id=7851 labels={'Primitive'} properties={'name': 'ast.Sub', 'order_att': 4, 'value': '', 'order_box': 5}>"
"<Node id=7852 labels={'Primitive'} properties={'name': 'ast.Sub', 'order_att': 4, 'value': '', 'order_box': 5}>","<Relationship id=12417 start_node_id=7852 end_node_id=7851 nodes=(7852, 7851) type=Wire properties={'index': 0}>","<Node id=7851 labels={'Primitive'} properties={'name': 'ast.Sub', 'order_att': 4, 'value': '', 'order_box': 5}>"
"<Node id=7834 labels={'Module'} properties={'name': 'module', 'schema': 'FN', 'filename': 'output-code-1', 'schema_version': '0.1.9'}>","<Relationship id=12325 start_node_id=7834 end_node_id=7852 nodes=(7834, 7852) type=Contains properties={}>","<Node id=7852 labels={'Primitive'} properties={'name': 'ast.Sub', 'order_att': 4, 'value': '', 'order_box': 5}>"
"<Node id=7847 labels={'Opo'} properties={'name': 'S0', 'order_att': 4, 'value': '', 'order_box': 5}>","<Relationship id=12406 start_node_id=7847 end_node_id=7852 nodes=(7847, 7852) type=Wire properties={}>","<Node id=7852 labels={'Primitive'} properties={'name': 'ast.Sub', 'order_att': 4, 'value': '', 'order_box': 5}>"
"<Node id=7834 labels={'Module'} properties={'name': 'module', 'schema': 'FN', 'filename': 'output-code-1', 'schema_version': '0.1.9'}>","<Relationship id=12326 start_node_id=7834 end_node_id=7853 nodes=(7834, 7853) type=Contains properties={'index': 5}>","<Node id=7853 labels={'Expression'} properties={'name': 'Expression27', 'order_att': 5, 'value': '', 'order_box': 6}>"
"<Node id=7853 labels={'Expression'} properties={'name': 'Expression27', 'order_att': 5, 'value': '', 'order_box': 6}>","<Relationship id=12419 start_node_id=7853 end_node_id=7854 nodes=(7853, 7854) type=Port_Of properties={}>","<Node id=7854 labels={'Opo'} properties={'name': 'beta', 'order_att': 5, 'value': '', 'order_box': 6}>"
"<Node id=7834 labels={'Module'} properties={'name': 'module', 'schema': 'FN', 'filename': 'output-code-1', 'schema_version': '0.1.9'}>","<Relationship id=12327 start_node_id=7834 end_node_id=7855 nodes=(7834, 7855) type=Contains properties={}>","<Node id=7855 labels={'Literal'} properties={'name': 'Literal', 'order_att': 5, 'value': {'gromet_type': 'LiteralValue', 'value': '0.2', 'value_type': 'AbstractFloat'}, 'order_box': 6}>"
"<Node id=7854 labels={'Opo'} properties={'name': 'beta', 'order_att': 5, 'value': '', 'order_box': 6}>","<Relationship id=12420 start_node_id=7854 end_node_id=7855 nodes=(7854, 7855) type=Wire properties={}>","<Node id=7855 labels={'Literal'} properties={'name': 'Literal', 'order_att': 5, 'value': {'gromet_type': 'LiteralValue', 'value': '0.2', 'value_type': 'AbstractFloat'}, 'order_box': 6}>"
"<Node id=7834 labels={'Module'} properties={'name': 'module', 'schema': 'FN', 'filename': 'output-code-1', 'schema_version': '0.1.9'}>","<Relationship id=12328 start_node_id=7834 end_node_id=7856 nodes=(7834, 7856) type=Contains properties={'index': 6}>","<Node id=7856 labels={'Expression'} properties={'name': 'Expression32', 'order_att': 6, 'value': '', 'order_box': 7}>"
"<Node id=7834 labels={'Module'} properties={'name': 'module', 'schema': 'FN', 'filename': 'output-code-1', 'schema_version': '0.1.9'}>","<Relationship id=12329 start_node_id=7834 end_node_id=7857 nodes=(7834, 7857) type=Contains properties={}>","<Node id=7857 labels={'Literal'} properties={'name': 'Literal', 'order_att': 6, 'value': {'gromet_type': 'LiteralValue', 'value': '1', 'value_type': 'AbstractFloat'}, 'order_box': 7}>"
"<Node id=7859 labels={'Primitive'} properties={'name': 'ast.Div', 'order_att': 6, 'value': '', 'order_box': 7}>","<Relationship id=12427 start_node_id=7859 end_node_id=7857 nodes=(7859, 7857) type=Wire properties={'index': 0}>","<Node id=7857 labels={'Literal'} properties={'name': 'Literal', 'order_att': 6, 'value': {'gromet_type': 'LiteralValue', 'value': '1', 'value_type': 'AbstractFloat'}, 'order_box': 7}>"
"<Node id=7834 labels={'Module'} properties={'name': 'module', 'schema': 'FN', 'filename': 'output-code-1', 'schema_version': '0.1.9'}>","<Relationship id=12330 start_node_id=7834 end_node_id=7858 nodes=(7834, 7858) type=Contains properties={}>","<Node id=7858 labels={'Literal'} properties={'name': 'Literal', 'order_att': 6, 'value': {'gromet_type': 'LiteralValue', 'value': '10', 'value_type': 'Integer'}, 'order_box': 7}>"
"<Node id=7859 labels={'Primitive'} properties={'name': 'ast.Div', 'order_att': 6, 'value': '', 'order_box': 7}>","<Relationship id=12428 start_node_id=7859 end_node_id=7858 nodes=(7859, 7858) type=Wire properties={'index': 1}>","<Node id=7858 labels={'Literal'} properties={'name': 'Literal', 'order_att': 6, 'value': {'gromet_type': 'LiteralValue', 'value': '10', 'value_type': 'Integer'}, 'order_box': 7}>"
"<Node id=7834 labels={'Module'} properties={'name': 'module', 'schema': 'FN', 'filename': 'output-code-1', 'schema_version': '0.1.9'}>","<Relationship id=12331 start_node_id=7834 end_node_id=7859 nodes=(7834, 7859) type=Contains properties={}>","<Node id=7859 labels={'Primitive'} properties={'name': 'ast.Div', 'order_att': 6, 'value': '', 'order_box': 7}>"
"<Node id=7834 labels={'Module'} properties={'name': 'module', 'schema': 'FN', 'filename': 'output-code-1', 'schema_version': '0.1.9'}>","<Relationship id=12333 start_node_id=7834 end_node_id=7860 nodes=(7834, 7860) type=Contains properties={}>","<Node id=7860 labels={'Primitive'} properties={'name': 'linspace', 'order_att': 0, 'value': '', 'order_box': 8}>"
"<Node id=7834 labels={'Module'} properties={'name': 'module', 'schema': 'FN', 'filename': 'output-code-1', 'schema_version': '0.1.9'}>","<Relationship id=12334 start_node_id=7834 end_node_id=7861 nodes=(7834, 7861) type=Contains properties={}>","<Node id=7861 labels={'Primitive'} properties={'name': 'module.linspace_0', 'order_att': 0, 'value': '', 'order_box': 9}>"
"<Node id=7834 labels={'Module'} properties={'name': 'module', 'schema': 'FN', 'filename': 'output-code-1', 'schema_version': '0.1.9'}>","<Relationship id=12335 start_node_id=7834 end_node_id=7862 nodes=(7834, 7862) type=Contains properties={}>","<Node id=7862 labels={'Literal'} properties={'name': 'Literal', 'order_att': 0, 'value': {'gromet_type': 'LiteralValue', 'value': '0', 'value_type': 'Integer'}, 'order_box': 10}>"
"<Node id=7834 labels={'Module'} properties={'name': 'module', 'schema': 'FN', 'filename': 'output-code-1', 'schema_version': '0.1.9'}>","<Relationship id=12336 start_node_id=7834 end_node_id=7863 nodes=(7834, 7863) type=Contains properties={}>","<Node id=7863 labels={'Literal'} properties={'name': 'Literal', 'order_att': 0, 'value': {'gromet_type': 'LiteralValue', 'value': '160', 'value_type': 'Integer'}, 'order_box': 11}>"
"<Node id=7834 labels={'Module'} properties={'name': 'module', 'schema': 'FN', 'filename': 'output-code-1', 'schema_version': '0.1.9'}>","<Relationship id=12337 start_node_id=7834 end_node_id=7864 nodes=(7834, 7864) type=Contains properties={}>","<Node id=7864 labels={'Literal'} properties={'name': 'Literal', 'order_att': 0, 'value': {'gromet_type': 'LiteralValue', 'value': '160', 'value_type': 'Integer'}, 'order_box': 12}>"
"<Node id=7834 labels={'Module'} properties={'name': 'module', 'schema': 'FN', 'filename': 'output-code-1', 'schema_version': '0.1.9'}>","<Relationship id=12338 start_node_id=7834 end_node_id=7865 nodes=(7834, 7865) type=Contains properties={}>","<Node id=7865 labels={'Primitive'} properties={'name': 'scipy.integrate.odeint_id22', 'order_att': 0, 'value': '', 'order_box': 14}>"
"<Node id=7834 labels={'Module'} properties={'name': 'module', 'schema': 'FN', 'filename': 'output-code-1', 'schema_version': '0.1.9'}>","<Relationship id=12339 start_node_id=7834 end_node_id=7866 nodes=(7834, 7866) type=Contains properties={}>","<Node id=7866 labels={'Literal'} properties={'name': 'Literal', 'order_att': 0, 'value': {'gromet_type': 'LiteralValue', 'value': '""deriv""', 'value_type': 'string'}, 'order_box': 15}>"
"<Node id=7834 labels={'Module'} properties={'name': 'module', 'schema': 'FN', 'filename': 'output-code-1', 'schema_version': '0.1.9'}>","<Relationship id=12340 start_node_id=7834 end_node_id=7867 nodes=(7834, 7867) type=Contains properties={'index': 14}>","<Node id=7867 labels={'Expression'} properties={'name': 'Expression56', 'order_att': 14, 'value': '', 'order_box': 17}>"
"<Node id=7867 labels={'Expression'} properties={'name': 'Expression56', 'order_att': 14, 'value': '', 'order_box': 17}>","<Relationship id=12436 start_node_id=7867 end_node_id=7868 nodes=(7867, 7868) type=Port_Of properties={}>","<Node id=7868 labels={'Opo'} properties={'name': 'un-named', 'order_att': 14, 'value': '', 'order_box': 17}>"
"<Node id=7867 labels={'Expression'} properties={'name': 'Expression56', 'order_att': 14, 'value': '', 'order_box': 17}>","<Relationship id=12437 start_node_id=7867 end_node_id=7869 nodes=(7867, 7869) type=Port_Of properties={}>","<Node id=7869 labels={'Opi'} properties={'name': 'ret', 'order_att': 14, 'value': '', 'order_box': 17}>"
"<Node id=7834 labels={'Module'} properties={'name': 'module', 'schema': 'FN', 'filename': 'output-code-1', 'schema_version': '0.1.9'}>","<Relationship id=12341 start_node_id=7834 end_node_id=7870 nodes=(7834, 7870) type=Contains properties={}>","<Node id=7870 labels={'Literal'} properties={'name': 'Literal', 'order_att': 14, 'value': {'gromet_type': 'LiteralValue', 'value': '""T""', 'value_type': 'string'}, 'order_box': 17}>"
"<Node id=7834 labels={'Module'} properties={'name': 'module', 'schema': 'FN', 'filename': 'output-code-1', 'schema_version': '0.1.9'}>","<Relationship id=12342 start_node_id=7834 end_node_id=7871 nodes=(7834, 7871) type=Contains properties={}>","<Node id=7871 labels={'Primitive'} properties={'name': 'figure', 'order_att': 0, 'value': '', 'order_box': 19}>"
"<Node id=7834 labels={'Module'} properties={'name': 'module', 'schema': 'FN', 'filename': 'output-code-1', 'schema_version': '0.1.9'}>","<Relationship id=12343 start_node_id=7834 end_node_id=7872 nodes=(7834, 7872) type=Contains properties={}>","<Node id=7872 labels={'Primitive'} properties={'name': 'module.figure_0', 'order_att': 0, 'value': '', 'order_box': 20}>"
"<Node id=7834 labels={'Module'} properties={'name': 'module', 'schema': 'FN', 'filename': 'output-code-1', 'schema_version': '0.1.9'}>","<Relationship id=12344 start_node_id=7834 end_node_id=7873 nodes=(7834, 7873) type=Contains properties={'index': 16}>","<Node id=7873 labels={'Expression'} properties={'name': 'Expression68', 'order_att': 16, 'value': '', 'order_box': 21}>"
"<Node id=7873 labels={'Expression'} properties={'name': 'Expression68', 'order_att': 16, 'value': '', 'order_box': 21}>","<Relationship id=12440 start_node_id=7873 end_node_id=7874 nodes=(7873, 7874) type=Port_Of properties={}>","<Node id=7874 labels={'Opo'} properties={'name': 'un-named', 'order_att': 16, 'value': '', 'order_box': 21}>"
"<Node id=7834 labels={'Module'} properties={'name': 'module', 'schema': 'FN', 'filename': 'output-code-1', 'schema_version': '0.1.9'}>","<Relationship id=12346 start_node_id=7834 end_node_id=7875 nodes=(7834, 7875) type=Contains properties={}>","<Node id=7875 labels={'Literal'} properties={'name': 'Literal', 'order_att': 16, 'value': {'gromet_type': 'LiteralValue', 'value': '8', 'value_type': 'Integer'}, 'order_box': 21}>"
"<Node id=7874 labels={'Opo'} properties={'name': 'un-named', 'order_att': 16, 'value': '', 'order_box': 21}>","<Relationship id=12441 start_node_id=7874 end_node_id=7875 nodes=(7874, 7875) type=Wire properties={}>","<Node id=7875 labels={'Literal'} properties={'name': 'Literal', 'order_att': 16, 'value': {'gromet_type': 'LiteralValue', 'value': '8', 'value_type': 'Integer'}, 'order_box': 21}>"
"<Node id=7834 labels={'Module'} properties={'name': 'module', 'schema': 'FN', 'filename': 'output-code-1', 'schema_version': '0.1.9'}>","<Relationship id=12347 start_node_id=7834 end_node_id=7876 nodes=(7834, 7876) type=Contains properties={'index': 17}>","<Node id=7876 labels={'Expression'} properties={'name': 'Expression73', 'order_att': 17, 'value': '', 'order_box': 22}>"
"<Node id=7876 labels={'Expression'} properties={'name': 'Expression73', 'order_att': 17, 'value': '', 'order_box': 22}>","<Relationship id=12446 start_node_id=7876 end_node_id=7877 nodes=(7876, 7877) type=Port_Of properties={}>","<Node id=7877 labels={'Opo'} properties={'name': 'un-named', 'order_att': 17, 'value': '', 'order_box': 22}>"
"<Node id=7834 labels={'Module'} properties={'name': 'module', 'schema': 'FN', 'filename': 'output-code-1', 'schema_version': '0.1.9'}>","<Relationship id=12348 start_node_id=7834 end_node_id=7878 nodes=(7834, 7878) type=Contains properties={}>","<Node id=7878 labels={'Literal'} properties={'name': 'Literal', 'order_att': 17, 'value': {'gromet_type': 'LiteralValue', 'value': '6', 'value_type': 'Integer'}, 'order_box': 22}>"
"<Node id=7877 labels={'Opo'} properties={'name': 'un-named', 'order_att': 17, 'value': '', 'order_box': 22}>","<Relationship id=12447 start_node_id=7877 end_node_id=7878 nodes=(7877, 7878) type=Wire properties={}>","<Node id=7878 labels={'Literal'} properties={'name': 'Literal', 'order_att': 17, 'value': {'gromet_type': 'LiteralValue', 'value': '6', 'value_type': 'Integer'}, 'order_box': 22}>"
"<Node id=7834 labels={'Module'} properties={'name': 'module', 'schema': 'FN', 'filename': 'output-code-1', 'schema_version': '0.1.9'}>","<Relationship id=12349 start_node_id=7834 end_node_id=7879 nodes=(7834, 7879) type=Contains properties={}>","<Node id=7879 labels={'Primitive'} properties={'name': 'plot', 'order_att': 0, 'value': '', 'order_box': 24}>"
"<Node id=7834 labels={'Module'} properties={'name': 'module', 'schema': 'FN', 'filename': 'output-code-1', 'schema_version': '0.1.9'}>","<Relationship id=12350 start_node_id=7834 end_node_id=7880 nodes=(7834, 7880) type=Contains properties={}>","<Node id=7880 labels={'Primitive'} properties={'name': 'module.plot_0', 'order_att': 0, 'value': '', 'order_box': 25}>"
"<Node id=7834 labels={'Module'} properties={'name': 'module', 'schema': 'FN', 'filename': 'output-code-1', 'schema_version': '0.1.9'}>","<Relationship id=12351 start_node_id=7834 end_node_id=7881 nodes=(7834, 7881) type=Contains properties={}>","<Node id=7881 labels={'Literal'} properties={'name': 'Literal', 'order_att': 0, 'value': {'gromet_type': 'LiteralValue', 'value': '""b""', 'value_type': 'List'}, 'order_box': 26}>"
"<Node id=7834 labels={'Module'} properties={'name': 'module', 'schema': 'FN', 'filename': 'output-code-1', 'schema_version': '0.1.9'}>","<Relationship id=12352 start_node_id=7834 end_node_id=7882 nodes=(7834, 7882) type=Contains properties={'index': 19}>","<Node id=7882 labels={'Expression'} properties={'name': 'Expression85', 'order_att': 19, 'value': '', 'order_box': 27}>"
"<Node id=7882 labels={'Expression'} properties={'name': 'Expression85', 'order_att': 19, 'value': '', 'order_box': 27}>","<Relationship id=12453 start_node_id=7882 end_node_id=7883 nodes=(7882, 7883) type=Port_Of properties={}>","<Node id=7883 labels={'Opo'} properties={'name': 'alpha', 'order_att': 19, 'value': '', 'order_box': 27}>"
"<Node id=7834 labels={'Module'} properties={'name': 'module', 'schema': 'FN', 'filename': 'output-code-1', 'schema_version': '0.1.9'}>","<Relationship id=12353 start_node_id=7834 end_node_id=7884 nodes=(7834, 7884) type=Contains properties={}>","<Node id=7884 labels={'Literal'} properties={'name': 'Literal', 'order_att': 19, 'value': {'gromet_type': 'LiteralValue', 'value': '0.7', 'value_type': 'AbstractFloat'}, 'order_box': 27}>"
"<Node id=7883 labels={'Opo'} properties={'name': 'alpha', 'order_att': 19, 'value': '', 'order_box': 27}>","<Relationship id=12454 start_node_id=7883 end_node_id=7884 nodes=(7883, 7884) type=Wire properties={}>","<Node id=7884 labels={'Literal'} properties={'name': 'Literal', 'order_att': 19, 'value': {'gromet_type': 'LiteralValue', 'value': '0.7', 'value_type': 'AbstractFloat'}, 'order_box': 27}>"
"<Node id=7834 labels={'Module'} properties={'name': 'module', 'schema': 'FN', 'filename': 'output-code-1', 'schema_version': '0.1.9'}>","<Relationship id=12355 start_node_id=7834 end_node_id=7885 nodes=(7834, 7885) type=Contains properties={'index': 20}>","<Node id=7885 labels={'Expression'} properties={'name': 'Expression90', 'order_att': 20, 'value': '', 'order_box': 28}>"
"<Node id=7885 labels={'Expression'} properties={'name': 'Expression90', 'order_att': 20, 'value': '', 'order_box': 28}>","<Relationship id=12458 start_node_id=7885 end_node_id=7886 nodes=(7885, 7886) type=Port_Of properties={}>","<Node id=7886 labels={'Opo'} properties={'name': 'linewidth', 'order_att': 20, 'value': '', 'order_box': 28}>"
"<Node id=7834 labels={'Module'} properties={'name': 'module', 'schema': 'FN', 'filename': 'output-code-1', 'schema_version': '0.1.9'}>","<Relationship id=12356 start_node_id=7834 end_node_id=7887 nodes=(7834, 7887) type=Contains properties={}>","<Node id=7887 labels={'Literal'} properties={'name': 'Literal', 'order_att': 20, 'value': {'gromet_type': 'LiteralValue', 'value': '2', 'value_type': 'Integer'}, 'order_box': 28}>"
"<Node id=7886 labels={'Opo'} properties={'name': 'linewidth', 'order_att': 20, 'value': '', 'order_box': 28}>","<Relationship id=12459 start_node_id=7886 end_node_id=7887 nodes=(7886, 7887) type=Wire properties={}>","<Node id=7887 labels={'Literal'} properties={'name': 'Literal', 'order_att': 20, 'value': {'gromet_type': 'LiteralValue', 'value': '2', 'value_type': 'Integer'}, 'order_box': 28}>"
"<Node id=7834 labels={'Module'} properties={'name': 'module', 'schema': 'FN', 'filename': 'output-code-1', 'schema_version': '0.1.9'}>","<Relationship id=12357 start_node_id=7834 end_node_id=7888 nodes=(7834, 7888) type=Contains properties={'index': 21}>","<Node id=7888 labels={'Expression'} properties={'name': 'Expression95', 'order_att': 21, 'value': '', 'order_box': 29}>"
"<Node id=7888 labels={'Expression'} properties={'name': 'Expression95', 'order_att': 21, 'value': '', 'order_box': 29}>","<Relationship id=12462 start_node_id=7888 end_node_id=7889 nodes=(7888, 7889) type=Port_Of properties={}>","<Node id=7889 labels={'Opo'} properties={'name': 'label', 'order_att': 21, 'value': '', 'order_box': 29}>"
"<Node id=7834 labels={'Module'} properties={'name': 'module', 'schema': 'FN', 'filename': 'output-code-1', 'schema_version': '0.1.9'}>","<Relationship id=12358 start_node_id=7834 end_node_id=7890 nodes=(7834, 7890) type=Contains properties={}>","<Node id=7890 labels={'Literal'} properties={'name': 'Literal', 'order_att': 21, 'value': {'gromet_type': 'LiteralValue', 'value': '""Susceptible""', 'value_type': 'List'}, 'order_box': 29}>"
"<Node id=7889 labels={'Opo'} properties={'name': 'label', 'order_att': 21, 'value': '', 'order_box': 29}>","<Relationship id=12463 start_node_id=7889 end_node_id=7890 nodes=(7889, 7890) type=Wire properties={}>","<Node id=7890 labels={'Literal'} properties={'name': 'Literal', 'order_att': 21, 'value': {'gromet_type': 'LiteralValue', 'value': '""Susceptible""', 'value_type': 'List'}, 'order_box': 29}>"
"<Node id=7834 labels={'Module'} properties={'name': 'module', 'schema': 'FN', 'filename': 'output-code-1', 'schema_version': '0.1.9'}>","<Relationship id=12288 start_node_id=7834 end_node_id=7891 nodes=(7834, 7891) type=Contains properties={}>","<Node id=7891 labels={'Primitive'} properties={'name': 'module.plot_1', 'order_att': 0, 'value': '', 'order_box': 30}>"
"<Node id=7834 labels={'Module'} properties={'name': 'module', 'schema': 'FN', 'filename': 'output-code-1', 'schema_version': '0.1.9'}>","<Relationship id=12289 start_node_id=7834 end_node_id=7892 nodes=(7834, 7892) type=Contains properties={}>","<Node id=7892 labels={'Literal'} properties={'name': 'Literal', 'order_att': 0, 'value': {'gromet_type': 'LiteralValue', 'value': '""r""', 'value_type': 'List'}, 'order_box': 31}>"
"<Node id=7834 labels={'Module'} properties={'name': 'module', 'schema': 'FN', 'filename': 'output-code-1', 'schema_version': '0.1.9'}>","<Relationship id=12290 start_node_id=7834 end_node_id=7893 nodes=(7834, 7893) type=Contains properties={'index': 23}>","<Node id=7893 labels={'Expression'} properties={'name': 'Expression104', 'order_att': 23, 'value': '', 'order_box': 32}>"
"<Node id=7893 labels={'Expression'} properties={'name': 'Expression104', 'order_att': 23, 'value': '', 'order_box': 32}>","<Relationship id=12362 start_node_id=7893 end_node_id=7894 nodes=(7893, 7894) type=Port_Of properties={}>","<Node id=7894 labels={'Opo'} properties={'name': 'alpha', 'order_att': 23, 'value': '', 'order_box': 32}>"
"<Node id=7834 labels={'Module'} properties={'name': 'module', 'schema': 'FN', 'filename': 'output-code-1', 'schema_version': '0.1.9'}>","<Relationship id=12291 start_node_id=7834 end_node_id=7895 nodes=(7834, 7895) type=Contains properties={}>","<Node id=7895 labels={'Literal'} properties={'name': 'Literal', 'order_att': 23, 'value': {'gromet_type': 'LiteralValue', 'value': '0.7', 'value_type': 'AbstractFloat'}, 'order_box': 32}>"
"<Node id=7894 labels={'Opo'} properties={'name': 'alpha', 'order_att': 23, 'value': '', 'order_box': 32}>","<Relationship id=12363 start_node_id=7894 end_node_id=7895 nodes=(7894, 7895) type=Wire properties={}>","<Node id=7895 labels={'Literal'} properties={'name': 'Literal', 'order_att': 23, 'value': {'gromet_type': 'LiteralValue', 'value': '0.7', 'value_type': 'AbstractFloat'}, 'order_box': 32}>"
"<Node id=7834 labels={'Module'} properties={'name': 'module', 'schema': 'FN', 'filename': 'output-code-1', 'schema_version': '0.1.9'}>","<Relationship id=12292 start_node_id=7834 end_node_id=7896 nodes=(7834, 7896) type=Contains properties={'index': 24}>","<Node id=7896 labels={'Expression'} properties={'name': 'Expression109', 'order_att': 24, 'value': '', 'order_box': 33}>"
"<Node id=7896 labels={'Expression'} properties={'name': 'Expression109', 'order_att': 24, 'value': '', 'order_box': 33}>","<Relationship id=12366 start_node_id=7896 end_node_id=7897 nodes=(7896, 7897) type=Port_Of properties={}>","<Node id=7897 labels={'Opo'} properties={'name': 'linewidth', 'order_att': 24, 'value': '', 'order_box': 33}>"
"<Node id=7834 labels={'Module'} properties={'name': 'module', 'schema': 'FN', 'filename': 'output-code-1', 'schema_version': '0.1.9'}>","<Relationship id=12293 start_node_id=7834 end_node_id=7898 nodes=(7834, 7898) type=Contains properties={}>","<Node id=7898 labels={'Literal'} properties={'name': 'Literal', 'order_att': 24, 'value': {'gromet_type': 'LiteralValue', 'value': '2', 'value_type': 'Integer'}, 'order_box': 33}>"
"<Node id=7897 labels={'Opo'} properties={'name': 'linewidth', 'order_att': 24, 'value': '', 'order_box': 33}>","<Relationship id=12367 start_node_id=7897 end_node_id=7898 nodes=(7897, 7898) type=Wire properties={}>","<Node id=7898 labels={'Literal'} properties={'name': 'Literal', 'order_att': 24, 'value': {'gromet_type': 'LiteralValue', 'value': '2', 'value_type': 'Integer'}, 'order_box': 33}>"
"<Node id=7834 labels={'Module'} properties={'name': 'module', 'schema': 'FN', 'filename': 'output-code-1', 'schema_version': '0.1.9'}>","<Relationship id=12294 start_node_id=7834 end_node_id=7899 nodes=(7834, 7899) type=Contains properties={'index': 25}>","<Node id=7899 labels={'Expression'} properties={'name': 'Expression114', 'order_att': 25, 'value': '', 'order_box': 34}>"
"<Node id=7899 labels={'Expression'} properties={'name': 'Expression114', 'order_att': 25, 'value': '', 'order_box': 34}>","<Relationship id=12370 start_node_id=7899 end_node_id=7900 nodes=(7899, 7900) type=Port_Of properties={}>","<Node id=7900 labels={'Opo'} properties={'name': 'label', 'order_att': 25, 'value': '', 'order_box': 34}>"
"<Node id=7834 labels={'Module'} properties={'name': 'module', 'schema': 'FN', 'filename': 'output-code-1', 'schema_version': '0.1.9'}>","<Relationship id=12295 start_node_id=7834 end_node_id=7901 nodes=(7834, 7901) type=Contains properties={}>","<Node id=7901 labels={'Literal'} properties={'name': 'Literal', 'order_att': 25, 'value': {'gromet_type': 'LiteralValue', 'value': '""Infected""', 'value_type': 'List'}, 'order_box': 34}>"
"<Node id=7900 labels={'Opo'} properties={'name': 'label', 'order_att': 25, 'value': '', 'order_box': 34}>","<Relationship id=12371 start_node_id=7900 end_node_id=7901 nodes=(7900, 7901) type=Wire properties={}>","<Node id=7901 labels={'Literal'} properties={'name': 'Literal', 'order_att': 25, 'value': {'gromet_type': 'LiteralValue', 'value': '""Infected""', 'value_type': 'List'}, 'order_box': 34}>"
"<Node id=7834 labels={'Module'} properties={'name': 'module', 'schema': 'FN', 'filename': 'output-code-1', 'schema_version': '0.1.9'}>","<Relationship id=12296 start_node_id=7834 end_node_id=7902 nodes=(7834, 7902) type=Contains properties={}>","<Node id=7902 labels={'Primitive'} properties={'name': 'module.plot_2', 'order_att': 0, 'value': '', 'order_box': 35}>"
"<Node id=7834 labels={'Module'} properties={'name': 'module', 'schema': 'FN', 'filename': 'output-code-1', 'schema_version': '0.1.9'}>","<Relationship id=12298 start_node_id=7834 end_node_id=7903 nodes=(7834, 7903) type=Contains properties={}>","<Node id=7903 labels={'Literal'} properties={'name': 'Literal', 'order_att': 0, 'value': {'gromet_type': 'LiteralValue', 'value': '""g""', 'value_type': 'List'}, 'order_box': 36}>"
"<Node id=7834 labels={'Module'} properties={'name': 'module', 'schema': 'FN', 'filename': 'output-code-1', 'schema_version': '0.1.9'}>","<Relationship id=12299 start_node_id=7834 end_node_id=7904 nodes=(7834, 7904) type=Contains properties={'index': 27}>","<Node id=7904 labels={'Expression'} properties={'name': 'Expression123', 'order_att': 27, 'value': '', 'order_box': 37}>"
"<Node id=7904 labels={'Expression'} properties={'name': 'Expression123', 'order_att': 27, 'value': '', 'order_box': 37}>","<Relationship id=12378 start_node_id=7904 end_node_id=7905 nodes=(7904, 7905) type=Port_Of properties={}>","<Node id=7905 labels={'Opo'} properties={'name': 'alpha', 'order_att': 27, 'value': '', 'order_box': 37}>"
"<Node id=7834 labels={'Module'} properties={'name': 'module', 'schema': 'FN', 'filename': 'output-code-1', 'schema_version': '0.1.9'}>","<Relationship id=12300 start_node_id=7834 end_node_id=7906 nodes=(7834, 7906) type=Contains properties={}>","<Node id=7906 labels={'Literal'} properties={'name': 'Literal', 'order_att': 27, 'value': {'gromet_type': 'LiteralValue', 'value': '0.7', 'value_type': 'AbstractFloat'}, 'order_box': 37}>"
"<Node id=7905 labels={'Opo'} properties={'name': 'alpha', 'order_att': 27, 'value': '', 'order_box': 37}>","<Relationship id=12379 start_node_id=7905 end_node_id=7906 nodes=(7905, 7906) type=Wire properties={}>","<Node id=7906 labels={'Literal'} properties={'name': 'Literal', 'order_att': 27, 'value': {'gromet_type': 'LiteralValue', 'value': '0.7', 'value_type': 'AbstractFloat'}, 'order_box': 37}>"
"<Node id=7834 labels={'Module'} properties={'name': 'module', 'schema': 'FN', 'filename': 'output-code-1', 'schema_version': '0.1.9'}>","<Relationship id=12301 start_node_id=7834 end_node_id=7907 nodes=(7834, 7907) type=Contains properties={'index': 28}>","<Node id=7907 labels={'Expression'} properties={'name': 'Expression128', 'order_att': 28, 'value': '', 'order_box': 38}>"
"<Node id=7907 labels={'Expression'} properties={'name': 'Expression128', 'order_att': 28, 'value': '', 'order_box': 38}>","<Relationship id=12382 start_node_id=7907 end_node_id=7908 nodes=(7907, 7908) type=Port_Of properties={}>","<Node id=7908 labels={'Opo'} properties={'name': 'linewidth', 'order_att': 28, 'value': '', 'order_box': 38}>"
"<Node id=7834 labels={'Module'} properties={'name': 'module', 'schema': 'FN', 'filename': 'output-code-1', 'schema_version': '0.1.9'}>","<Relationship id=12302 start_node_id=7834 end_node_id=7909 nodes=(7834, 7909) type=Contains properties={}>","<Node id=7909 labels={'Literal'} properties={'name': 'Literal', 'order_att': 28, 'value': {'gromet_type': 'LiteralValue', 'value': '2', 'value_type': 'Integer'}, 'order_box': 38}>"
"<Node id=7908 labels={'Opo'} properties={'name': 'linewidth', 'order_att': 28, 'value': '', 'order_box': 38}>","<Relationship id=12383 start_node_id=7908 end_node_id=7909 nodes=(7908, 7909) type=Wire properties={}>","<Node id=7909 labels={'Literal'} properties={'name': 'Literal', 'order_att': 28, 'value': {'gromet_type': 'LiteralValue', 'value': '2', 'value_type': 'Integer'}, 'order_box': 38}>"
"<Node id=7834 labels={'Module'} properties={'name': 'module', 'schema': 'FN', 'filename': 'output-code-1', 'schema_version': '0.1.9'}>","<Relationship id=12303 start_node_id=7834 end_node_id=7910 nodes=(7834, 7910) type=Contains properties={'index': 29}>","<Node id=7910 labels={'Expression'} properties={'name': 'Expression133', 'order_att': 29, 'value': '', 'order_box': 39}>"
"<Node id=7910 labels={'Expression'} properties={'name': 'Expression133', 'order_att': 29, 'value': '', 'order_box': 39}>","<Relationship id=12387 start_node_id=7910 end_node_id=7911 nodes=(7910, 7911) type=Port_Of properties={}>","<Node id=7911 labels={'Opo'} properties={'name': 'label', 'order_att': 29, 'value': '', 'order_box': 39}>"
"<Node id=7834 labels={'Module'} properties={'name': 'module', 'schema': 'FN', 'filename': 'output-code-1', 'schema_version': '0.1.9'}>","<Relationship id=12304 start_node_id=7834 end_node_id=7912 nodes=(7834, 7912) type=Contains properties={}>","<Node id=7912 labels={'Literal'} properties={'name': 'Literal', 'order_att': 29, 'value': {'gromet_type': 'LiteralValue', 'value': '""Recovered""', 'value_type': 'List'}, 'order_box': 39}>"
"<Node id=7911 labels={'Opo'} properties={'name': 'label', 'order_att': 29, 'value': '', 'order_box': 39}>","<Relationship id=12388 start_node_id=7911 end_node_id=7912 nodes=(7911, 7912) type=Wire properties={}>","<Node id=7912 labels={'Literal'} properties={'name': 'Literal', 'order_att': 29, 'value': {'gromet_type': 'LiteralValue', 'value': '""Recovered""', 'value_type': 'List'}, 'order_box': 39}>"
"<Node id=7834 labels={'Module'} properties={'name': 'module', 'schema': 'FN', 'filename': 'output-code-1', 'schema_version': '0.1.9'}>","<Relationship id=12305 start_node_id=7834 end_node_id=7913 nodes=(7834, 7913) type=Contains properties={}>","<Node id=7913 labels={'Primitive'} properties={'name': 'xlabel', 'order_att': 0, 'value': '', 'order_box': 40}>"
"<Node id=7834 labels={'Module'} properties={'name': 'module', 'schema': 'FN', 'filename': 'output-code-1', 'schema_version': '0.1.9'}>","<Relationship id=12307 start_node_id=7834 end_node_id=7914 nodes=(7834, 7914) type=Contains properties={}>","<Node id=7914 labels={'Primitive'} properties={'name': 'module.xlabel_0', 'order_att': 0, 'value': '', 'order_box': 41}>"
"<Node id=7834 labels={'Module'} properties={'name': 'module', 'schema': 'FN', 'filename': 'output-code-1', 'schema_version': '0.1.9'}>","<Relationship id=12308 start_node_id=7834 end_node_id=7915 nodes=(7834, 7915) type=Contains properties={}>","<Node id=7915 labels={'Literal'} properties={'name': 'Literal', 'order_att': 0, 'value': {'gromet_type': 'LiteralValue', 'value': '""Time (days)""', 'value_type': 'List'}, 'order_box': 42}>"
"<Node id=7834 labels={'Module'} properties={'name': 'module', 'schema': 'FN', 'filename': 'output-code-1', 'schema_version': '0.1.9'}>","<Relationship id=12309 start_node_id=7834 end_node_id=7916 nodes=(7834, 7916) type=Contains properties={}>","<Node id=7916 labels={'Primitive'} properties={'name': 'ylabel', 'order_att': 0, 'value': '', 'order_box': 43}>"
"<Node id=7834 labels={'Module'} properties={'name': 'module', 'schema': 'FN', 'filename': 'output-code-1', 'schema_version': '0.1.9'}>","<Relationship id=12310 start_node_id=7834 end_node_id=7917 nodes=(7834, 7917) type=Contains properties={}>","<Node id=7917 labels={'Primitive'} properties={'name': 'module.ylabel_0', 'order_att': 0, 'value': '', 'order_box': 44}>"
"<Node id=7834 labels={'Module'} properties={'name': 'module', 'schema': 'FN', 'filename': 'output-code-1', 'schema_version': '0.1.9'}>","<Relationship id=12311 start_node_id=7834 end_node_id=7918 nodes=(7834, 7918) type=Contains properties={}>","<Node id=7918 labels={'Literal'} properties={'name': 'Literal', 'order_att': 0, 'value': {'gromet_type': 'LiteralValue', 'value': '""Number of individuals""', 'value_type': 'List'}, 'order_box': 45}>"
"<Node id=7834 labels={'Module'} properties={'name': 'module', 'schema': 'FN', 'filename': 'output-code-1', 'schema_version': '0.1.9'}>","<Relationship id=12312 start_node_id=7834 end_node_id=7919 nodes=(7834, 7919) type=Contains properties={}>","<Node id=7919 labels={'Primitive'} properties={'name': 'title', 'order_att': 0, 'value': '', 'order_box': 46}>"
"<Node id=7834 labels={'Module'} properties={'name': 'module', 'schema': 'FN', 'filename': 'output-code-1', 'schema_version': '0.1.9'}>","<Relationship id=12313 start_node_id=7834 end_node_id=7920 nodes=(7834, 7920) type=Contains properties={}>","<Node id=7920 labels={'Primitive'} properties={'name': 'module.title_0', 'order_att': 0, 'value': '', 'order_box': 47}>"
"<Node id=7834 labels={'Module'} properties={'name': 'module', 'schema': 'FN', 'filename': 'output-code-1', 'schema_version': '0.1.9'}>","<Relationship id=12314 start_node_id=7834 end_node_id=7921 nodes=(7834, 7921) type=Contains properties={}>","<Node id=7921 labels={'Literal'} properties={'name': 'Literal', 'order_att': 0, 'value': {'gromet_type': 'LiteralValue', 'value': '""SIR Model""', 'value_type': 'List'}, 'order_box': 48}>"
"<Node id=7834 labels={'Module'} properties={'name': 'module', 'schema': 'FN', 'filename': 'output-code-1', 'schema_version': '0.1.9'}>","<Relationship id=12315 start_node_id=7834 end_node_id=7922 nodes=(7834, 7922) type=Contains properties={}>","<Node id=7922 labels={'Primitive'} properties={'name': 'legend', 'order_att': 0, 'value': '', 'order_box': 49}>"
"<Node id=7834 labels={'Module'} properties={'name': 'module', 'schema': 'FN', 'filename': 'output-code-1', 'schema_version': '0.1.9'}>","<Relationship id=12316 start_node_id=7834 end_node_id=7923 nodes=(7834, 7923) type=Contains properties={}>","<Node id=7923 labels={'Primitive'} properties={'name': 'module.legend_0', 'order_att': 0, 'value': '', 'order_box': 50}>"
"<Node id=7834 labels={'Module'} properties={'name': 'module', 'schema': 'FN', 'filename': 'output-code-1', 'schema_version': '0.1.9'}>","<Relationship id=12317 start_node_id=7834 end_node_id=7924 nodes=(7834, 7924) type=Contains properties={}>","<Node id=7924 labels={'Primitive'} properties={'name': 'grid', 'order_att': 0, 'value': '', 'order_box': 51}>"
"<Node id=7834 labels={'Module'} properties={'name': 'module', 'schema': 'FN', 'filename': 'output-code-1', 'schema_version': '0.1.9'}>","<Relationship id=12318 start_node_id=7834 end_node_id=7925 nodes=(7834, 7925) type=Contains properties={}>","<Node id=7925 labels={'Primitive'} properties={'name': 'module.grid_0', 'order_att': 0, 'value': '', 'order_box': 52}>"
"<Node id=7834 labels={'Module'} properties={'name': 'module', 'schema': 'FN', 'filename': 'output-code-1', 'schema_version': '0.1.9'}>","<Relationship id=12319 start_node_id=7834 end_node_id=7926 nodes=(7834, 7926) type=Contains properties={}>","<Node id=7926 labels={'Literal'} properties={'name': 'Literal', 'order_att': 0, 'value': {'gromet_type': 'LiteralValue', 'value': '""True""', 'value_type': 'Boolean'}, 'order_box': 53}>"
"<Node id=7834 labels={'Module'} properties={'name': 'module', 'schema': 'FN', 'filename': 'output-code-1', 'schema_version': '0.1.9'}>","<Relationship id=12320 start_node_id=7834 end_node_id=7927 nodes=(7834, 7927) type=Contains properties={}>","<Node id=7927 labels={'Primitive'} properties={'name': 'show', 'order_att': 0, 'value': '', 'order_box': 54}>"
"<Node id=7834 labels={'Module'} properties={'name': 'module', 'schema': 'FN', 'filename': 'output-code-1', 'schema_version': '0.1.9'}>","<Relationship id=12321 start_node_id=7834 end_node_id=7928 nodes=(7834, 7928) type=Contains properties={}>","<Node id=7928 labels={'Primitive'} properties={'name': 'module.show_0', 'order_att': 0, 'value': '', 'order_box': 55}>"
"<Node id=7837 labels={'Expression'} properties={'name': 'Expression2', 'order_att': 1, 'value': '', 'order_box': 2}>","<Relationship id=12408 start_node_id=7837 end_node_id=7929 nodes=(7837, 7929) type=Metadata properties={}>","<Node id=7929 labels={'Metadata'} properties={'gromet_version': [''], 'source_language_version': [''], 'variable_definition': [''], 'files': [''], 'source_language': [''], 'global_reference_id': [''], 'data_type': [''], 'name': [''], 'line_end': [8], 'code_file_reference_uid': ['83f9e66e-5a0b-f268-40bc-3feb7a5e225e'], 'line_begin': [8], 'metadata_type': [''], 'text_extraction': [''], 'col_begin': [0], 'grounding': [''], 'variable_identifier': [''], 'provenance': ['Provenance { method: Some(""skema_code2fn_program_analysis""), timestamp: Some(""2024-02-01 21:12:10.347506"") }'], 'col_end': [8], 'value': [''], 'metadata_idx': 5}>"
"<Node id=7839 labels={'Literal'} properties={'name': 'Literal', 'order_att': 1, 'value': {'gromet_type': 'LiteralValue', 'value': '1000', 'value_type': 'Integer'}, 'order_box': 2}>","<Relationship id=12429 start_node_id=7839 end_node_id=7930 nodes=(7839, 7930) type=Metadata properties={}>","<Node id=7930 labels={'Metadata'} properties={'gromet_version': ['', ''], 'source_language_version': ['3.8', ''], 'variable_definition': ['', ''], 'files': ['', ''], 'source_language': ['Python', ''], 'global_reference_id': ['', ''], 'data_type': [""<class 'int'>"", ''], 'name': ['', ''], 'line_end': [0, 8], 'code_file_reference_uid': ['', '83f9e66e-5a0b-f268-40bc-3feb7a5e225e'], 'line_begin': [0, 8], 'metadata_type': ['', ''], 'text_extraction': ['', ''], 'col_begin': [0, 4], 'grounding': ['', ''], 'variable_identifier': ['', ''], 'provenance': ['Provenance { method: Some(""skema_code2fn_program_analysis""), timestamp: Some(""2024-02-01 21:12:10.347544"") }', 'Provenance { method: Some(""skema_code2fn_program_analysis""), timestamp: Some(""2024-02-01 21:12:10.347535"") }'], 'col_end': [0, 8], 'value': ['', ''], 'metadata_idx': 4}>"
"<Node id=7840 labels={'Expression'} properties={'name': 'Expression7', 'order_att': 2, 'value': '', 'order_box': 3}>","<Relationship id=12442 start_node_id=7840 end_node_id=7931 nodes=(7840, 7931) type=Metadata properties={}>","<Node id=7931 labels={'Metadata'} properties={'gromet_version': [''], 'source_language_version': [''], 'variable_definition': [''], 'files': [''], 'source_language': [''], 'global_reference_id': [''], 'data_type': [''], 'name': [''], 'line_end': [10], 'code_file_reference_uid': ['83f9e66e-5a0b-f268-40bc-3feb7a5e225e'], 'line_begin': [10], 'metadata_type': [''], 'text_extraction': [''], 'col_begin': [0], 'grounding': [''], 'variable_identifier': [''], 'provenance': ['Provenance { method: Some(""skema_code2fn_program_analysis""), timestamp: Some(""2024-02-01 21:12:10.347641"") }'], 'col_end': [13], 'value': [''], 'metadata_idx': 7}>"
"<Node id=7842 labels={'Literal'} properties={'name': 'Literal', 'order_att': 2, 'value': {'gromet_type': 'LiteralValue', 'value': '1', 'value_type': 'Integer'}, 'order_box': 3}>","<Relationship id=12456 start_node_id=7842 end_node_id=7932 nodes=(7842, 7932) type=Metadata properties={}>","<Node id=7932 labels={'Metadata'} properties={'gromet_version': ['', ''], 'source_language_version': ['3.8', ''], 'variable_definition': ['', ''], 'files': ['', ''], 'source_language': ['Python', ''], 'global_reference_id': ['', ''], 'data_type': [""<class 'int'>"", ''], 'name': ['', ''], 'line_end': [0, 10], 'code_file_reference_uid': ['', '83f9e66e-5a0b-f268-40bc-3feb7a5e225e'], 'line_begin': [0, 10], 'metadata_type': ['', ''], 'text_extraction': ['', ''], 'col_begin': [0, 9], 'grounding': ['', ''], 'variable_identifier': ['', ''], 'provenance': ['Provenance { method: Some(""skema_code2fn_program_analysis""), timestamp: Some(""2024-02-01 21:12:10.347672"") }', 'Provenance { method: Some(""skema_code2fn_program_analysis""), timestamp: Some(""2024-02-01 21:12:10.347664"") }'], 'col_end': [0, 10], 'value': ['', ''], 'metadata_idx': 6}>"
"<Node id=7843 labels={'Expression'} properties={'name': 'Expression12', 'order_att': 3, 'value': '', 'order_box': 4}>","<Relationship id=12374 start_node_id=7843 end_node_id=7933 nodes=(7843, 7933) type=Metadata properties={}>","<Node id=7933 labels={'Metadata'} properties={'gromet_version': [''], 'source_language_version': [''], 'variable_definition': [''], 'files': [''], 'source_language': [''], 'global_reference_id': [''], 'data_type': [''], 'name': [''], 'line_end': [10], 'code_file_reference_uid': ['83f9e66e-5a0b-f268-40bc-3feb7a5e225e'], 'line_begin': [10], 'metadata_type': [''], 'text_extraction': [''], 'col_begin': [0], 'grounding': [''], 'variable_identifier': [''], 'provenance': ['Provenance { method: Some(""skema_code2fn_program_analysis""), timestamp: Some(""2024-02-01 21:12:10.347641"") }'], 'col_end': [13], 'value': [''], 'metadata_idx': 9}>"
"<Node id=7845 labels={'Literal'} properties={'name': 'Literal', 'order_att': 3, 'value': {'gromet_type': 'LiteralValue', 'value': '0', 'value_type': 'Integer'}, 'order_box': 4}>","<Relationship id=12390 start_node_id=7845 end_node_id=7934 nodes=(7845, 7934) type=Metadata properties={}>","<Node id=7934 labels={'Metadata'} properties={'gromet_version': ['', ''], 'source_language_version': ['3.8', ''], 'variable_definition': ['', ''], 'files': ['', ''], 'source_language': ['Python', ''], 'global_reference_id': ['', ''], 'data_type': [""<class 'int'>"", ''], 'name': ['', ''], 'line_end': [0, 10], 'code_file_reference_uid': ['', '83f9e66e-5a0b-f268-40bc-3feb7a5e225e'], 'line_begin': [0, 10], 'metadata_type': ['', ''], 'text_extraction': ['', ''], 'col_begin': [0, 12], 'grounding': ['', ''], 'variable_identifier': ['', ''], 'provenance': ['Provenance { method: Some(""skema_code2fn_program_analysis""), timestamp: Some(""2024-02-01 21:12:10.347728"") }', 'Provenance { method: Some(""skema_code2fn_program_analysis""), timestamp: Some(""2024-02-01 21:12:10.347721"") }'], 'col_end': [0, 13], 'value': ['', ''], 'metadata_idx': 8}>"
"<Node id=7846 labels={'Expression'} properties={'name': 'Expression17', 'order_att': 4, 'value': '', 'order_box': 5}>","<Relationship id=12401 start_node_id=7846 end_node_id=7935 nodes=(7846, 7935) type=Metadata properties={}>","<Node id=7935 labels={'Metadata'} properties={'gromet_version': [''], 'source_language_version': [''], 'variable_definition': [''], 'files': [''], 'source_language': [''], 'global_reference_id': [''], 'data_type': [''], 'name': [''], 'line_end': [12], 'code_file_reference_uid': ['83f9e66e-5a0b-f268-40bc-3feb7a5e225e'], 'line_begin': [12], 'metadata_type': [''], 'text_extraction': [''], 'col_begin': [0], 'grounding': [''], 'variable_identifier': [''], 'provenance': ['Provenance { method: Some(""skema_code2fn_program_analysis""), timestamp: Some(""2024-02-01 21:12:10.347810"") }'], 'col_end': [16], 'value': [''], 'metadata_idx': 12}>"
"<Node id=7851 labels={'Primitive'} properties={'name': 'ast.Sub', 'order_att': 4, 'value': '', 'order_box': 5}>","<Relationship id=12412 start_node_id=7851 end_node_id=7936 nodes=(7851, 7936) type=Metadata properties={}>","<Node id=7936 labels={'Metadata'} properties={'gromet_version': [''], 'source_language_version': [''], 'variable_definition': [''], 'files': [''], 'source_language': [''], 'global_reference_id': [''], 'data_type': [''], 'name': [''], 'line_end': [12], 'code_file_reference_uid': ['83f9e66e-5a0b-f268-40bc-3feb7a5e225e'], 'line_begin': [12], 'metadata_type': [''], 'text_extraction': [''], 'col_begin': [5], 'grounding': [''], 'variable_identifier': [''], 'provenance': ['Provenance { method: Some(""skema_code2fn_program_analysis""), timestamp: Some(""2024-02-01 21:12:10.347851"") }'], 'col_end': [11], 'value': [''], 'metadata_idx': 10}>"
"<Node id=7852 labels={'Primitive'} properties={'name': 'ast.Sub', 'order_att': 4, 'value': '', 'order_box': 5}>","<Relationship id=12415 start_node_id=7852 end_node_id=7937 nodes=(7852, 7937) type=Metadata properties={}>","<Node id=7937 labels={'Metadata'} properties={'gromet_version': [''], 'source_language_version': [''], 'variable_definition': [''], 'files': [''], 'source_language': [''], 'global_reference_id': [''], 'data_type': [''], 'name': [''], 'line_end': [12], 'code_file_reference_uid': ['83f9e66e-5a0b-f268-40bc-3feb7a5e225e'], 'line_begin': [12], 'metadata_type': [''], 'text_extraction': [''], 'col_begin': [5], 'grounding': [''], 'variable_identifier': [''], 'provenance': ['Provenance { method: Some(""skema_code2fn_program_analysis""), timestamp: Some(""2024-02-01 21:12:10.347914"") }'], 'col_end': [16], 'value': [''], 'metadata_idx': 11}>"
"<Node id=7853 labels={'Expression'} properties={'name': 'Expression27', 'order_att': 5, 'value': '', 'order_box': 6}>","<Relationship id=12418 start_node_id=7853 end_node_id=7938 nodes=(7853, 7938) type=Metadata properties={}>","<Node id=7938 labels={'Metadata'} properties={'gromet_version': [''], 'source_language_version': [''], 'variable_definition': [''], 'files': [''], 'source_language': [''], 'global_reference_id': [''], 'data_type': [''], 'name': [''], 'line_end': [14], 'code_file_reference_uid': ['83f9e66e-5a0b-f268-40bc-3feb7a5e225e'], 'line_begin': [14], 'metadata_type': [''], 'text_extraction': [''], 'col_begin': [0], 'grounding': [''], 'variable_identifier': [''], 'provenance': ['Provenance { method: Some(""skema_code2fn_program_analysis""), timestamp: Some(""2024-02-01 21:12:10.348003"") }'], 'col_end': [24], 'value': [''], 'metadata_idx': 14}>"
"<Node id=7855 labels={'Literal'} properties={'name': 'Literal', 'order_att': 5, 'value': {'gromet_type': 'LiteralValue', 'value': '0.2', 'value_type': 'AbstractFloat'}, 'order_box': 6}>","<Relationship id=12421 start_node_id=7855 end_node_id=7939 nodes=(7855, 7939) type=Metadata properties={}>","<Node id=7939 labels={'Metadata'} properties={'gromet_version': ['', ''], 'source_language_version': ['3.8', ''], 'variable_definition': ['', ''], 'files': ['', ''], 'source_language': ['Python', ''], 'global_reference_id': ['', ''], 'data_type': [""<class 'float'>"", ''], 'name': ['', ''], 'line_end': [0, 14], 'code_file_reference_uid': ['', '83f9e66e-5a0b-f268-40bc-3feb7a5e225e'], 'line_begin': [0, 14], 'metadata_type': ['', ''], 'text_extraction': ['', ''], 'col_begin': [0, 14], 'grounding': ['', ''], 'variable_identifier': ['', ''], 'provenance': ['Provenance { method: Some(""skema_code2fn_program_analysis""), timestamp: Some(""2024-02-01 21:12:10.348041"") }', 'Provenance { method: Some(""skema_code2fn_program_analysis""), timestamp: Some(""2024-02-01 21:12:10.348033"") }'], 'col_end': [0, 17], 'value': ['', ''], 'metadata_idx': 13}>"
"<Node id=7856 labels={'Expression'} properties={'name': 'Expression32', 'order_att': 6, 'value': '', 'order_box': 7}>","<Relationship id=12423 start_node_id=7856 end_node_id=7940 nodes=(7856, 7940) type=Metadata properties={}>","<Node id=7940 labels={'Metadata'} properties={'gromet_version': [''], 'source_language_version': [''], 'variable_definition': [''], 'files': [''], 'source_language': [''], 'global_reference_id': [''], 'data_type': [''], 'name': [''], 'line_end': [14], 'code_file_reference_uid': ['83f9e66e-5a0b-f268-40bc-3feb7a5e225e'], 'line_begin': [14], 'metadata_type': [''], 'text_extraction': [''], 'col_begin': [0], 'grounding': [''], 'variable_identifier': [''], 'provenance': ['Provenance { method: Some(""skema_code2fn_program_analysis""), timestamp: Some(""2024-02-01 21:12:10.348003"") }'], 'col_end': [24], 'value': [''], 'metadata_idx': 18}>"
"<Node id=7857 labels={'Literal'} properties={'name': 'Literal', 'order_att': 6, 'value': {'gromet_type': 'LiteralValue', 'value': '1', 'value_type': 'AbstractFloat'}, 'order_box': 7}>","<Relationship id=12424 start_node_id=7857 end_node_id=7941 nodes=(7857, 7941) type=Metadata properties={}>","<Node id=7941 labels={'Metadata'} properties={'gromet_version': ['', ''], 'source_language_version': ['3.8', ''], 'variable_definition': ['', ''], 'files': ['', ''], 'source_language': ['Python', ''], 'global_reference_id': ['', ''], 'data_type': [""<class 'float'>"", ''], 'name': ['', ''], 'line_end': [0, 14], 'code_file_reference_uid': ['', '83f9e66e-5a0b-f268-40bc-3feb7a5e225e'], 'line_begin': [0, 14], 'metadata_type': ['', ''], 'text_extraction': ['', ''], 'col_begin': [0, 19], 'grounding': ['', ''], 'variable_identifier': ['', ''], 'provenance': ['Provenance { method: Some(""skema_code2fn_program_analysis""), timestamp: Some(""2024-02-01 21:12:10.348123"") }', 'Provenance { method: Some(""skema_code2fn_program_analysis""), timestamp: Some(""2024-02-01 21:12:10.348112"") }'], 'col_end': [0, 21], 'value': ['', ''], 'metadata_idx': 15}>"
"<Node id=7858 labels={'Literal'} properties={'name': 'Literal', 'order_att': 6, 'value': {'gromet_type': 'LiteralValue', 'value': '10', 'value_type': 'Integer'}, 'order_box': 7}>","<Relationship id=12425 start_node_id=7858 end_node_id=7942 nodes=(7858, 7942) type=Metadata properties={}>","<Node id=7942 labels={'Metadata'} properties={'gromet_version': ['', ''], 'source_language_version': ['3.8', ''], 'variable_definition': ['', ''], 'files': ['', ''], 'source_language': ['Python', ''], 'global_reference_id': ['', ''], 'data_type': [""<class 'int'>"", ''], 'name': ['', ''], 'line_end': [0, 14], 'code_file_reference_uid': ['', '83f9e66e-5a0b-f268-40bc-3feb7a5e225e'], 'line_begin': [0, 14], 'metadata_type': ['', ''], 'text_extraction': ['', ''], 'col_begin': [0, 22], 'grounding': ['', ''], 'variable_identifier': ['', ''], 'provenance': ['Provenance { method: Some(""skema_code2fn_program_analysis""), timestamp: Some(""2024-02-01 21:12:10.348158"") }', 'Provenance { method: Some(""skema_code2fn_program_analysis""), timestamp: Some(""2024-02-01 21:12:10.348149"") }'], 'col_end': [0, 24], 'value': ['', ''], 'metadata_idx': 16}>"
"<Node id=7859 labels={'Primitive'} properties={'name': 'ast.Div', 'order_att': 6, 'value': '', 'order_box': 7}>","<Relationship id=12426 start_node_id=7859 end_node_id=7943 nodes=(7859, 7943) type=Metadata properties={}>","<Node id=7943 labels={'Metadata'} properties={'gromet_version': [''], 'source_language_version': [''], 'variable_definition': [''], 'files': [''], 'source_language': [''], 'global_reference_id': [''], 'data_type': [''], 'name': [''], 'line_end': [14], 'code_file_reference_uid': ['83f9e66e-5a0b-f268-40bc-3feb7a5e225e'], 'line_begin': [14], 'metadata_type': [''], 'text_extraction': [''], 'col_begin': [19], 'grounding': [''], 'variable_identifier': [''], 'provenance': ['Provenance { method: Some(""skema_code2fn_program_analysis""), timestamp: Some(""2024-02-01 21:12:10.348180"") }'], 'col_end': [24], 'value': [''], 'metadata_idx': 17}>"
"<Node id=7861 labels={'Primitive'} properties={'name': 'module.linspace_0', 'order_att': 0, 'value': '', 'order_box': 9}>","<Relationship id=12430 start_node_id=7861 end_node_id=7944 nodes=(7861, 7944) type=Metadata properties={}>","<Node id=7944 labels={'Metadata'} properties={'gromet_version': [''], 'source_language_version': [''], 'variable_definition': [''], 'files': [''], 'source_language': [''], 'global_reference_id': [''], 'data_type': [''], 'name': [''], 'line_end': [16], 'code_file_reference_uid': ['83f9e66e-5a0b-f268-40bc-3feb7a5e225e'], 'line_begin': [16], 'metadata_type': [''], 'text_extraction': [''], 'col_begin': [4], 'grounding': [''], 'variable_identifier': [''], 'provenance': ['Provenance { method: Some(""skema_code2fn_program_analysis""), timestamp: Some(""2024-02-01 21:12:10.348241"") }'], 'col_end': [28], 'value': [''], 'metadata_idx': 19}>"
"<Node id=7862 labels={'Literal'} properties={'name': 'Literal', 'order_att': 0, 'value': {'gromet_type': 'LiteralValue', 'value': '0', 'value_type': 'Integer'}, 'order_box': 10}>","<Relationship id=12431 start_node_id=7862 end_node_id=7945 nodes=(7862, 7945) type=Metadata properties={}>","<Node id=7945 labels={'Metadata'} properties={'gromet_version': ['', ''], 'source_language_version': ['3.8', ''], 'variable_definition': ['', ''], 'files': ['', ''], 'source_language': ['Python', ''], 'global_reference_id': ['', ''], 'data_type': [""<class 'int'>"", ''], 'name': ['', ''], 'line_end': [0, 16], 'code_file_reference_uid': ['', '83f9e66e-5a0b-f268-40bc-3feb7a5e225e'], 'line_begin': [0, 16], 'metadata_type': ['', ''], 'text_extraction': ['', ''], 'col_begin': [0, 16], 'grounding': ['', ''], 'variable_identifier': ['', ''], 'provenance': ['Provenance { method: Some(""skema_code2fn_program_analysis""), timestamp: Some(""2024-02-01 21:12:10.348377"") }', 'Provenance { method: Some(""skema_code2fn_program_analysis""), timestamp: Some(""2024-02-01 21:12:10.348367"") }'], 'col_end': [0, 17], 'value': ['', ''], 'metadata_idx': 20}>"
"<Node id=7863 labels={'Literal'} properties={'name': 'Literal', 'order_att': 0, 'value': {'gromet_type': 'LiteralValue', 'value': '160', 'value_type': 'Integer'}, 'order_box': 11}>","<Relationship id=12432 start_node_id=7863 end_node_id=7946 nodes=(7863, 7946) type=Metadata properties={}>","<Node id=7946 labels={'Metadata'} properties={'gromet_version': ['', ''], 'source_language_version': ['3.8', ''], 'variable_definition': ['', ''], 'files': ['', ''], 'source_language': ['Python', ''], 'global_reference_id': ['', ''], 'data_type': [""<class 'int'>"", ''], 'name': ['', ''], 'line_end': [0, 16], 'code_file_reference_uid': ['', '83f9e66e-5a0b-f268-40bc-3feb7a5e225e'], 'line_begin': [0, 16], 'metadata_type': ['', ''], 'text_extraction': ['', ''], 'col_begin': [0, 19], 'grounding': ['', ''], 'variable_identifier': ['', ''], 'provenance': ['Provenance { method: Some(""skema_code2fn_program_analysis""), timestamp: Some(""2024-02-01 21:12:10.348418"") }', 'Provenance { method: Some(""skema_code2fn_program_analysis""), timestamp: Some(""2024-02-01 21:12:10.348410"") }'], 'col_end': [0, 22], 'value': ['', ''], 'metadata_idx': 21}>"
"<Node id=7864 labels={'Literal'} properties={'name': 'Literal', 'order_att': 0, 'value': {'gromet_type': 'LiteralValue', 'value': '160', 'value_type': 'Integer'}, 'order_box': 12}>","<Relationship id=12433 start_node_id=7864 end_node_id=7947 nodes=(7864, 7947) type=Metadata properties={}>","<Node id=7947 labels={'Metadata'} properties={'gromet_version': ['', ''], 'source_language_version': ['3.8', ''], 'variable_definition': ['', ''], 'files': ['', ''], 'source_language': ['Python', ''], 'global_reference_id': ['', ''], 'data_type': [""<class 'int'>"", ''], 'name': ['', ''], 'line_end': [0, 16], 'code_file_reference_uid': ['', '83f9e66e-5a0b-f268-40bc-3feb7a5e225e'], 'line_begin': [0, 16], 'metadata_type': ['', ''], 'text_extraction': ['', ''], 'col_begin': [0, 24], 'grounding': ['', ''], 'variable_identifier': ['', ''], 'provenance': ['Provenance { method: Some(""skema_code2fn_program_analysis""), timestamp: Some(""2024-02-01 21:12:10.348460"") }', 'Provenance { method: Some(""skema_code2fn_program_analysis""), timestamp: Some(""2024-02-01 21:12:10.348451"") }'], 'col_end': [0, 27], 'value': ['', ''], 'metadata_idx': 22}>"
"<Node id=7865 labels={'Primitive'} properties={'name': 'scipy.integrate.odeint_id22', 'order_att': 0, 'value': '', 'order_box': 14}>","<Relationship id=12434 start_node_id=7865 end_node_id=7948 nodes=(7865, 7948) type=Metadata properties={}>","<Node id=7948 labels={'Metadata'} properties={'gromet_version': [''], 'source_language_version': [''], 'variable_definition': [''], 'files': [''], 'source_language': [''], 'global_reference_id': [''], 'data_type': [''], 'name': [''], 'line_end': [29], 'code_file_reference_uid': ['83f9e66e-5a0b-f268-40bc-3feb7a5e225e'], 'line_begin': [29], 'metadata_type': [''], 'text_extraction': [''], 'col_begin': [6], 'grounding': [''], 'variable_identifier': [''], 'provenance': ['Provenance { method: Some(""skema_code2fn_program_analysis""), timestamp: Some(""2024-02-01 21:12:10.349769"") }'], 'col_end': [49], 'value': [''], 'metadata_idx': 47}>"
"<Node id=7867 labels={'Expression'} properties={'name': 'Expression56', 'order_att': 14, 'value': '', 'order_box': 17}>","<Relationship id=12435 start_node_id=7867 end_node_id=7949 nodes=(7867, 7949) type=Metadata properties={}>","<Node id=7949 labels={'Metadata'} properties={'gromet_version': [''], 'source_language_version': [''], 'variable_definition': [''], 'files': [''], 'source_language': [''], 'global_reference_id': [''], 'data_type': [''], 'name': [''], 'line_end': [30], 'code_file_reference_uid': ['83f9e66e-5a0b-f268-40bc-3feb7a5e225e'], 'line_begin': [30], 'metadata_type': [''], 'text_extraction': [''], 'col_begin': [0], 'grounding': [''], 'variable_identifier': [''], 'provenance': ['Provenance { method: Some(""skema_code2fn_program_analysis""), timestamp: Some(""2024-02-01 21:12:10.349991"") }'], 'col_end': [15], 'value': [''], 'metadata_idx': 48}>"
"<Node id=7872 labels={'Primitive'} properties={'name': 'module.figure_0', 'order_att': 0, 'value': '', 'order_box': 20}>","<Relationship id=12438 start_node_id=7872 end_node_id=7950 nodes=(7872, 7950) type=Metadata properties={}>","<Node id=7950 labels={'Metadata'} properties={'gromet_version': [''], 'source_language_version': [''], 'variable_definition': [''], 'files': [''], 'source_language': [''], 'global_reference_id': [''], 'data_type': [''], 'name': [''], 'line_end': [33], 'code_file_reference_uid': ['83f9e66e-5a0b-f268-40bc-3feb7a5e225e'], 'line_begin': [33], 'metadata_type': [''], 'text_extraction': [''], 'col_begin': [0], 'grounding': [''], 'variable_identifier': [''], 'provenance': ['Provenance { method: Some(""skema_code2fn_program_analysis""), timestamp: Some(""2024-02-01 21:12:10.350156"") }'], 'col_end': [26], 'value': [''], 'metadata_idx': 52}>"
"<Node id=7873 labels={'Expression'} properties={'name': 'Expression68', 'order_att': 16, 'value': '', 'order_box': 21}>","<Relationship id=12439 start_node_id=7873 end_node_id=7951 nodes=(7873, 7951) type=Metadata properties={}>","<Node id=7951 labels={'Metadata'} properties={'gromet_version': [''], 'source_language_version': [''], 'variable_definition': [''], 'files': [''], 'source_language': [''], 'global_reference_id': [''], 'data_type': [''], 'name': [''], 'line_end': [33], 'code_file_reference_uid': ['83f9e66e-5a0b-f268-40bc-3feb7a5e225e'], 'line_begin': [33], 'metadata_type': [''], 'text_extraction': [''], 'col_begin': [0], 'grounding': [''], 'variable_identifier': [''], 'provenance': ['Provenance { method: Some(""skema_code2fn_program_analysis""), timestamp: Some(""2024-02-01 21:12:10.350239"") }'], 'col_end': [26], 'value': [''], 'metadata_idx': 54}>"
"<Node id=7875 labels={'Literal'} properties={'name': 'Literal', 'order_att': 16, 'value': {'gromet_type': 'LiteralValue', 'value': '8', 'value_type': 'Integer'}, 'order_box': 21}>","<Relationship id=12444 start_node_id=7875 end_node_id=7952 nodes=(7875, 7952) type=Metadata properties={}>","<Node id=7952 labels={'Metadata'} properties={'gromet_version': ['', ''], 'source_language_version': ['3.8', ''], 'variable_definition': ['', ''], 'files': ['', ''], 'source_language': ['Python', ''], 'global_reference_id': ['', ''], 'data_type': [""<class 'int'>"", ''], 'name': ['', ''], 'line_end': [0, 33], 'code_file_reference_uid': ['', '83f9e66e-5a0b-f268-40bc-3feb7a5e225e'], 'line_begin': [0, 33], 'metadata_type': ['', ''], 'text_extraction': ['', ''], 'col_begin': [0, 20], 'grounding': ['', ''], 'variable_identifier': ['', ''], 'provenance': ['Provenance { method: Some(""skema_code2fn_program_analysis""), timestamp: Some(""2024-02-01 21:12:10.350271"") }', 'Provenance { method: Some(""skema_code2fn_program_analysis""), timestamp: Some(""2024-02-01 21:12:10.350261"") }'], 'col_end': [0, 21], 'value': ['', ''], 'metadata_idx': 53}>"
"<Node id=7876 labels={'Expression'} properties={'name': 'Expression73', 'order_att': 17, 'value': '', 'order_box': 22}>","<Relationship id=12445 start_node_id=7876 end_node_id=7953 nodes=(7876, 7953) type=Metadata properties={}>","<Node id=7953 labels={'Metadata'} properties={'gromet_version': [''], 'source_language_version': [''], 'variable_definition': [''], 'files': [''], 'source_language': [''], 'global_reference_id': [''], 'data_type': [''], 'name': [''], 'line_end': [33], 'code_file_reference_uid': ['83f9e66e-5a0b-f268-40bc-3feb7a5e225e'], 'line_begin': [33], 'metadata_type': [''], 'text_extraction': [''], 'col_begin': [0], 'grounding': [''], 'variable_identifier': [''], 'provenance': ['Provenance { method: Some(""skema_code2fn_program_analysis""), timestamp: Some(""2024-02-01 21:12:10.350239"") }'], 'col_end': [26], 'value': [''], 'metadata_idx': 56}>"
"<Node id=7878 labels={'Literal'} properties={'name': 'Literal', 'order_att': 17, 'value': {'gromet_type': 'LiteralValue', 'value': '6', 'value_type': 'Integer'}, 'order_box': 22}>","<Relationship id=12448 start_node_id=7878 end_node_id=7954 nodes=(7878, 7954) type=Metadata properties={}>","<Node id=7954 labels={'Metadata'} properties={'gromet_version': ['', ''], 'source_language_version': ['3.8', ''], 'variable_definition': ['', ''], 'files': ['', ''], 'source_language': ['Python', ''], 'global_reference_id': ['', ''], 'data_type': [""<class 'int'>"", ''], 'name': ['', ''], 'line_end': [0, 33], 'code_file_reference_uid': ['', '83f9e66e-5a0b-f268-40bc-3feb7a5e225e'], 'line_begin': [0, 33], 'metadata_type': ['', ''], 'text_extraction': ['', ''], 'col_begin': [0, 23], 'grounding': ['', ''], 'variable_identifier': ['', ''], 'provenance': ['Provenance { method: Some(""skema_code2fn_program_analysis""), timestamp: Some(""2024-02-01 21:12:10.350340"") }', 'Provenance { method: Some(""skema_code2fn_program_analysis""), timestamp: Some(""2024-02-01 21:12:10.350331"") }'], 'col_end': [0, 24], 'value': ['', ''], 'metadata_idx': 55}>"
"<Node id=7880 labels={'Primitive'} properties={'name': 'module.plot_0', 'order_att': 0, 'value': '', 'order_box': 25}>","<Relationship id=12450 start_node_id=7880 end_node_id=7955 nodes=(7880, 7955) type=Metadata properties={}>","<Node id=7955 labels={'Metadata'} properties={'gromet_version': [''], 'source_language_version': [''], 'variable_definition': [''], 'files': [''], 'source_language': [''], 'global_reference_id': [''], 'data_type': [''], 'name': [''], 'line_end': [34], 'code_file_reference_uid': ['83f9e66e-5a0b-f268-40bc-3feb7a5e225e'], 'line_begin': [34], 'metadata_type': [''], 'text_extraction': [''], 'col_begin': [0], 'grounding': [''], 'variable_identifier': [''], 'provenance': ['Provenance { method: Some(""skema_code2fn_program_analysis""), timestamp: Some(""2024-02-01 21:12:10.350439"") }'], 'col_end': [64], 'value': [''], 'metadata_idx': 57}>"
"<Node id=7881 labels={'Literal'} properties={'name': 'Literal', 'order_att': 0, 'value': {'gromet_type': 'LiteralValue', 'value': '""b""', 'value_type': 'List'}, 'order_box': 26}>","<Relationship id=12451 start_node_id=7881 end_node_id=7956 nodes=(7881, 7956) type=Metadata properties={}>","<Node id=7956 labels={'Metadata'} properties={'gromet_version': ['', ''], 'source_language_version': ['3.8', ''], 'variable_definition': ['', ''], 'files': ['', ''], 'source_language': ['Python', ''], 'global_reference_id': ['', ''], 'data_type': [""<class 'str'>"", ''], 'name': ['', ''], 'line_end': [0, 34], 'code_file_reference_uid': ['', '83f9e66e-5a0b-f268-40bc-3feb7a5e225e'], 'line_begin': [0, 34], 'metadata_type': ['', ''], 'text_extraction': ['', ''], 'col_begin': [0, 15], 'grounding': ['', ''], 'variable_identifier': ['', ''], 'provenance': ['Provenance { method: Some(""skema_code2fn_program_analysis""), timestamp: Some(""2024-02-01 21:12:10.350559"") }', 'Provenance { method: Some(""skema_code2fn_program_analysis""), timestamp: Some(""2024-02-01 21:12:10.350550"") }'], 'col_end': [0, 18], 'value': ['', ''], 'metadata_idx': 58}>"
"<Node id=7882 labels={'Expression'} properties={'name': 'Expression85', 'order_att': 19, 'value': '', 'order_box': 27}>","<Relationship id=12452 start_node_id=7882 end_node_id=7957 nodes=(7882, 7957) type=Metadata properties={}>","<Node id=7957 labels={'Metadata'} properties={'gromet_version': [''], 'source_language_version': [''], 'variable_definition': [''], 'files': [''], 'source_language': [''], 'global_reference_id': [''], 'data_type': [''], 'name': [''], 'line_end': [34], 'code_file_reference_uid': ['83f9e66e-5a0b-f268-40bc-3feb7a5e225e'], 'line_begin': [34], 'metadata_type': [''], 'text_extraction': [''], 'col_begin': [0], 'grounding': [''], 'variable_identifier': [''], 'provenance': ['Provenance { method: Some(""skema_code2fn_program_analysis""), timestamp: Some(""2024-02-01 21:12:10.350597"") }'], 'col_end': [64], 'value': [''], 'metadata_idx': 60}>"
"<Node id=7884 labels={'Literal'} properties={'name': 'Literal', 'order_att': 19, 'value': {'gromet_type': 'LiteralValue', 'value': '0.7', 'value_type': 'AbstractFloat'}, 'order_box': 27}>","<Relationship id=12455 start_node_id=7884 end_node_id=7958 nodes=(7884, 7958) type=Metadata properties={}>","<Node id=7958 labels={'Metadata'} properties={'gromet_version': ['', ''], 'source_language_version': ['3.8', ''], 'variable_definition': ['', ''], 'files': ['', ''], 'source_language': ['Python', ''], 'global_reference_id': ['', ''], 'data_type': [""<class 'float'>"", ''], 'name': ['', ''], 'line_end': [0, 34], 'code_file_reference_uid': ['', '83f9e66e-5a0b-f268-40bc-3feb7a5e225e'], 'line_begin': [0, 34], 'metadata_type': ['', ''], 'text_extraction': ['', ''], 'col_begin': [0, 26], 'grounding': ['', ''], 'variable_identifier': ['', ''], 'provenance': ['Provenance { method: Some(""skema_code2fn_program_analysis""), timestamp: Some(""2024-02-01 21:12:10.350624"") }', 'Provenance { method: Some(""skema_code2fn_program_analysis""), timestamp: Some(""2024-02-01 21:12:10.350617"") }'], 'col_end': [0, 29], 'value': ['', ''], 'metadata_idx': 59}>"
"<Node id=7885 labels={'Expression'} properties={'name': 'Expression90', 'order_att': 20, 'value': '', 'order_box': 28}>","<Relationship id=12457 start_node_id=7885 end_node_id=7959 nodes=(7885, 7959) type=Metadata properties={}>","<Node id=7959 labels={'Metadata'} properties={'gromet_version': [''], 'source_language_version': [''], 'variable_definition': [''], 'files': [''], 'source_language': [''], 'global_reference_id': [''], 'data_type': [''], 'name': [''], 'line_end': [34], 'code_file_reference_uid': ['83f9e66e-5a0b-f268-40bc-3feb7a5e225e'], 'line_begin': [34], 'metadata_type': [''], 'text_extraction': [''], 'col_begin': [0], 'grounding': [''], 'variable_identifier': [''], 'provenance': ['Provenance { method: Some(""skema_code2fn_program_analysis""), timestamp: Some(""2024-02-01 21:12:10.350679"") }'], 'col_end': [64], 'value': [''], 'metadata_idx': 62}>"
"<Node id=7887 labels={'Literal'} properties={'name': 'Literal', 'order_att': 20, 'value': {'gromet_type': 'LiteralValue', 'value': '2', 'value_type': 'Integer'}, 'order_box': 28}>","<Relationship id=12460 start_node_id=7887 end_node_id=7960 nodes=(7887, 7960) type=Metadata properties={}>","<Node id=7960 labels={'Metadata'} properties={'gromet_version': ['', ''], 'source_language_version': ['3.8', ''], 'variable_definition': ['', ''], 'files': ['', ''], 'source_language': ['Python', ''], 'global_reference_id': ['', ''], 'data_type': [""<class 'int'>"", ''], 'name': ['', ''], 'line_end': [0, 34], 'code_file_reference_uid': ['', '83f9e66e-5a0b-f268-40bc-3feb7a5e225e'], 'line_begin': [0, 34], 'metadata_type': ['', ''], 'text_extraction': ['', ''], 'col_begin': [0, 41], 'grounding': ['', ''], 'variable_identifier': ['', ''], 'provenance': ['Provenance { method: Some(""skema_code2fn_program_analysis""), timestamp: Some(""2024-02-01 21:12:10.350770"") }', 'Provenance { method: Some(""skema_code2fn_program_analysis""), timestamp: Some(""2024-02-01 21:12:10.350760"") }'], 'col_end': [0, 42], 'value': ['', ''], 'metadata_idx': 61}>"
"<Node id=7888 labels={'Expression'} properties={'name': 'Expression95', 'order_att': 21, 'value': '', 'order_box': 29}>","<Relationship id=12461 start_node_id=7888 end_node_id=7961 nodes=(7888, 7961) type=Metadata properties={}>","<Node id=7961 labels={'Metadata'} properties={'gromet_version': [''], 'source_language_version': [''], 'variable_definition': [''], 'files': [''], 'source_language': [''], 'global_reference_id': [''], 'data_type': [''], 'name': [''], 'line_end': [34], 'code_file_reference_uid': ['83f9e66e-5a0b-f268-40bc-3feb7a5e225e'], 'line_begin': [34], 'metadata_type': [''], 'text_extraction': [''], 'col_begin': [0], 'grounding': [''], 'variable_identifier': [''], 'provenance': ['Provenance { method: Some(""skema_code2fn_program_analysis""), timestamp: Some(""2024-02-01 21:12:10.350837"") }'], 'col_end': [64], 'value': [''], 'metadata_idx': 64}>"
"<Node id=7890 labels={'Literal'} properties={'name': 'Literal', 'order_att': 21, 'value': {'gromet_type': 'LiteralValue', 'value': '""Susceptible""', 'value_type': 'List'}, 'order_box': 29}>","<Relationship id=12464 start_node_id=7890 end_node_id=7962 nodes=(7890, 7962) type=Metadata properties={}>","<Node id=7962 labels={'Metadata'} properties={'gromet_version': ['', ''], 'source_language_version': ['3.8', ''], 'variable_definition': ['', ''], 'files': ['', ''], 'source_language': ['Python', ''], 'global_reference_id': ['', ''], 'data_type': [""<class 'str'>"", ''], 'name': ['', ''], 'line_end': [0, 34], 'code_file_reference_uid': ['', '83f9e66e-5a0b-f268-40bc-3feb7a5e225e'], 'line_begin': [0, 34], 'metadata_type': ['', ''], 'text_extraction': ['', ''], 'col_begin': [0, 50], 'grounding': ['', ''], 'variable_identifier': ['', ''], 'provenance': ['Provenance { method: Some(""skema_code2fn_program_analysis""), timestamp: Some(""2024-02-01 21:12:10.350869"") }', 'Provenance { method: Some(""skema_code2fn_program_analysis""), timestamp: Some(""2024-02-01 21:12:10.350859"") }'], 'col_end': [0, 63], 'value': ['', ''], 'metadata_idx': 63}>"
"<Node id=7891 labels={'Primitive'} properties={'name': 'module.plot_1', 'order_att': 0, 'value': '', 'order_box': 30}>","<Relationship id=12359 start_node_id=7891 end_node_id=7963 nodes=(7891, 7963) type=Metadata properties={}>","<Node id=7963 labels={'Metadata'} properties={'gromet_version': [''], 'source_language_version': [''], 'variable_definition': [''], 'files': [''], 'source_language': [''], 'global_reference_id': [''], 'data_type': [''], 'name': [''], 'line_end': [35], 'code_file_reference_uid': ['83f9e66e-5a0b-f268-40bc-3feb7a5e225e'], 'line_begin': [35], 'metadata_type': [''], 'text_extraction': [''], 'col_begin': [0], 'grounding': [''], 'variable_identifier': [''], 'provenance': ['Provenance { method: Some(""skema_code2fn_program_analysis""), timestamp: Some(""2024-02-01 21:12:10.350931"") }'], 'col_end': [61], 'value': [''], 'metadata_idx': 65}>"
"<Node id=7892 labels={'Literal'} properties={'name': 'Literal', 'order_att': 0, 'value': {'gromet_type': 'LiteralValue', 'value': '""r""', 'value_type': 'List'}, 'order_box': 31}>","<Relationship id=12360 start_node_id=7892 end_node_id=7964 nodes=(7892, 7964) type=Metadata properties={}>","<Node id=7964 labels={'Metadata'} properties={'gromet_version': ['', ''], 'source_language_version': ['3.8', ''], 'variable_definition': ['', ''], 'files': ['', ''], 'source_language': ['Python', ''], 'global_reference_id': ['', ''], 'data_type': [""<class 'str'>"", ''], 'name': ['', ''], 'line_end': [0, 35], 'code_file_reference_uid': ['', '83f9e66e-5a0b-f268-40bc-3feb7a5e225e'], 'line_begin': [0, 35], 'metadata_type': ['', ''], 'text_extraction': ['', ''], 'col_begin': [0, 15], 'grounding': ['', ''], 'variable_identifier': ['', ''], 'provenance': ['Provenance { method: Some(""skema_code2fn_program_analysis""), timestamp: Some(""2024-02-01 21:12:10.351043"") }', 'Provenance { method: Some(""skema_code2fn_program_analysis""), timestamp: Some(""2024-02-01 21:12:10.351033"") }'], 'col_end': [0, 18], 'value': ['', ''], 'metadata_idx': 66}>"
"<Node id=7893 labels={'Expression'} properties={'name': 'Expression104', 'order_att': 23, 'value': '', 'order_box': 32}>","<Relationship id=12361 start_node_id=7893 end_node_id=7965 nodes=(7893, 7965) type=Metadata properties={}>","<Node id=7965 labels={'Metadata'} properties={'gromet_version': [''], 'source_language_version': [''], 'variable_definition': [''], 'files': [''], 'source_language': [''], 'global_reference_id': [''], 'data_type': [''], 'name': [''], 'line_end': [35], 'code_file_reference_uid': ['83f9e66e-5a0b-f268-40bc-3feb7a5e225e'], 'line_begin': [35], 'metadata_type': [''], 'text_extraction': [''], 'col_begin': [0], 'grounding': [''], 'variable_identifier': [''], 'provenance': ['Provenance { method: Some(""skema_code2fn_program_analysis""), timestamp: Some(""2024-02-01 21:12:10.351084"") }'], 'col_end': [61], 'value': [''], 'metadata_idx': 68}>"
"<Node id=7895 labels={'Literal'} properties={'name': 'Literal', 'order_att': 23, 'value': {'gromet_type': 'LiteralValue', 'value': '0.7', 'value_type': 'AbstractFloat'}, 'order_box': 32}>","<Relationship id=12364 start_node_id=7895 end_node_id=7966 nodes=(7895, 7966) type=Metadata properties={}>","<Node id=7966 labels={'Metadata'} properties={'gromet_version': ['', ''], 'source_language_version': ['3.8', ''], 'variable_definition': ['', ''], 'files': ['', ''], 'source_language': ['Python', ''], 'global_reference_id': ['', ''], 'data_type': [""<class 'float'>"", ''], 'name': ['', ''], 'line_end': [0, 35], 'code_file_reference_uid': ['', '83f9e66e-5a0b-f268-40bc-3feb7a5e225e'], 'line_begin': [0, 35], 'metadata_type': ['', ''], 'text_extraction': ['', ''], 'col_begin': [0, 26], 'grounding': ['', ''], 'variable_identifier': ['', ''], 'provenance': ['Provenance { method: Some(""skema_code2fn_program_analysis""), timestamp: Some(""2024-02-01 21:12:10.351112"") }', 'Provenance { method: Some(""skema_code2fn_program_analysis""), timestamp: Some(""2024-02-01 21:12:10.351105"") }'], 'col_end': [0, 29], 'value': ['', ''], 'metadata_idx': 67}>"
"<Node id=7896 labels={'Expression'} properties={'name': 'Expression109', 'order_att': 24, 'value': '', 'order_box': 33}>","<Relationship id=12365 start_node_id=7896 end_node_id=7967 nodes=(7896, 7967) type=Metadata properties={}>","<Node id=7967 labels={'Metadata'} properties={'gromet_version': [''], 'source_language_version': [''], 'variable_definition': [''], 'files': [''], 'source_language': [''], 'global_reference_id': [''], 'data_type': [''], 'name': [''], 'line_end': [35], 'code_file_reference_uid': ['83f9e66e-5a0b-f268-40bc-3feb7a5e225e'], 'line_begin': [35], 'metadata_type': [''], 'text_extraction': [''], 'col_begin': [0], 'grounding': [''], 'variable_identifier': [''], 'provenance': ['Provenance { method: Some(""skema_code2fn_program_analysis""), timestamp: Some(""2024-02-01 21:12:10.351168"") }'], 'col_end': [61], 'value': [''], 'metadata_idx': 70}>"
"<Node id=7898 labels={'Literal'} properties={'name': 'Literal', 'order_att': 24, 'value': {'gromet_type': 'LiteralValue', 'value': '2', 'value_type': 'Integer'}, 'order_box': 33}>","<Relationship id=12368 start_node_id=7898 end_node_id=7968 nodes=(7898, 7968) type=Metadata properties={}>","<Node id=7968 labels={'Metadata'} properties={'gromet_version': ['', ''], 'source_language_version': ['3.8', ''], 'variable_definition': ['', ''], 'files': ['', ''], 'source_language': ['Python', ''], 'global_reference_id': ['', ''], 'data_type': [""<class 'int'>"", ''], 'name': ['', ''], 'line_end': [0, 35], 'code_file_reference_uid': ['', '83f9e66e-5a0b-f268-40bc-3feb7a5e225e'], 'line_begin': [0, 35], 'metadata_type': ['', ''], 'text_extraction': ['', ''], 'col_begin': [0, 41], 'grounding': ['', ''], 'variable_identifier': ['', ''], 'provenance': ['Provenance { method: Some(""skema_code2fn_program_analysis""), timestamp: Some(""2024-02-01 21:12:10.351194"") }', 'Provenance { method: Some(""skema_code2fn_program_analysis""), timestamp: Some(""2024-02-01 21:12:10.351187"") }'], 'col_end': [0, 42], 'value': ['', ''], 'metadata_idx': 69}>"
"<Node id=7899 labels={'Expression'} properties={'name': 'Expression114', 'order_att': 25, 'value': '', 'order_box': 34}>","<Relationship id=12369 start_node_id=7899 end_node_id=7969 nodes=(7899, 7969) type=Metadata properties={}>","<Node id=7969 labels={'Metadata'} properties={'gromet_version': [''], 'source_language_version': [''], 'variable_definition': [''], 'files': [''], 'source_language': [''], 'global_reference_id': [''], 'data_type': [''], 'name': [''], 'line_end': [35], 'code_file_reference_uid': ['83f9e66e-5a0b-f268-40bc-3feb7a5e225e'], 'line_begin': [35], 'metadata_type': [''], 'text_extraction': [''], 'col_begin': [0], 'grounding': [''], 'variable_identifier': [''], 'provenance': ['Provenance { method: Some(""skema_code2fn_program_analysis""), timestamp: Some(""2024-02-01 21:12:10.351250"") }'], 'col_end': [61], 'value': [''], 'metadata_idx': 72}>"
"<Node id=7901 labels={'Literal'} properties={'name': 'Literal', 'order_att': 25, 'value': {'gromet_type': 'LiteralValue', 'value': '""Infected""', 'value_type': 'List'}, 'order_box': 34}>","<Relationship id=12372 start_node_id=7901 end_node_id=7970 nodes=(7901, 7970) type=Metadata properties={}>","<Node id=7970 labels={'Metadata'} properties={'gromet_version': ['', ''], 'source_language_version': ['3.8', ''], 'variable_definition': ['', ''], 'files': ['', ''], 'source_language': ['Python', ''], 'global_reference_id': ['', ''], 'data_type': [""<class 'str'>"", ''], 'name': ['', ''], 'line_end': [0, 35], 'code_file_reference_uid': ['', '83f9e66e-5a0b-f268-40bc-3feb7a5e225e'], 'line_begin': [0, 35], 'metadata_type': ['', ''], 'text_extraction': ['', ''], 'col_begin': [0, 50], 'grounding': ['', ''], 'variable_identifier': ['', ''], 'provenance': ['Provenance { method: Some(""skema_code2fn_program_analysis""), timestamp: Some(""2024-02-01 21:12:10.351278"") }', 'Provenance { method: Some(""skema_code2fn_program_analysis""), timestamp: Some(""2024-02-01 21:12:10.351269"") }'], 'col_end': [0, 60], 'value': ['', ''], 'metadata_idx': 71}>"
"<Node id=7902 labels={'Primitive'} properties={'name': 'module.plot_2', 'order_att': 0, 'value': '', 'order_box': 35}>","<Relationship id=12373 start_node_id=7902 end_node_id=7971 nodes=(7902, 7971) type=Metadata properties={}>","<Node id=7971 labels={'Metadata'} properties={'gromet_version': [''], 'source_language_version': [''], 'variable_definition': [''], 'files': [''], 'source_language': [''], 'global_reference_id': [''], 'data_type': [''], 'name': [''], 'line_end': [36], 'code_file_reference_uid': ['83f9e66e-5a0b-f268-40bc-3feb7a5e225e'], 'line_begin': [36], 'metadata_type': [''], 'text_extraction': [''], 'col_begin': [0], 'grounding': [''], 'variable_identifier': [''], 'provenance': ['Provenance { method: Some(""skema_code2fn_program_analysis""), timestamp: Some(""2024-02-01 21:12:10.351334"") }'], 'col_end': [62], 'value': [''], 'metadata_idx': 73}>"
"<Node id=7903 labels={'Literal'} properties={'name': 'Literal', 'order_att': 0, 'value': {'gromet_type': 'LiteralValue', 'value': '""g""', 'value_type': 'List'}, 'order_box': 36}>","<Relationship id=12376 start_node_id=7903 end_node_id=7972 nodes=(7903, 7972) type=Metadata properties={}>","<Node id=7972 labels={'Metadata'} properties={'gromet_version': ['', ''], 'source_language_version': ['3.8', ''], 'variable_definition': ['', ''], 'files': ['', ''], 'source_language': ['Python', ''], 'global_reference_id': ['', ''], 'data_type': [""<class 'str'>"", ''], 'name': ['', ''], 'line_end': [0, 36], 'code_file_reference_uid': ['', '83f9e66e-5a0b-f268-40bc-3feb7a5e225e'], 'line_begin': [0, 36], 'metadata_type': ['', ''], 'text_extraction': ['', ''], 'col_begin': [0, 15], 'grounding': ['', ''], 'variable_identifier': ['', ''], 'provenance': ['Provenance { method: Some(""skema_code2fn_program_analysis""), timestamp: Some(""2024-02-01 21:12:10.351438"") }', 'Provenance { method: Some(""skema_code2fn_program_analysis""), timestamp: Some(""2024-02-01 21:12:10.351430"") }'], 'col_end': [0, 18], 'value': ['', ''], 'metadata_idx': 74}>"
"<Node id=7904 labels={'Expression'} properties={'name': 'Expression123', 'order_att': 27, 'value': '', 'order_box': 37}>","<Relationship id=12377 start_node_id=7904 end_node_id=7973 nodes=(7904, 7973) type=Metadata properties={}>","<Node id=7973 labels={'Metadata'} properties={'gromet_version': [''], 'source_language_version': [''], 'variable_definition': [''], 'files': [''], 'source_language': [''], 'global_reference_id': [''], 'data_type': [''], 'name': [''], 'line_end': [36], 'code_file_reference_uid': ['83f9e66e-5a0b-f268-40bc-3feb7a5e225e'], 'line_begin': [36], 'metadata_type': [''], 'text_extraction': [''], 'col_begin': [0], 'grounding': [''], 'variable_identifier': [''], 'provenance': ['Provenance { method: Some(""skema_code2fn_program_analysis""), timestamp: Some(""2024-02-01 21:12:10.351475"") }'], 'col_end': [62], 'value': [''], 'metadata_idx': 76}>"
"<Node id=7906 labels={'Literal'} properties={'name': 'Literal', 'order_att': 27, 'value': {'gromet_type': 'LiteralValue', 'value': '0.7', 'value_type': 'AbstractFloat'}, 'order_box': 37}>","<Relationship id=12380 start_node_id=7906 end_node_id=7974 nodes=(7906, 7974) type=Metadata properties={}>","<Node id=7974 labels={'Metadata'} properties={'gromet_version': ['', ''], 'source_language_version': ['3.8', ''], 'variable_definition': ['', ''], 'files': ['', ''], 'source_language': ['Python', ''], 'global_reference_id': ['', ''], 'data_type': [""<class 'float'>"", ''], 'name': ['', ''], 'line_end': [0, 36], 'code_file_reference_uid': ['', '83f9e66e-5a0b-f268-40bc-3feb7a5e225e'], 'line_begin': [0, 36], 'metadata_type': ['', ''], 'text_extraction': ['', ''], 'col_begin': [0, 26], 'grounding': ['', ''], 'variable_identifier': ['', ''], 'provenance': ['Provenance { method: Some(""skema_code2fn_program_analysis""), timestamp: Some(""2024-02-01 21:12:10.351503"") }', 'Provenance { method: Some(""skema_code2fn_program_analysis""), timestamp: Some(""2024-02-01 21:12:10.351496"") }'], 'col_end': [0, 29], 'value': ['', ''], 'metadata_idx': 75}>"
"<Node id=7907 labels={'Expression'} properties={'name': 'Expression128', 'order_att': 28, 'value': '', 'order_box': 38}>","<Relationship id=12381 start_node_id=7907 end_node_id=7975 nodes=(7907, 7975) type=Metadata properties={}>","<Node id=7975 labels={'Metadata'} properties={'gromet_version': [''], 'source_language_version': [''], 'variable_definition': [''], 'files': [''], 'source_language': [''], 'global_reference_id': [''], 'data_type': [''], 'name': [''], 'line_end': [36], 'code_file_reference_uid': ['83f9e66e-5a0b-f268-40bc-3feb7a5e225e'], 'line_begin': [36], 'metadata_type': [''], 'text_extraction': [''], 'col_begin': [0], 'grounding': [''], 'variable_identifier': [''], 'provenance': ['Provenance { method: Some(""skema_code2fn_program_analysis""), timestamp: Some(""2024-02-01 21:12:10.351564"") }'], 'col_end': [62], 'value': [''], 'metadata_idx': 78}>"
"<Node id=7909 labels={'Literal'} properties={'name': 'Literal', 'order_att': 28, 'value': {'gromet_type': 'LiteralValue', 'value': '2', 'value_type': 'Integer'}, 'order_box': 38}>","<Relationship id=12385 start_node_id=7909 end_node_id=7976 nodes=(7909, 7976) type=Metadata properties={}>","<Node id=7976 labels={'Metadata'} properties={'gromet_version': ['', ''], 'source_language_version': ['3.8', ''], 'variable_definition': ['', ''], 'files': ['', ''], 'source_language': ['Python', ''], 'global_reference_id': ['', ''], 'data_type': [""<class 'int'>"", ''], 'name': ['', ''], 'line_end': [0, 36], 'code_file_reference_uid': ['', '83f9e66e-5a0b-f268-40bc-3feb7a5e225e'], 'line_begin': [0, 36], 'metadata_type': ['', ''], 'text_extraction': ['', ''], 'col_begin': [0, 41], 'grounding': ['', ''], 'variable_identifier': ['', ''], 'provenance': ['Provenance { method: Some(""skema_code2fn_program_analysis""), timestamp: Some(""2024-02-01 21:12:10.351596"") }', 'Provenance { method: Some(""skema_code2fn_program_analysis""), timestamp: Some(""2024-02-01 21:12:10.351587"") }'], 'col_end': [0, 42], 'value': ['', ''], 'metadata_idx': 77}>"
"<Node id=7910 labels={'Expression'} properties={'name': 'Expression133', 'order_att': 29, 'value': '', 'order_box': 39}>","<Relationship id=12386 start_node_id=7910 end_node_id=7977 nodes=(7910, 7977) type=Metadata properties={}>","<Node id=7977 labels={'Metadata'} properties={'gromet_version': [''], 'source_language_version': [''], 'variable_definition': [''], 'files': [''], 'source_language': [''], 'global_reference_id': [''], 'data_type': [''], 'name': [''], 'line_end': [36], 'code_file_reference_uid': ['83f9e66e-5a0b-f268-40bc-3feb7a5e225e'], 'line_begin': [36], 'metadata_type': [''], 'text_extraction': [''], 'col_begin': [0], 'grounding': [''], 'variable_identifier': [''], 'provenance': ['Provenance { method: Some(""skema_code2fn_program_analysis""), timestamp: Some(""2024-02-01 21:12:10.351659"") }'], 'col_end': [62], 'value': [''], 'metadata_idx': 80}>"
"<Node id=7912 labels={'Literal'} properties={'name': 'Literal', 'order_att': 29, 'value': {'gromet_type': 'LiteralValue', 'value': '""Recovered""', 'value_type': 'List'}, 'order_box': 39}>","<Relationship id=12389 start_node_id=7912 end_node_id=7978 nodes=(7912, 7978) type=Metadata properties={}>","<Node id=7978 labels={'Metadata'} properties={'gromet_version': ['', ''], 'source_language_version': ['3.8', ''], 'variable_definition': ['', ''], 'files': ['', ''], 'source_language': ['Python', ''], 'global_reference_id': ['', ''], 'data_type': [""<class 'str'>"", ''], 'name': ['', ''], 'line_end': [0, 36], 'code_file_reference_uid': ['', '83f9e66e-5a0b-f268-40bc-3feb7a5e225e'], 'line_begin': [0, 36], 'metadata_type': ['', ''], 'text_extraction': ['', ''], 'col_begin': [0, 50], 'grounding': ['', ''], 'variable_identifier': ['', ''], 'provenance': ['Provenance { method: Some(""skema_code2fn_program_analysis""), timestamp: Some(""2024-02-01 21:12:10.351695"") }', 'Provenance { method: Some(""skema_code2fn_program_analysis""), timestamp: Some(""2024-02-01 21:12:10.351685"") }'], 'col_end': [0, 61], 'value': ['', ''], 'metadata_idx': 79}>"
"<Node id=7914 labels={'Primitive'} properties={'name': 'module.xlabel_0', 'order_att': 0, 'value': '', 'order_box': 41}>","<Relationship id=12391 start_node_id=7914 end_node_id=7979 nodes=(7914, 7979) type=Metadata properties={}>","<Node id=7979 labels={'Metadata'} properties={'gromet_version': [''], 'source_language_version': [''], 'variable_definition': [''], 'files': [''], 'source_language': [''], 'global_reference_id': [''], 'data_type': [''], 'name': [''], 'line_end': [37], 'code_file_reference_uid': ['83f9e66e-5a0b-f268-40bc-3feb7a5e225e'], 'line_begin': [37], 'metadata_type': [''], 'text_extraction': [''], 'col_begin': [0], 'grounding': [''], 'variable_identifier': [''], 'provenance': ['Provenance { method: Some(""skema_code2fn_program_analysis""), timestamp: Some(""2024-02-01 21:12:10.351775"") }'], 'col_end': [25], 'value': [''], 'metadata_idx': 81}>"
"<Node id=7915 labels={'Literal'} properties={'name': 'Literal', 'order_att': 0, 'value': {'gromet_type': 'LiteralValue', 'value': '""Time (days)""', 'value_type': 'List'}, 'order_box': 42}>","<Relationship id=12392 start_node_id=7915 end_node_id=7980 nodes=(7915, 7980) type=Metadata properties={}>","<Node id=7980 labels={'Metadata'} properties={'gromet_version': ['', ''], 'source_language_version': ['3.8', ''], 'variable_definition': ['', ''], 'files': ['', ''], 'source_language': ['Python', ''], 'global_reference_id': ['', ''], 'data_type': [""<class 'str'>"", ''], 'name': ['', ''], 'line_end': [0, 37], 'code_file_reference_uid': ['', '83f9e66e-5a0b-f268-40bc-3feb7a5e225e'], 'line_begin': [0, 37], 'metadata_type': ['', ''], 'text_extraction': ['', ''], 'col_begin': [0, 11], 'grounding': ['', ''], 'variable_identifier': ['', ''], 'provenance': ['Provenance { method: Some(""skema_code2fn_program_analysis""), timestamp: Some(""2024-02-01 21:12:10.351886"") }', 'Provenance { method: Some(""skema_code2fn_program_analysis""), timestamp: Some(""2024-02-01 21:12:10.351878"") }'], 'col_end': [0, 24], 'value': ['', ''], 'metadata_idx': 82}>"
"<Node id=7917 labels={'Primitive'} properties={'name': 'module.ylabel_0', 'order_att': 0, 'value': '', 'order_box': 44}>","<Relationship id=12393 start_node_id=7917 end_node_id=7981 nodes=(7917, 7981) type=Metadata properties={}>","<Node id=7981 labels={'Metadata'} properties={'gromet_version': [''], 'source_language_version': [''], 'variable_definition': [''], 'files': [''], 'source_language': [''], 'global_reference_id': [''], 'data_type': [''], 'name': [''], 'line_end': [38], 'code_file_reference_uid': ['83f9e66e-5a0b-f268-40bc-3feb7a5e225e'], 'line_begin': [38], 'metadata_type': [''], 'text_extraction': [''], 'col_begin': [0], 'grounding': [''], 'variable_identifier': [''], 'provenance': ['Provenance { method: Some(""skema_code2fn_program_analysis""), timestamp: Some(""2024-02-01 21:12:10.351937"") }'], 'col_end': [35], 'value': [''], 'metadata_idx': 83}>"
"<Node id=7918 labels={'Literal'} properties={'name': 'Literal', 'order_att': 0, 'value': {'gromet_type': 'LiteralValue', 'value': '""Number of individuals""', 'value_type': 'List'}, 'order_box': 45}>","<Relationship id=12394 start_node_id=7918 end_node_id=7982 nodes=(7918, 7982) type=Metadata properties={}>","<Node id=7982 labels={'Metadata'} properties={'gromet_version': ['', ''], 'source_language_version': ['3.8', ''], 'variable_definition': ['', ''], 'files': ['', ''], 'source_language': ['Python', ''], 'global_reference_id': ['', ''], 'data_type': [""<class 'str'>"", ''], 'name': ['', ''], 'line_end': [0, 38], 'code_file_reference_uid': ['', '83f9e66e-5a0b-f268-40bc-3feb7a5e225e'], 'line_begin': [0, 38], 'metadata_type': ['', ''], 'text_extraction': ['', ''], 'col_begin': [0, 11], 'grounding': ['', ''], 'variable_identifier': ['', ''], 'provenance': ['Provenance { method: Some(""skema_code2fn_program_analysis""), timestamp: Some(""2024-02-01 21:12:10.352048"") }', 'Provenance { method: Some(""skema_code2fn_program_analysis""), timestamp: Some(""2024-02-01 21:12:10.352037"") }'], 'col_end': [0, 34], 'value': ['', ''], 'metadata_idx': 84}>"
"<Node id=7920 labels={'Primitive'} properties={'name': 'module.title_0', 'order_att': 0, 'value': '', 'order_box': 47}>","<Relationship id=12395 start_node_id=7920 end_node_id=7983 nodes=(7920, 7983) type=Metadata properties={}>","<Node id=7983 labels={'Metadata'} properties={'gromet_version': [''], 'source_language_version': [''], 'variable_definition': [''], 'files': [''], 'source_language': [''], 'global_reference_id': [''], 'data_type': [''], 'name': [''], 'line_end': [39], 'code_file_reference_uid': ['83f9e66e-5a0b-f268-40bc-3feb7a5e225e'], 'line_begin': [39], 'metadata_type': [''], 'text_extraction': [''], 'col_begin': [0], 'grounding': [''], 'variable_identifier': [''], 'provenance': ['Provenance { method: Some(""skema_code2fn_program_analysis""), timestamp: Some(""2024-02-01 21:12:10.352120"") }'], 'col_end': [22], 'value': [''], 'metadata_idx': 85}>"
"<Node id=7921 labels={'Literal'} properties={'name': 'Literal', 'order_att': 0, 'value': {'gromet_type': 'LiteralValue', 'value': '""SIR Model""', 'value_type': 'List'}, 'order_box': 48}>","<Relationship id=12396 start_node_id=7921 end_node_id=7984 nodes=(7921, 7984) type=Metadata properties={}>","<Node id=7984 labels={'Metadata'} properties={'gromet_version': ['', ''], 'source_language_version': ['3.8', ''], 'variable_definition': ['', ''], 'files': ['', ''], 'source_language': ['Python', ''], 'global_reference_id': ['', ''], 'data_type': [""<class 'str'>"", ''], 'name': ['', ''], 'line_end': [0, 39], 'code_file_reference_uid': ['', '83f9e66e-5a0b-f268-40bc-3feb7a5e225e'], 'line_begin': [0, 39], 'metadata_type': ['', ''], 'text_extraction': ['', ''], 'col_begin': [0, 10], 'grounding': ['', ''], 'variable_identifier': ['', ''], 'provenance': ['Provenance { method: Some(""skema_code2fn_program_analysis""), timestamp: Some(""2024-02-01 21:12:10.352222"") }', 'Provenance { method: Some(""skema_code2fn_program_analysis""), timestamp: Some(""2024-02-01 21:12:10.352214"") }'], 'col_end': [0, 21], 'value': ['', ''], 'metadata_idx': 86}>"
"<Node id=7923 labels={'Primitive'} properties={'name': 'module.legend_0', 'order_att': 0, 'value': '', 'order_box': 50}>","<Relationship id=12397 start_node_id=7923 end_node_id=7985 nodes=(7923, 7985) type=Metadata properties={}>","<Node id=7985 labels={'Metadata'} properties={'gromet_version': [''], 'source_language_version': [''], 'variable_definition': [''], 'files': [''], 'source_language': [''], 'global_reference_id': [''], 'data_type': [''], 'name': [''], 'line_end': [40], 'code_file_reference_uid': ['83f9e66e-5a0b-f268-40bc-3feb7a5e225e'], 'line_begin': [40], 'metadata_type': [''], 'text_extraction': [''], 'col_begin': [0], 'grounding': [''], 'variable_identifier': [''], 'provenance': ['Provenance { method: Some(""skema_code2fn_program_analysis""), timestamp: Some(""2024-02-01 21:12:10.352275"") }'], 'col_end': [12], 'value': [''], 'metadata_idx': 87}>"
"<Node id=7925 labels={'Primitive'} properties={'name': 'module.grid_0', 'order_att': 0, 'value': '', 'order_box': 52}>","<Relationship id=12398 start_node_id=7925 end_node_id=7986 nodes=(7925, 7986) type=Metadata properties={}>","<Node id=7986 labels={'Metadata'} properties={'gromet_version': [''], 'source_language_version': [''], 'variable_definition': [''], 'files': [''], 'source_language': [''], 'global_reference_id': [''], 'data_type': [''], 'name': [''], 'line_end': [41], 'code_file_reference_uid': ['83f9e66e-5a0b-f268-40bc-3feb7a5e225e'], 'line_begin': [41], 'metadata_type': [''], 'text_extraction': [''], 'col_begin': [0], 'grounding': [''], 'variable_identifier': [''], 'provenance': ['Provenance { method: Some(""skema_code2fn_program_analysis""), timestamp: Some(""2024-02-01 21:12:10.352369"") }'], 'col_end': [14], 'value': [''], 'metadata_idx': 88}>"
"<Node id=7926 labels={'Literal'} properties={'name': 'Literal', 'order_att': 0, 'value': {'gromet_type': 'LiteralValue', 'value': '""True""', 'value_type': 'Boolean'}, 'order_box': 53}>","<Relationship id=12399 start_node_id=7926 end_node_id=7987 nodes=(7926, 7987) type=Metadata properties={}>","<Node id=7987 labels={'Metadata'} properties={'gromet_version': ['', ''], 'source_language_version': ['3.8', ''], 'variable_definition': ['', ''], 'files': ['', ''], 'source_language': ['Python', ''], 'global_reference_id': ['', ''], 'data_type': [""<class 'bool'>"", ''], 'name': ['', ''], 'line_end': [0, 41], 'code_file_reference_uid': ['', '83f9e66e-5a0b-f268-40bc-3feb7a5e225e'], 'line_begin': [0, 41], 'metadata_type': ['', ''], 'text_extraction': ['', ''], 'col_begin': [0, 9], 'grounding': ['', ''], 'variable_identifier': ['', ''], 'provenance': ['Provenance { method: Some(""skema_code2fn_program_analysis""), timestamp: Some(""2024-02-01 21:12:10.352478"") }', 'Provenance { method: Some(""skema_code2fn_program_analysis""), timestamp: Some(""2024-02-01 21:12:10.352470"") }'], 'col_end': [0, 13], 'value': ['', ''], 'metadata_idx': 89}>"
"<Node id=7928 labels={'Primitive'} properties={'name': 'module.show_0', 'order_att': 0, 'value': '', 'order_box': 55}>","<Relationship id=12400 start_node_id=7928 end_node_id=7988 nodes=(7928, 7988) type=Metadata properties={}>","<Node id=7988 labels={'Metadata'} properties={'gromet_version': [''], 'source_language_version': [''], 'variable_definition': [''], 'files': [''], 'source_language': [''], 'global_reference_id': [''], 'data_type': [''], 'name': [''], 'line_end': [42], 'code_file_reference_uid': ['83f9e66e-5a0b-f268-40bc-3feb7a5e225e'], 'line_begin': [42], 'metadata_type': [''], 'text_extraction': [''], 'col_begin': [0], 'grounding': [''], 'variable_identifier': [''], 'provenance': ['Provenance { method: Some(""skema_code2fn_program_analysis""), timestamp: Some(""2024-02-01 21:12:10.352532"") }'], 'col_end': [10], 'value': [''], 'metadata_idx': 90}>"
